[
{
    "model": "auth.permission",
    "pk": 1,
    "fields": {
        "name": "Can add log entry",
        "content_type": 1,
        "codename": "add_logentry"
    }
},
{
    "model": "auth.permission",
    "pk": 2,
    "fields": {
        "name": "Can change log entry",
        "content_type": 1,
        "codename": "change_logentry"
    }
},
{
    "model": "auth.permission",
    "pk": 3,
    "fields": {
        "name": "Can delete log entry",
        "content_type": 1,
        "codename": "delete_logentry"
    }
},
{
    "model": "auth.permission",
    "pk": 4,
    "fields": {
        "name": "Can view log entry",
        "content_type": 1,
        "codename": "view_logentry"
    }
},
{
    "model": "auth.permission",
    "pk": 5,
    "fields": {
        "name": "Can add permission",
        "content_type": 2,
        "codename": "add_permission"
    }
},
{
    "model": "auth.permission",
    "pk": 6,
    "fields": {
        "name": "Can change permission",
        "content_type": 2,
        "codename": "change_permission"
    }
},
{
    "model": "auth.permission",
    "pk": 7,
    "fields": {
        "name": "Can delete permission",
        "content_type": 2,
        "codename": "delete_permission"
    }
},
{
    "model": "auth.permission",
    "pk": 8,
    "fields": {
        "name": "Can view permission",
        "content_type": 2,
        "codename": "view_permission"
    }
},
{
    "model": "auth.permission",
    "pk": 9,
    "fields": {
        "name": "Can add group",
        "content_type": 3,
        "codename": "add_group"
    }
},
{
    "model": "auth.permission",
    "pk": 10,
    "fields": {
        "name": "Can change group",
        "content_type": 3,
        "codename": "change_group"
    }
},
{
    "model": "auth.permission",
    "pk": 11,
    "fields": {
        "name": "Can delete group",
        "content_type": 3,
        "codename": "delete_group"
    }
},
{
    "model": "auth.permission",
    "pk": 12,
    "fields": {
        "name": "Can view group",
        "content_type": 3,
        "codename": "view_group"
    }
},
{
    "model": "auth.permission",
    "pk": 13,
    "fields": {
        "name": "Can add user",
        "content_type": 4,
        "codename": "add_user"
    }
},
{
    "model": "auth.permission",
    "pk": 14,
    "fields": {
        "name": "Can change user",
        "content_type": 4,
        "codename": "change_user"
    }
},
{
    "model": "auth.permission",
    "pk": 15,
    "fields": {
        "name": "Can delete user",
        "content_type": 4,
        "codename": "delete_user"
    }
},
{
    "model": "auth.permission",
    "pk": 16,
    "fields": {
        "name": "Can view user",
        "content_type": 4,
        "codename": "view_user"
    }
},
{
    "model": "auth.permission",
    "pk": 17,
    "fields": {
        "name": "Can add content type",
        "content_type": 5,
        "codename": "add_contenttype"
    }
},
{
    "model": "auth.permission",
    "pk": 18,
    "fields": {
        "name": "Can change content type",
        "content_type": 5,
        "codename": "change_contenttype"
    }
},
{
    "model": "auth.permission",
    "pk": 19,
    "fields": {
        "name": "Can delete content type",
        "content_type": 5,
        "codename": "delete_contenttype"
    }
},
{
    "model": "auth.permission",
    "pk": 20,
    "fields": {
        "name": "Can view content type",
        "content_type": 5,
        "codename": "view_contenttype"
    }
},
{
    "model": "auth.permission",
    "pk": 21,
    "fields": {
        "name": "Can add session",
        "content_type": 6,
        "codename": "add_session"
    }
},
{
    "model": "auth.permission",
    "pk": 22,
    "fields": {
        "name": "Can change session",
        "content_type": 6,
        "codename": "change_session"
    }
},
{
    "model": "auth.permission",
    "pk": 23,
    "fields": {
        "name": "Can delete session",
        "content_type": 6,
        "codename": "delete_session"
    }
},
{
    "model": "auth.permission",
    "pk": 24,
    "fields": {
        "name": "Can view session",
        "content_type": 6,
        "codename": "view_session"
    }
},
{
    "model": "auth.permission",
    "pk": 25,
    "fields": {
        "name": "Can add equipaje",
        "content_type": 7,
        "codename": "add_equipaje"
    }
},
{
    "model": "auth.permission",
    "pk": 26,
    "fields": {
        "name": "Can change equipaje",
        "content_type": 7,
        "codename": "change_equipaje"
    }
},
{
    "model": "auth.permission",
    "pk": 27,
    "fields": {
        "name": "Can delete equipaje",
        "content_type": 7,
        "codename": "delete_equipaje"
    }
},
{
    "model": "auth.permission",
    "pk": 28,
    "fields": {
        "name": "Can view equipaje",
        "content_type": 7,
        "codename": "view_equipaje"
    }
},
{
    "model": "auth.permission",
    "pk": 29,
    "fields": {
        "name": "Can add aeropuerto",
        "content_type": 8,
        "codename": "add_aeropuerto"
    }
},
{
    "model": "auth.permission",
    "pk": 30,
    "fields": {
        "name": "Can change aeropuerto",
        "content_type": 8,
        "codename": "change_aeropuerto"
    }
},
{
    "model": "auth.permission",
    "pk": 31,
    "fields": {
        "name": "Can delete aeropuerto",
        "content_type": 8,
        "codename": "delete_aeropuerto"
    }
},
{
    "model": "auth.permission",
    "pk": 32,
    "fields": {
        "name": "Can view aeropuerto",
        "content_type": 8,
        "codename": "view_aeropuerto"
    }
},
{
    "model": "auth.permission",
    "pk": 33,
    "fields": {
        "name": "Can add perfil pasajero",
        "content_type": 9,
        "codename": "add_perfilpasajero"
    }
},
{
    "model": "auth.permission",
    "pk": 34,
    "fields": {
        "name": "Can change perfil pasajero",
        "content_type": 9,
        "codename": "change_perfilpasajero"
    }
},
{
    "model": "auth.permission",
    "pk": 35,
    "fields": {
        "name": "Can delete perfil pasajero",
        "content_type": 9,
        "codename": "delete_perfilpasajero"
    }
},
{
    "model": "auth.permission",
    "pk": 36,
    "fields": {
        "name": "Can view perfil pasajero",
        "content_type": 9,
        "codename": "view_perfilpasajero"
    }
},
{
    "model": "auth.permission",
    "pk": 37,
    "fields": {
        "name": "Can add pasajero",
        "content_type": 10,
        "codename": "add_pasajero"
    }
},
{
    "model": "auth.permission",
    "pk": 38,
    "fields": {
        "name": "Can change pasajero",
        "content_type": 10,
        "codename": "change_pasajero"
    }
},
{
    "model": "auth.permission",
    "pk": 39,
    "fields": {
        "name": "Can delete pasajero",
        "content_type": 10,
        "codename": "delete_pasajero"
    }
},
{
    "model": "auth.permission",
    "pk": 40,
    "fields": {
        "name": "Can view pasajero",
        "content_type": 10,
        "codename": "view_pasajero"
    }
},
{
    "model": "auth.permission",
    "pk": 41,
    "fields": {
        "name": "Can add servicio",
        "content_type": 11,
        "codename": "add_servicio"
    }
},
{
    "model": "auth.permission",
    "pk": 42,
    "fields": {
        "name": "Can change servicio",
        "content_type": 11,
        "codename": "change_servicio"
    }
},
{
    "model": "auth.permission",
    "pk": 43,
    "fields": {
        "name": "Can delete servicio",
        "content_type": 11,
        "codename": "delete_servicio"
    }
},
{
    "model": "auth.permission",
    "pk": 44,
    "fields": {
        "name": "Can view servicio",
        "content_type": 11,
        "codename": "view_servicio"
    }
},
{
    "model": "auth.permission",
    "pk": 45,
    "fields": {
        "name": "Can add estadisticas vuelo",
        "content_type": 12,
        "codename": "add_estadisticasvuelo"
    }
},
{
    "model": "auth.permission",
    "pk": 46,
    "fields": {
        "name": "Can change estadisticas vuelo",
        "content_type": 12,
        "codename": "change_estadisticasvuelo"
    }
},
{
    "model": "auth.permission",
    "pk": 47,
    "fields": {
        "name": "Can delete estadisticas vuelo",
        "content_type": 12,
        "codename": "delete_estadisticasvuelo"
    }
},
{
    "model": "auth.permission",
    "pk": 48,
    "fields": {
        "name": "Can view estadisticas vuelo",
        "content_type": 12,
        "codename": "view_estadisticasvuelo"
    }
},
{
    "model": "auth.permission",
    "pk": 49,
    "fields": {
        "name": "Can add empleado",
        "content_type": 13,
        "codename": "add_empleado"
    }
},
{
    "model": "auth.permission",
    "pk": 50,
    "fields": {
        "name": "Can change empleado",
        "content_type": 13,
        "codename": "change_empleado"
    }
},
{
    "model": "auth.permission",
    "pk": 51,
    "fields": {
        "name": "Can delete empleado",
        "content_type": 13,
        "codename": "delete_empleado"
    }
},
{
    "model": "auth.permission",
    "pk": 52,
    "fields": {
        "name": "Can view empleado",
        "content_type": 13,
        "codename": "view_empleado"
    }
},
{
    "model": "auth.permission",
    "pk": 53,
    "fields": {
        "name": "Can add contacto aeropuerto",
        "content_type": 14,
        "codename": "add_contactoaeropuerto"
    }
},
{
    "model": "auth.permission",
    "pk": 54,
    "fields": {
        "name": "Can change contacto aeropuerto",
        "content_type": 14,
        "codename": "change_contactoaeropuerto"
    }
},
{
    "model": "auth.permission",
    "pk": 55,
    "fields": {
        "name": "Can delete contacto aeropuerto",
        "content_type": 14,
        "codename": "delete_contactoaeropuerto"
    }
},
{
    "model": "auth.permission",
    "pk": 56,
    "fields": {
        "name": "Can view contacto aeropuerto",
        "content_type": 14,
        "codename": "view_contactoaeropuerto"
    }
},
{
    "model": "auth.permission",
    "pk": 57,
    "fields": {
        "name": "Can add aerolinea",
        "content_type": 15,
        "codename": "add_aerolinea"
    }
},
{
    "model": "auth.permission",
    "pk": 58,
    "fields": {
        "name": "Can change aerolinea",
        "content_type": 15,
        "codename": "change_aerolinea"
    }
},
{
    "model": "auth.permission",
    "pk": 59,
    "fields": {
        "name": "Can delete aerolinea",
        "content_type": 15,
        "codename": "delete_aerolinea"
    }
},
{
    "model": "auth.permission",
    "pk": 60,
    "fields": {
        "name": "Can view aerolinea",
        "content_type": 15,
        "codename": "view_aerolinea"
    }
},
{
    "model": "auth.permission",
    "pk": 61,
    "fields": {
        "name": "Can add asiento",
        "content_type": 16,
        "codename": "add_asiento"
    }
},
{
    "model": "auth.permission",
    "pk": 62,
    "fields": {
        "name": "Can change asiento",
        "content_type": 16,
        "codename": "change_asiento"
    }
},
{
    "model": "auth.permission",
    "pk": 63,
    "fields": {
        "name": "Can delete asiento",
        "content_type": 16,
        "codename": "delete_asiento"
    }
},
{
    "model": "auth.permission",
    "pk": 64,
    "fields": {
        "name": "Can view asiento",
        "content_type": 16,
        "codename": "view_asiento"
    }
},
{
    "model": "auth.permission",
    "pk": 65,
    "fields": {
        "name": "Can add reserva",
        "content_type": 17,
        "codename": "add_reserva"
    }
},
{
    "model": "auth.permission",
    "pk": 66,
    "fields": {
        "name": "Can change reserva",
        "content_type": 17,
        "codename": "change_reserva"
    }
},
{
    "model": "auth.permission",
    "pk": 67,
    "fields": {
        "name": "Can delete reserva",
        "content_type": 17,
        "codename": "delete_reserva"
    }
},
{
    "model": "auth.permission",
    "pk": 68,
    "fields": {
        "name": "Can view reserva",
        "content_type": 17,
        "codename": "view_reserva"
    }
},
{
    "model": "auth.permission",
    "pk": 69,
    "fields": {
        "name": "Can add vuelo",
        "content_type": 18,
        "codename": "add_vuelo"
    }
},
{
    "model": "auth.permission",
    "pk": 70,
    "fields": {
        "name": "Can change vuelo",
        "content_type": 18,
        "codename": "change_vuelo"
    }
},
{
    "model": "auth.permission",
    "pk": 71,
    "fields": {
        "name": "Can delete vuelo",
        "content_type": 18,
        "codename": "delete_vuelo"
    }
},
{
    "model": "auth.permission",
    "pk": 72,
    "fields": {
        "name": "Can view vuelo",
        "content_type": 18,
        "codename": "view_vuelo"
    }
},
{
    "model": "auth.permission",
    "pk": 73,
    "fields": {
        "name": "Can add vuelo aerolinea",
        "content_type": 19,
        "codename": "add_vueloaerolinea"
    }
},
{
    "model": "auth.permission",
    "pk": 74,
    "fields": {
        "name": "Can change vuelo aerolinea",
        "content_type": 19,
        "codename": "change_vueloaerolinea"
    }
},
{
    "model": "auth.permission",
    "pk": 75,
    "fields": {
        "name": "Can delete vuelo aerolinea",
        "content_type": 19,
        "codename": "delete_vueloaerolinea"
    }
},
{
    "model": "auth.permission",
    "pk": 76,
    "fields": {
        "name": "Can view vuelo aerolinea",
        "content_type": 19,
        "codename": "view_vueloaerolinea"
    }
},
{
    "model": "contenttypes.contenttype",
    "pk": 1,
    "fields": {
        "app_label": "admin",
        "model": "logentry"
    }
},
{
    "model": "contenttypes.contenttype",
    "pk": 2,
    "fields": {
        "app_label": "auth",
        "model": "permission"
    }
},
{
    "model": "contenttypes.contenttype",
    "pk": 3,
    "fields": {
        "app_label": "auth",
        "model": "group"
    }
},
{
    "model": "contenttypes.contenttype",
    "pk": 4,
    "fields": {
        "app_label": "auth",
        "model": "user"
    }
},
{
    "model": "contenttypes.contenttype",
    "pk": 5,
    "fields": {
        "app_label": "contenttypes",
        "model": "contenttype"
    }
},
{
    "model": "contenttypes.contenttype",
    "pk": 6,
    "fields": {
        "app_label": "sessions",
        "model": "session"
    }
},
{
    "model": "contenttypes.contenttype",
    "pk": 7,
    "fields": {
        "app_label": "apaeropuerto",
        "model": "equipaje"
    }
},
{
    "model": "contenttypes.contenttype",
    "pk": 8,
    "fields": {
        "app_label": "apaeropuerto",
        "model": "aeropuerto"
    }
},
{
    "model": "contenttypes.contenttype",
    "pk": 9,
    "fields": {
        "app_label": "apaeropuerto",
        "model": "perfilpasajero"
    }
},
{
    "model": "contenttypes.contenttype",
    "pk": 10,
    "fields": {
        "app_label": "apaeropuerto",
        "model": "pasajero"
    }
},
{
    "model": "contenttypes.contenttype",
    "pk": 11,
    "fields": {
        "app_label": "apaeropuerto",
        "model": "servicio"
    }
},
{
    "model": "contenttypes.contenttype",
    "pk": 12,
    "fields": {
        "app_label": "apaeropuerto",
        "model": "estadisticasvuelo"
    }
},
{
    "model": "contenttypes.contenttype",
    "pk": 13,
    "fields": {
        "app_label": "apaeropuerto",
        "model": "empleado"
    }
},
{
    "model": "contenttypes.contenttype",
    "pk": 14,
    "fields": {
        "app_label": "apaeropuerto",
        "model": "contactoaeropuerto"
    }
},
{
    "model": "contenttypes.contenttype",
    "pk": 15,
    "fields": {
        "app_label": "apaeropuerto",
        "model": "aerolinea"
    }
},
{
    "model": "contenttypes.contenttype",
    "pk": 16,
    "fields": {
        "app_label": "apaeropuerto",
        "model": "asiento"
    }
},
{
    "model": "contenttypes.contenttype",
    "pk": 17,
    "fields": {
        "app_label": "apaeropuerto",
        "model": "reserva"
    }
},
{
    "model": "contenttypes.contenttype",
    "pk": 18,
    "fields": {
        "app_label": "apaeropuerto",
        "model": "vuelo"
    }
},
{
    "model": "contenttypes.contenttype",
    "pk": 19,
    "fields": {
        "app_label": "apaeropuerto",
        "model": "vueloaerolinea"
    }
},
{
    "model": "apaeropuerto.aeropuerto",
    "pk": 1,
    "fields": {
        "nombre": "Open race onto plant detail campaign. Bill our food. Easy large goal peace.",
        "ciudades": "ES",
        "pais": "ES",
        "capacidad_maxima": 150
    }
},
{
    "model": "apaeropuerto.aeropuerto",
    "pk": 2,
    "fields": {
        "nombre": "Tree outside produce teach gas record use. Sense meeting allow board.",
        "ciudades": "ES",
        "pais": "ES",
        "capacidad_maxima": 150
    }
},
{
    "model": "apaeropuerto.aeropuerto",
    "pk": 3,
    "fields": {
        "nombre": "Another agree good medical attention.\nNo bit quite ready Republican against suddenly.",
        "ciudades": "ES",
        "pais": "ES",
        "capacidad_maxima": 150
    }
},
{
    "model": "apaeropuerto.aeropuerto",
    "pk": 4,
    "fields": {
        "nombre": "That sit draw difference run. Condition off season should second. Move these factor or why program.",
        "ciudades": "ES",
        "pais": "ES",
        "capacidad_maxima": 150
    }
},
{
    "model": "apaeropuerto.aeropuerto",
    "pk": 5,
    "fields": {
        "nombre": "Kid administration truth few in sell. Wrong stand where road many.",
        "ciudades": "ES",
        "pais": "ES",
        "capacidad_maxima": 150
    }
},
{
    "model": "apaeropuerto.aeropuerto",
    "pk": 6,
    "fields": {
        "nombre": "Stay free common newspaper. Forward population prepare soon despite eat specific.",
        "ciudades": "ES",
        "pais": "ES",
        "capacidad_maxima": 150
    }
},
{
    "model": "apaeropuerto.aeropuerto",
    "pk": 7,
    "fields": {
        "nombre": "Get I particular question stuff without. Cause trip energy according past.",
        "ciudades": "ES",
        "pais": "ES",
        "capacidad_maxima": 150
    }
},
{
    "model": "apaeropuerto.aeropuerto",
    "pk": 8,
    "fields": {
        "nombre": "Step bring debate. Wear appear business wall.",
        "ciudades": "ES",
        "pais": "ES",
        "capacidad_maxima": 150
    }
},
{
    "model": "apaeropuerto.aeropuerto",
    "pk": 9,
    "fields": {
        "nombre": "Up attack talk hear. Maybe design brother middle past.",
        "ciudades": "ES",
        "pais": "ES",
        "capacidad_maxima": 150
    }
},
{
    "model": "apaeropuerto.aeropuerto",
    "pk": 10,
    "fields": {
        "nombre": "Trip PM himself increase. Four issue man serve old itself piece. Law TV economy glass.",
        "ciudades": "ES",
        "pais": "ES",
        "capacidad_maxima": 150
    }
},
{
    "model": "apaeropuerto.aeropuerto",
    "pk": 11,
    "fields": {
        "nombre": "Hand dream alone during play within nation.",
        "ciudades": "ES",
        "pais": "ES",
        "capacidad_maxima": 150
    }
},
{
    "model": "apaeropuerto.aeropuerto",
    "pk": 12,
    "fields": {
        "nombre": "Fast his agent already. Message down when because guy imagine every since.",
        "ciudades": "ES",
        "pais": "ES",
        "capacidad_maxima": 150
    }
},
{
    "model": "apaeropuerto.aeropuerto",
    "pk": 13,
    "fields": {
        "nombre": "Could right change relationship game. Walk policy perhaps of operation.",
        "ciudades": "ES",
        "pais": "ES",
        "capacidad_maxima": 150
    }
},
{
    "model": "apaeropuerto.aeropuerto",
    "pk": 14,
    "fields": {
        "nombre": "Someone check husband study suddenly. Debate tax kind particular coach treat.",
        "ciudades": "ES",
        "pais": "ES",
        "capacidad_maxima": 150
    }
},
{
    "model": "apaeropuerto.aeropuerto",
    "pk": 15,
    "fields": {
        "nombre": "Ever inside technology contain might fight off.",
        "ciudades": "ES",
        "pais": "ES",
        "capacidad_maxima": 150
    }
},
{
    "model": "apaeropuerto.aeropuerto",
    "pk": 16,
    "fields": {
        "nombre": "Computer role compare war political mean would. Risk decision thus thing the because.",
        "ciudades": "ES",
        "pais": "ES",
        "capacidad_maxima": 150
    }
},
{
    "model": "apaeropuerto.aeropuerto",
    "pk": 17,
    "fields": {
        "nombre": "Place per a assume challenge degree main. Strategy character remain. As into reality bit value.",
        "ciudades": "ES",
        "pais": "ES",
        "capacidad_maxima": 150
    }
},
{
    "model": "apaeropuerto.aeropuerto",
    "pk": 18,
    "fields": {
        "nombre": "While character brother film only ever. Indicate market dream great possible concern they.",
        "ciudades": "ES",
        "pais": "ES",
        "capacidad_maxima": 150
    }
},
{
    "model": "apaeropuerto.aeropuerto",
    "pk": 19,
    "fields": {
        "nombre": "Hospital know trade. Hotel data number yet.",
        "ciudades": "ES",
        "pais": "ES",
        "capacidad_maxima": 150
    }
},
{
    "model": "apaeropuerto.aeropuerto",
    "pk": 20,
    "fields": {
        "nombre": "Hundred yeah reduce. Hear tax husband power none return institution. Star Mr brother difference.",
        "ciudades": "ES",
        "pais": "ES",
        "capacidad_maxima": 150
    }
},
{
    "model": "apaeropuerto.contactoaeropuerto",
    "pk": 1,
    "fields": {
        "nombre_contacto": "Leader reason theory view. Director listen rate him ball. Notice near officer base.",
        "telefono_contacto": "Similar too.",
        "email_contacto": "fmack@example.org",
        "años_trabajados": -30389,
        "aeropuerto": 2
    }
},
{
    "model": "apaeropuerto.contactoaeropuerto",
    "pk": 2,
    "fields": {
        "nombre_contacto": "Successful even find to five bring. Factor their amount value.",
        "telefono_contacto": "Story increase.",
        "email_contacto": "gregorymassey@example.org",
        "años_trabajados": 1891,
        "aeropuerto": 5
    }
},
{
    "model": "apaeropuerto.contactoaeropuerto",
    "pk": 3,
    "fields": {
        "nombre_contacto": "Rich determine single exactly. Increase ok first treatment. Road key offer buy discuss firm.",
        "telefono_contacto": "Per walk draw.",
        "email_contacto": "mjohnson@example.com",
        "años_trabajados": 16953,
        "aeropuerto": 1
    }
},
{
    "model": "apaeropuerto.contactoaeropuerto",
    "pk": 4,
    "fields": {
        "nombre_contacto": "Imagine four teach bag. Use person let another recently.",
        "telefono_contacto": "Position.",
        "email_contacto": "charles73@example.net",
        "años_trabajados": 17548,
        "aeropuerto": 10
    }
},
{
    "model": "apaeropuerto.contactoaeropuerto",
    "pk": 5,
    "fields": {
        "nombre_contacto": "Any impact participant fact impact want. Ok church yes wide lawyer official election.",
        "telefono_contacto": "Class term eye.",
        "email_contacto": "gregyoung@example.com",
        "años_trabajados": -7803,
        "aeropuerto": 20
    }
},
{
    "model": "apaeropuerto.contactoaeropuerto",
    "pk": 6,
    "fields": {
        "nombre_contacto": "Minute hair thing building look factor responsibility. Somebody dark around share source with.",
        "telefono_contacto": "Look business.",
        "email_contacto": "michellebrady@example.com",
        "años_trabajados": -7550,
        "aeropuerto": 13
    }
},
{
    "model": "apaeropuerto.contactoaeropuerto",
    "pk": 7,
    "fields": {
        "nombre_contacto": "Door red above open. So space or such particularly throw late sense. At air PM somebody.",
        "telefono_contacto": "Southern site.",
        "email_contacto": "harperwilliam@example.net",
        "años_trabajados": -28751,
        "aeropuerto": 16
    }
},
{
    "model": "apaeropuerto.contactoaeropuerto",
    "pk": 8,
    "fields": {
        "nombre_contacto": "Make high forward show free lead ball better. Talk one risk improve green me.",
        "telefono_contacto": "Three list.",
        "email_contacto": "gilbertdanielle@example.org",
        "años_trabajados": 131,
        "aeropuerto": 17
    }
},
{
    "model": "apaeropuerto.contactoaeropuerto",
    "pk": 9,
    "fields": {
        "nombre_contacto": "Develop thus control support without wish music. Method with body across down government a.",
        "telefono_contacto": "Decide science.",
        "email_contacto": "rodneycruz@example.net",
        "años_trabajados": -20452,
        "aeropuerto": 8
    }
},
{
    "model": "apaeropuerto.contactoaeropuerto",
    "pk": 10,
    "fields": {
        "nombre_contacto": "Imagine occur provide reason whether. Environmental no also fall product may public style.",
        "telefono_contacto": "Event model.",
        "email_contacto": "stephanie55@example.org",
        "años_trabajados": -23095,
        "aeropuerto": 6
    }
},
{
    "model": "apaeropuerto.contactoaeropuerto",
    "pk": 11,
    "fields": {
        "nombre_contacto": "Phone continue chance we myself perhaps.",
        "telefono_contacto": "Drug rate.",
        "email_contacto": "wolfejenny@example.net",
        "años_trabajados": 14830,
        "aeropuerto": 14
    }
},
{
    "model": "apaeropuerto.contactoaeropuerto",
    "pk": 12,
    "fields": {
        "nombre_contacto": "Campaign protect boy type most. Response use you.",
        "telefono_contacto": "Wide someone.",
        "email_contacto": "vwilliams@example.org",
        "años_trabajados": -16387,
        "aeropuerto": 7
    }
},
{
    "model": "apaeropuerto.contactoaeropuerto",
    "pk": 13,
    "fields": {
        "nombre_contacto": "Treat for technology federal southern seek total.",
        "telefono_contacto": "Wonder life.",
        "email_contacto": "charles93@example.org",
        "años_trabajados": 7449,
        "aeropuerto": 4
    }
},
{
    "model": "apaeropuerto.contactoaeropuerto",
    "pk": 14,
    "fields": {
        "nombre_contacto": "Firm young country determine whose senior large open. Listen newspaper sister almost.",
        "telefono_contacto": "College.",
        "email_contacto": "blackwellsabrina@example.org",
        "años_trabajados": 3533,
        "aeropuerto": 18
    }
},
{
    "model": "apaeropuerto.contactoaeropuerto",
    "pk": 15,
    "fields": {
        "nombre_contacto": "How for attention at from couple free. Financial sort enough say structure the.",
        "telefono_contacto": "Face base.",
        "email_contacto": "jamienelson@example.net",
        "años_trabajados": -9098,
        "aeropuerto": 12
    }
},
{
    "model": "apaeropuerto.contactoaeropuerto",
    "pk": 16,
    "fields": {
        "nombre_contacto": "Man building drug model speech who. Meeting everything continue.",
        "telefono_contacto": "Thought common.",
        "email_contacto": "juan29@example.net",
        "años_trabajados": 13958,
        "aeropuerto": 3
    }
},
{
    "model": "apaeropuerto.contactoaeropuerto",
    "pk": 17,
    "fields": {
        "nombre_contacto": "Measure threat leader yeah could. General them a movie.\nAlong have in during long process company.",
        "telefono_contacto": "Consider.",
        "email_contacto": "markbrown@example.com",
        "años_trabajados": 1091,
        "aeropuerto": 15
    }
},
{
    "model": "apaeropuerto.contactoaeropuerto",
    "pk": 18,
    "fields": {
        "nombre_contacto": "Hair employee suggest attack customer. Western expect reason six against.",
        "telefono_contacto": "Off floor.",
        "email_contacto": "tonyastokes@example.net",
        "años_trabajados": -7887,
        "aeropuerto": 9
    }
},
{
    "model": "apaeropuerto.contactoaeropuerto",
    "pk": 19,
    "fields": {
        "nombre_contacto": "Page name interest plan alone. Huge experience pattern line from chance candidate.",
        "telefono_contacto": "Usually art.",
        "email_contacto": "estradarichard@example.net",
        "años_trabajados": 15516,
        "aeropuerto": 11
    }
},
{
    "model": "apaeropuerto.contactoaeropuerto",
    "pk": 20,
    "fields": {
        "nombre_contacto": "Require school brother rate world. Watch form company really economic available fast.",
        "telefono_contacto": "Above she wear.",
        "email_contacto": "judyrios@example.org",
        "años_trabajados": 26970,
        "aeropuerto": 19
    }
},
{
    "model": "apaeropuerto.aerolinea",
    "pk": 1,
    "fields": {
        "nombre": "But research toward buy billion. Democratic if adult color.",
        "codigo": "Mrs.",
        "fecha_fundacion": "1989-06-08",
        "pais": "ES",
        "aeropuerto": [
            4,
            10,
            12,
            19
        ]
    }
},
{
    "model": "apaeropuerto.aerolinea",
    "pk": 2,
    "fields": {
        "nombre": "Interview enter customer tell we sure people. Difference hear how forget happen film.",
        "codigo": "Such.",
        "fecha_fundacion": "1999-09-19",
        "pais": "ES",
        "aeropuerto": [
            1,
            5,
            20
        ]
    }
},
{
    "model": "apaeropuerto.aerolinea",
    "pk": 3,
    "fields": {
        "nombre": "Wind approach financial. Manage though dog. Particular front personal include cup eat dog.",
        "codigo": "Trial.",
        "fecha_fundacion": "1984-08-09",
        "pais": "ES",
        "aeropuerto": [
            3,
            13
        ]
    }
},
{
    "model": "apaeropuerto.aerolinea",
    "pk": 4,
    "fields": {
        "nombre": "Sense such color develop many it. Remain letter need others. Foreign explain fund statement manage.",
        "codigo": "Worker.",
        "fecha_fundacion": "1989-01-20",
        "pais": "ES",
        "aeropuerto": [
            7,
            18
        ]
    }
},
{
    "model": "apaeropuerto.aerolinea",
    "pk": 5,
    "fields": {
        "nombre": "Whose tax soldier. Movement direction wonder position truth brother late.",
        "codigo": "Maybe we.",
        "fecha_fundacion": "1989-02-24",
        "pais": "ES",
        "aeropuerto": [
            16
        ]
    }
},
{
    "model": "apaeropuerto.aerolinea",
    "pk": 6,
    "fields": {
        "nombre": "Who response Republican. Remember TV across career.",
        "codigo": "Myself.",
        "fecha_fundacion": "1996-09-10",
        "pais": "ES",
        "aeropuerto": [
            13
        ]
    }
},
{
    "model": "apaeropuerto.aerolinea",
    "pk": 7,
    "fields": {
        "nombre": "Know try part. Democrat yourself statement think mean gun. Protect Mrs year plan method situation.",
        "codigo": "Job pass.",
        "fecha_fundacion": "2012-10-18",
        "pais": "ES",
        "aeropuerto": [
            3,
            20
        ]
    }
},
{
    "model": "apaeropuerto.aerolinea",
    "pk": 8,
    "fields": {
        "nombre": "She final where time a. Go pay movement fear.",
        "codigo": "Treatment.",
        "fecha_fundacion": "2016-08-13",
        "pais": "ES",
        "aeropuerto": [
            1,
            7
        ]
    }
},
{
    "model": "apaeropuerto.aerolinea",
    "pk": 9,
    "fields": {
        "nombre": "None why strong skill act quality cell.",
        "codigo": "Room.",
        "fecha_fundacion": "1991-10-10",
        "pais": "ES",
        "aeropuerto": [
            1,
            3,
            5,
            7,
            14
        ]
    }
},
{
    "model": "apaeropuerto.aerolinea",
    "pk": 10,
    "fields": {
        "nombre": "Its wall operation everybody case middle. Child perhaps see past stand.",
        "codigo": "Art hear.",
        "fecha_fundacion": "2024-04-25",
        "pais": "ES",
        "aeropuerto": [
            7,
            10,
            15,
            18
        ]
    }
},
{
    "model": "apaeropuerto.aerolinea",
    "pk": 11,
    "fields": {
        "nombre": "About think reach turn need must up. Born against kid player public no. Item might grow bag end.",
        "codigo": "Keep.",
        "fecha_fundacion": "2024-06-24",
        "pais": "ES",
        "aeropuerto": [
            7,
            19
        ]
    }
},
{
    "model": "apaeropuerto.aerolinea",
    "pk": 12,
    "fields": {
        "nombre": "Simply now detail Democrat determine. Arm road school bill. Already cut hospital attack pick.",
        "codigo": "Leader.",
        "fecha_fundacion": "2005-04-23",
        "pais": "ES",
        "aeropuerto": [
            10,
            15,
            18
        ]
    }
},
{
    "model": "apaeropuerto.aerolinea",
    "pk": 13,
    "fields": {
        "nombre": "Situation focus ahead likely to take. Analysis appear herself but month land significant.",
        "codigo": "Peace.",
        "fecha_fundacion": "2011-09-14",
        "pais": "ES",
        "aeropuerto": [
            4,
            6
        ]
    }
},
{
    "model": "apaeropuerto.aerolinea",
    "pk": 14,
    "fields": {
        "nombre": "Their throw history society factor opportunity employee. Contain up himself question.",
        "codigo": "Number he.",
        "fecha_fundacion": "1997-08-09",
        "pais": "ES",
        "aeropuerto": [
            2,
            5,
            13,
            18,
            20
        ]
    }
},
{
    "model": "apaeropuerto.aerolinea",
    "pk": 15,
    "fields": {
        "nombre": "Executive discover reality available yourself scene special agent.",
        "codigo": "Hot.",
        "fecha_fundacion": "1971-04-25",
        "pais": "ES",
        "aeropuerto": [
            6,
            8,
            11,
            18
        ]
    }
},
{
    "model": "apaeropuerto.aerolinea",
    "pk": 16,
    "fields": {
        "nombre": "Change our admit assume. Writer law personal in assume.",
        "codigo": "Others.",
        "fecha_fundacion": "2000-03-23",
        "pais": "ES",
        "aeropuerto": [
            3,
            9
        ]
    }
},
{
    "model": "apaeropuerto.aerolinea",
    "pk": 17,
    "fields": {
        "nombre": "Television avoid light gun situation yeah million. Create upon cup hot five.",
        "codigo": "Team.",
        "fecha_fundacion": "1995-06-30",
        "pais": "ES",
        "aeropuerto": [
            8,
            13,
            15,
            20
        ]
    }
},
{
    "model": "apaeropuerto.aerolinea",
    "pk": 18,
    "fields": {
        "nombre": "Growth perhaps eat. Method again for. Home impact answer create report course imagine.",
        "codigo": "Garden.",
        "fecha_fundacion": "2014-07-03",
        "pais": "ES",
        "aeropuerto": [
            4,
            12,
            17
        ]
    }
},
{
    "model": "apaeropuerto.aerolinea",
    "pk": 19,
    "fields": {
        "nombre": "Source argue him same will throughout. Garden land treatment standard nice board per.",
        "codigo": "Age pass.",
        "fecha_fundacion": "1998-08-22",
        "pais": "ES",
        "aeropuerto": [
            7,
            8,
            10,
            19
        ]
    }
},
{
    "model": "apaeropuerto.aerolinea",
    "pk": 20,
    "fields": {
        "nombre": "Than as material. Detail nor ahead item commercial two. To everybody baby wall.",
        "codigo": "Study.",
        "fecha_fundacion": "1991-07-20",
        "pais": "ES",
        "aeropuerto": [
            2,
            12,
            13
        ]
    }
},
{
    "model": "apaeropuerto.vuelo",
    "pk": 1,
    "fields": {
        "hora_salida": "1995-05-06T20:43:45.434",
        "hora_llegada": "1977-05-28T20:22:34.079",
        "estado": false,
        "duracion": "-6553 23:38:48.645572",
        "origen": 20,
        "destino": 4
    }
},
{
    "model": "apaeropuerto.vuelo",
    "pk": 2,
    "fields": {
        "hora_salida": "1992-08-09T22:31:25.351",
        "hora_llegada": "2013-01-04T12:24:24.932",
        "estado": false,
        "duracion": "7452 13:52:59.580493",
        "origen": 9,
        "destino": 13
    }
},
{
    "model": "apaeropuerto.vuelo",
    "pk": 3,
    "fields": {
        "hora_salida": "2007-03-06T04:02:46.982",
        "hora_llegada": "2002-07-03T02:11:28.675",
        "estado": false,
        "duracion": "-1708 22:08:41.693088",
        "origen": 1,
        "destino": 14
    }
},
{
    "model": "apaeropuerto.vuelo",
    "pk": 4,
    "fields": {
        "hora_salida": "1985-10-26T06:53:30.044",
        "hora_llegada": "1980-02-07T06:02:53.341",
        "estado": false,
        "duracion": "-2089 23:09:23.296037",
        "origen": 4,
        "destino": 19
    }
},
{
    "model": "apaeropuerto.vuelo",
    "pk": 5,
    "fields": {
        "hora_salida": "1990-04-02T14:02:18.013",
        "hora_llegada": "2014-12-08T17:48:13.988",
        "estado": false,
        "duracion": "9016 03:45:55.975408",
        "origen": 20,
        "destino": 19
    }
},
{
    "model": "apaeropuerto.vuelo",
    "pk": 6,
    "fields": {
        "hora_salida": "1981-11-18T05:28:09.763",
        "hora_llegada": "2013-10-08T02:47:26.321",
        "estado": false,
        "duracion": "11646 21:19:16.558780",
        "origen": 16,
        "destino": 14
    }
},
{
    "model": "apaeropuerto.vuelo",
    "pk": 7,
    "fields": {
        "hora_salida": "2022-11-12T10:58:32.117",
        "hora_llegada": "2015-03-01T19:50:48.478",
        "estado": true,
        "duracion": "-2813 08:52:16.360950",
        "origen": 6,
        "destino": 17
    }
},
{
    "model": "apaeropuerto.vuelo",
    "pk": 8,
    "fields": {
        "hora_salida": "1982-07-19T20:16:37.306",
        "hora_llegada": "2014-11-18T17:42:41.184",
        "estado": false,
        "duracion": "11809 21:26:03.877729",
        "origen": 8,
        "destino": 16
    }
},
{
    "model": "apaeropuerto.vuelo",
    "pk": 9,
    "fields": {
        "hora_salida": "2016-07-28T12:30:31.384",
        "hora_llegada": "2010-05-30T03:06:20.644",
        "estado": false,
        "duracion": "-2252 14:35:49.260087",
        "origen": 11,
        "destino": 5
    }
},
{
    "model": "apaeropuerto.vuelo",
    "pk": 10,
    "fields": {
        "hora_salida": "1992-10-22T03:31:49.039",
        "hora_llegada": "2012-08-08T02:41:53.245",
        "estado": false,
        "duracion": "7229 23:10:04.206170",
        "origen": 3,
        "destino": 7
    }
},
{
    "model": "apaeropuerto.vuelo",
    "pk": 11,
    "fields": {
        "hora_salida": "1993-11-06T11:39:05.493",
        "hora_llegada": "2000-03-07T03:09:24.788",
        "estado": false,
        "duracion": "2312 15:30:19.295226",
        "origen": 14,
        "destino": 11
    }
},
{
    "model": "apaeropuerto.vuelo",
    "pk": 12,
    "fields": {
        "hora_salida": "2021-08-16T20:17:46.583",
        "hora_llegada": "2013-06-23T10:19:04.514",
        "estado": false,
        "duracion": "-2977 14:01:17.931469",
        "origen": 3,
        "destino": 19
    }
},
{
    "model": "apaeropuerto.vuelo",
    "pk": 13,
    "fields": {
        "hora_salida": "2012-03-07T14:35:25.346",
        "hora_llegada": "2006-06-19T19:27:41.653",
        "estado": true,
        "duracion": "-2088 04:52:16.306579",
        "origen": 4,
        "destino": 20
    }
},
{
    "model": "apaeropuerto.vuelo",
    "pk": 14,
    "fields": {
        "hora_salida": "1980-02-29T13:21:30.556",
        "hora_llegada": "1973-11-05T13:32:59.896",
        "estado": false,
        "duracion": "-2307 00:11:29.340583",
        "origen": 13,
        "destino": 4
    }
},
{
    "model": "apaeropuerto.vuelo",
    "pk": 15,
    "fields": {
        "hora_salida": "1979-01-20T22:41:51.238",
        "hora_llegada": "1972-07-15T22:47:33.399",
        "estado": true,
        "duracion": "-2380 00:05:42.161024",
        "origen": 11,
        "destino": 16
    }
},
{
    "model": "apaeropuerto.vuelo",
    "pk": 16,
    "fields": {
        "hora_salida": "2007-12-15T11:07:53.023",
        "hora_llegada": "2012-11-15T06:30:10.755",
        "estado": true,
        "duracion": "1796 19:22:17.732142",
        "origen": 1,
        "destino": 12
    }
},
{
    "model": "apaeropuerto.vuelo",
    "pk": 17,
    "fields": {
        "hora_salida": "2004-10-02T13:45:14.911",
        "hora_llegada": "1996-06-10T09:31:38.885",
        "estado": false,
        "duracion": "-3037 19:46:23.973928",
        "origen": 19,
        "destino": 20
    }
},
{
    "model": "apaeropuerto.vuelo",
    "pk": 18,
    "fields": {
        "hora_salida": "1984-06-07T23:05:15.696",
        "hora_llegada": "2015-11-07T20:53:00.474",
        "estado": true,
        "duracion": "11474 21:47:44.778792",
        "origen": 20,
        "destino": 6
    }
},
{
    "model": "apaeropuerto.vuelo",
    "pk": 19,
    "fields": {
        "hora_salida": "1972-05-29T15:44:27.734",
        "hora_llegada": "2003-06-01T11:05:38.153",
        "estado": true,
        "duracion": "11324 19:21:10.419541",
        "origen": 20,
        "destino": 3
    }
},
{
    "model": "apaeropuerto.vuelo",
    "pk": 20,
    "fields": {
        "hora_salida": "1972-08-22T23:28:39.735",
        "hora_llegada": "1970-05-08T06:49:42.370",
        "estado": false,
        "duracion": "-838 07:21:02.634389",
        "origen": 16,
        "destino": 20
    }
},
{
    "model": "apaeropuerto.estadisticasvuelo",
    "pk": 1,
    "fields": {
        "fecha_estadisticas": "2018-07-28",
        "numero_asientos_vendidos": -6591,
        "numero_cancelaciones": -11825,
        "feedback_pasajeros": "Material light at have. Project son open check room require write. Candidate friend provide company your night then direction.",
        "vuelo": 1
    }
},
{
    "model": "apaeropuerto.estadisticasvuelo",
    "pk": 2,
    "fields": {
        "fecha_estadisticas": "2012-05-16",
        "numero_asientos_vendidos": 8906,
        "numero_cancelaciones": 25454,
        "feedback_pasajeros": "Discuss consider easy wall operation he hard environment. Market boy long. Soldier official step always method.\nPush contain subject science. Dinner there offer dinner right listen long.",
        "vuelo": 7
    }
},
{
    "model": "apaeropuerto.estadisticasvuelo",
    "pk": 3,
    "fields": {
        "fecha_estadisticas": "2010-05-14",
        "numero_asientos_vendidos": -17474,
        "numero_cancelaciones": -25886,
        "feedback_pasajeros": "Product drop standard or instead push fast detail. Speech church market eight indeed parent. Suddenly type game strong.",
        "vuelo": 10
    }
},
{
    "model": "apaeropuerto.estadisticasvuelo",
    "pk": 4,
    "fields": {
        "fecha_estadisticas": "1986-04-02",
        "numero_asientos_vendidos": -8567,
        "numero_cancelaciones": -2222,
        "feedback_pasajeros": "Wear receive dinner so. And hospital position other important activity. Author record medical truth truth.\nLess success factor wrong. Other PM speech author.",
        "vuelo": 2
    }
},
{
    "model": "apaeropuerto.estadisticasvuelo",
    "pk": 5,
    "fields": {
        "fecha_estadisticas": "2014-05-10",
        "numero_asientos_vendidos": -24846,
        "numero_cancelaciones": 31960,
        "feedback_pasajeros": "High bank staff wait for enjoy. Line feel case admit visit. Past size really national. Business sign suffer management full red present.",
        "vuelo": 12
    }
},
{
    "model": "apaeropuerto.estadisticasvuelo",
    "pk": 6,
    "fields": {
        "fecha_estadisticas": "1992-04-11",
        "numero_asientos_vendidos": -6248,
        "numero_cancelaciones": 8423,
        "feedback_pasajeros": "Use bed effect answer bill father continue media. Think agreement view now century someone ago training.",
        "vuelo": 11
    }
},
{
    "model": "apaeropuerto.estadisticasvuelo",
    "pk": 7,
    "fields": {
        "fecha_estadisticas": "2015-04-30",
        "numero_asientos_vendidos": 6360,
        "numero_cancelaciones": 26042,
        "feedback_pasajeros": "Ask raise travel care. Successful then source few.\nNone four whether.\nOpportunity onto various weight. Forget project vote beyond.",
        "vuelo": 15
    }
},
{
    "model": "apaeropuerto.estadisticasvuelo",
    "pk": 8,
    "fields": {
        "fecha_estadisticas": "1975-07-20",
        "numero_asientos_vendidos": 31694,
        "numero_cancelaciones": -31542,
        "feedback_pasajeros": "Time together pull dinner. Way red goal alone child ago.\nOffice across contain eight campaign education sell far. We want stay miss they simple administration. Fast thought nature short.",
        "vuelo": 6
    }
},
{
    "model": "apaeropuerto.estadisticasvuelo",
    "pk": 9,
    "fields": {
        "fecha_estadisticas": "1979-05-21",
        "numero_asientos_vendidos": 31958,
        "numero_cancelaciones": -23314,
        "feedback_pasajeros": "Be before fast else miss under indicate. Feeling man Republican maybe.\nTree Mr consumer skill team professor. Bill risk society option have bring who. War gun political past will say woman.",
        "vuelo": 16
    }
},
{
    "model": "apaeropuerto.estadisticasvuelo",
    "pk": 10,
    "fields": {
        "fecha_estadisticas": "2007-06-02",
        "numero_asientos_vendidos": -19966,
        "numero_cancelaciones": 18552,
        "feedback_pasajeros": "Base start anyone tree record. Test up occur somebody stock close magazine. Record recognize suffer large. Idea order ever report.",
        "vuelo": 3
    }
},
{
    "model": "apaeropuerto.estadisticasvuelo",
    "pk": 11,
    "fields": {
        "fecha_estadisticas": "2008-08-09",
        "numero_asientos_vendidos": -13635,
        "numero_cancelaciones": -20057,
        "feedback_pasajeros": "His actually your animal president. Help kitchen specific if nice goal health range.\nMarket study recent on example. Believe necessary dog various year.",
        "vuelo": 9
    }
},
{
    "model": "apaeropuerto.estadisticasvuelo",
    "pk": 12,
    "fields": {
        "fecha_estadisticas": "1989-12-19",
        "numero_asientos_vendidos": -32646,
        "numero_cancelaciones": 10686,
        "feedback_pasajeros": "For ok direction hotel. Pressure industry player treat nature mean against. Top those direction training phone feeling stock. Anyone husband note respond third letter.",
        "vuelo": 17
    }
},
{
    "model": "apaeropuerto.estadisticasvuelo",
    "pk": 13,
    "fields": {
        "fecha_estadisticas": "1997-01-03",
        "numero_asientos_vendidos": 29591,
        "numero_cancelaciones": -2975,
        "feedback_pasajeros": "Dog time number answer language. Kind truth population officer approach member benefit. Enjoy share police.",
        "vuelo": 4
    }
},
{
    "model": "apaeropuerto.estadisticasvuelo",
    "pk": 14,
    "fields": {
        "fecha_estadisticas": "1996-12-22",
        "numero_asientos_vendidos": -9443,
        "numero_cancelaciones": -192,
        "feedback_pasajeros": "Usually simply father want day sound agent. Along anything can force however without.",
        "vuelo": 20
    }
},
{
    "model": "apaeropuerto.estadisticasvuelo",
    "pk": 15,
    "fields": {
        "fecha_estadisticas": "2004-12-11",
        "numero_asientos_vendidos": -18100,
        "numero_cancelaciones": -22172,
        "feedback_pasajeros": "Happy prove former view try. Live behind range none newspaper your.\nLeader voice talk wait success issue sure next. Performance mention force later speak student. Popular month nation develop.",
        "vuelo": 13
    }
},
{
    "model": "apaeropuerto.estadisticasvuelo",
    "pk": 16,
    "fields": {
        "fecha_estadisticas": "1981-12-17",
        "numero_asientos_vendidos": -29832,
        "numero_cancelaciones": -18639,
        "feedback_pasajeros": "Effort take certain drive stay example anything history.\nFloor theory now. Do visit include sea there professor reason.\nAuthor world poor smile. Market fast support in.",
        "vuelo": 8
    }
},
{
    "model": "apaeropuerto.estadisticasvuelo",
    "pk": 17,
    "fields": {
        "fecha_estadisticas": "1979-03-20",
        "numero_asientos_vendidos": -16384,
        "numero_cancelaciones": -18850,
        "feedback_pasajeros": "Can increase woman commercial. Development book radio relate put though.\nClose marriage serve stand get.\nMilitary more decade avoid. Professional organization campaign occur staff.",
        "vuelo": 19
    }
},
{
    "model": "apaeropuerto.estadisticasvuelo",
    "pk": 18,
    "fields": {
        "fecha_estadisticas": "1989-02-01",
        "numero_asientos_vendidos": -24645,
        "numero_cancelaciones": -18969,
        "feedback_pasajeros": "Use play quickly hot ago. Lawyer up account our. Agency on news wear attorney official pressure.",
        "vuelo": 14
    }
},
{
    "model": "apaeropuerto.estadisticasvuelo",
    "pk": 19,
    "fields": {
        "fecha_estadisticas": "1995-04-17",
        "numero_asientos_vendidos": -32163,
        "numero_cancelaciones": 31326,
        "feedback_pasajeros": "Before join image lead. Serve but president herself five girl staff miss. Student ever miss sure far.\nOil road during use staff. Price capital discussion old. Might find foreign east group husband.",
        "vuelo": 18
    }
},
{
    "model": "apaeropuerto.estadisticasvuelo",
    "pk": 20,
    "fields": {
        "fecha_estadisticas": "2021-02-07",
        "numero_asientos_vendidos": -1420,
        "numero_cancelaciones": 9278,
        "feedback_pasajeros": "Region sense successful role join animal. Official machine performance past help language especially.\nSense sense quality. Risk able thought but. Unit free decision nice.",
        "vuelo": 5
    }
},
{
    "model": "apaeropuerto.pasajero",
    "pk": 1,
    "fields": {
        "nombre": "Brother road.",
        "apellido": "Both last expect.",
        "email": "joshua62@example.org",
        "telefono": -16117,
        "fecha_nacimiento": "1975-04-09",
        "vuelo": [
            9,
            12
        ]
    }
},
{
    "model": "apaeropuerto.pasajero",
    "pk": 2,
    "fields": {
        "nombre": "Big fire my not six.",
        "apellido": "Home baby speech.",
        "email": "ericperez@example.net",
        "telefono": 24679,
        "fecha_nacimiento": "2009-06-24",
        "vuelo": [
            7,
            10,
            11,
            17
        ]
    }
},
{
    "model": "apaeropuerto.pasajero",
    "pk": 3,
    "fields": {
        "nombre": "Rate east white.",
        "apellido": "Cultural series.",
        "email": "hsantos@example.org",
        "telefono": 19361,
        "fecha_nacimiento": "2023-11-18",
        "vuelo": [
            20
        ]
    }
},
{
    "model": "apaeropuerto.pasajero",
    "pk": 4,
    "fields": {
        "nombre": "Hundred boy for.",
        "apellido": "Follow score bit.",
        "email": "darren29@example.net",
        "telefono": 19976,
        "fecha_nacimiento": "1972-07-19",
        "vuelo": [
            3,
            9,
            18
        ]
    }
},
{
    "model": "apaeropuerto.pasajero",
    "pk": 5,
    "fields": {
        "nombre": "Station new thus.",
        "apellido": "Big since season.",
        "email": "jamesmartinez@example.net",
        "telefono": -14162,
        "fecha_nacimiento": "2024-10-13",
        "vuelo": [
            7,
            9,
            15
        ]
    }
},
{
    "model": "apaeropuerto.pasajero",
    "pk": 6,
    "fields": {
        "nombre": "Number middle.",
        "apellido": "Reflect say order.",
        "email": "melissablack@example.com",
        "telefono": 10854,
        "fecha_nacimiento": "2008-05-02",
        "vuelo": [
            7,
            11
        ]
    }
},
{
    "model": "apaeropuerto.pasajero",
    "pk": 7,
    "fields": {
        "nombre": "Nothing special.",
        "apellido": "Medical job body.",
        "email": "boydtraci@example.org",
        "telefono": -1290,
        "fecha_nacimiento": "1976-06-15",
        "vuelo": [
            8,
            9,
            10,
            12
        ]
    }
},
{
    "model": "apaeropuerto.pasajero",
    "pk": 8,
    "fields": {
        "nombre": "Movie man after eye.",
        "apellido": "Argue society poor.",
        "email": "james35@example.org",
        "telefono": 8524,
        "fecha_nacimiento": "1983-04-06",
        "vuelo": [
            7,
            16
        ]
    }
},
{
    "model": "apaeropuerto.pasajero",
    "pk": 9,
    "fields": {
        "nombre": "Rise full system.",
        "apellido": "Lose issue mention.",
        "email": "dennis71@example.net",
        "telefono": -22624,
        "fecha_nacimiento": "2012-06-04",
        "vuelo": [
            10
        ]
    }
},
{
    "model": "apaeropuerto.pasajero",
    "pk": 10,
    "fields": {
        "nombre": "Young upon crime.",
        "apellido": "Campaign apply fall.",
        "email": "qortiz@example.com",
        "telefono": 11065,
        "fecha_nacimiento": "1985-08-26",
        "vuelo": [
            5,
            14
        ]
    }
},
{
    "model": "apaeropuerto.pasajero",
    "pk": 11,
    "fields": {
        "nombre": "Wish partner.",
        "apellido": "Modern sport often.",
        "email": "howardlauren@example.com",
        "telefono": 7530,
        "fecha_nacimiento": "1994-10-10",
        "vuelo": [
            12,
            15,
            18
        ]
    }
},
{
    "model": "apaeropuerto.pasajero",
    "pk": 12,
    "fields": {
        "nombre": "Mission mother.",
        "apellido": "Pretty its election.",
        "email": "davidwebb@example.net",
        "telefono": -5465,
        "fecha_nacimiento": "2003-01-05",
        "vuelo": [
            2,
            5,
            19,
            20
        ]
    }
},
{
    "model": "apaeropuerto.pasajero",
    "pk": 13,
    "fields": {
        "nombre": "Voice tough.",
        "apellido": "Choose trade.",
        "email": "riverajessica@example.org",
        "telefono": 26239,
        "fecha_nacimiento": "2013-05-02",
        "vuelo": [
            12,
            20
        ]
    }
},
{
    "model": "apaeropuerto.pasajero",
    "pk": 14,
    "fields": {
        "nombre": "Task former life.",
        "apellido": "Camera most grow.",
        "email": "trevormartinez@example.net",
        "telefono": 6353,
        "fecha_nacimiento": "1998-08-05",
        "vuelo": [
            6,
            17,
            19
        ]
    }
},
{
    "model": "apaeropuerto.pasajero",
    "pk": 15,
    "fields": {
        "nombre": "Term eight road.",
        "apellido": "Same various.",
        "email": "esmith@example.org",
        "telefono": -25136,
        "fecha_nacimiento": "2021-03-07",
        "vuelo": [
            2,
            3,
            6,
            17
        ]
    }
},
{
    "model": "apaeropuerto.pasajero",
    "pk": 16,
    "fields": {
        "nombre": "Bar admit family.",
        "apellido": "Record today world.",
        "email": "katherine61@example.net",
        "telefono": 15635,
        "fecha_nacimiento": "2023-09-19",
        "vuelo": [
            5,
            6,
            8,
            17,
            19
        ]
    }
},
{
    "model": "apaeropuerto.pasajero",
    "pk": 17,
    "fields": {
        "nombre": "Usually positive.",
        "apellido": "Water water loss.",
        "email": "christine04@example.org",
        "telefono": -4263,
        "fecha_nacimiento": "2003-07-23",
        "vuelo": [
            7,
            12,
            13
        ]
    }
},
{
    "model": "apaeropuerto.pasajero",
    "pk": 18,
    "fields": {
        "nombre": "Many lose entire.",
        "apellido": "Fish forward.",
        "email": "paul73@example.org",
        "telefono": -27976,
        "fecha_nacimiento": "1987-05-30",
        "vuelo": [
            3,
            8,
            9,
            12,
            18
        ]
    }
},
{
    "model": "apaeropuerto.pasajero",
    "pk": 19,
    "fields": {
        "nombre": "Beautiful special.",
        "apellido": "Six join seem.",
        "email": "rhall@example.net",
        "telefono": -4555,
        "fecha_nacimiento": "1990-10-10",
        "vuelo": [
            2,
            4,
            9,
            19
        ]
    }
},
{
    "model": "apaeropuerto.pasajero",
    "pk": 20,
    "fields": {
        "nombre": "Product analysis.",
        "apellido": "Rest involve listen.",
        "email": "kim82@example.org",
        "telefono": -22970,
        "fecha_nacimiento": "1998-11-24",
        "vuelo": [
            18
        ]
    }
},
{
    "model": "apaeropuerto.perfilpasajero",
    "pk": 1,
    "fields": {
        "direccion": "Force personal though should trip toward. Traditional hold behavior process himself political dinner.\nValue talk teacher network. Indicate couple save building improve religious information everyone. Care tell necessary far four relate still.",
        "documento_identidad": "Quickly.",
        "nacionalidad": "None section whatever method Congress enough.",
        "vivienda": "School explain nation break example.",
        "pasajero": 16
    }
},
{
    "model": "apaeropuerto.perfilpasajero",
    "pk": 2,
    "fields": {
        "direccion": "Dark discussion American each. Would these choose community number both team.\nTough traditional car. Painting feeling position reality writer provide voice. Once other challenge pay industry allow music.",
        "documento_identidad": "Less.",
        "nacionalidad": "Difficult travel old school reach color wear.",
        "vivienda": "Young them make behind rate customer he.",
        "pasajero": 4
    }
},
{
    "model": "apaeropuerto.perfilpasajero",
    "pk": 3,
    "fields": {
        "direccion": "Say chance not. Level window resource thousand government Mrs PM world. Consider start can nation.",
        "documento_identidad": "Kind.",
        "nacionalidad": "Position trouble occur attention girl fly.",
        "vivienda": "Project television method.",
        "pasajero": 6
    }
},
{
    "model": "apaeropuerto.perfilpasajero",
    "pk": 4,
    "fields": {
        "direccion": "Policy politics alone question toward.\nArt answer phone. These either box will. Beat some every suffer writer.\nDraw east ready us I everyone. Wrong generation avoid about continue benefit several. Letter fear glass often draw.",
        "documento_identidad": "World.",
        "nacionalidad": "How news system south land rate.",
        "vivienda": "Live audience beat city purpose.",
        "pasajero": 10
    }
},
{
    "model": "apaeropuerto.perfilpasajero",
    "pk": 5,
    "fields": {
        "direccion": "Project during join program word again allow. Year training able during. Media stage discussion. Middle represent board.\nSystem politics natural so subject owner since. Practice hit magazine technology. House before section president improve fear father.",
        "documento_identidad": "Down.",
        "nacionalidad": "Them decision guess among beat high.",
        "vivienda": "Southern according not control against our.",
        "pasajero": 8
    }
},
{
    "model": "apaeropuerto.perfilpasajero",
    "pk": 6,
    "fields": {
        "direccion": "Business hope team do product fear news. Beyond then citizen front animal. American science magazine choice add bed.\nYard each little design offer I his. Page across get. Next approach card least your her.",
        "documento_identidad": "People.",
        "nacionalidad": "Property help occur region commercial.",
        "vivienda": "Door less situation.",
        "pasajero": 14
    }
},
{
    "model": "apaeropuerto.perfilpasajero",
    "pk": 7,
    "fields": {
        "direccion": "Next stay heart discover bank pull. Bill out month trouble example short friend.\nHeart modern rule certain law kind standard. Read whole region structure tonight. Population visit table Democrat.",
        "documento_identidad": "Bag once.",
        "nacionalidad": "Second talk police if actually similar may.",
        "vivienda": "Seek again song admit.",
        "pasajero": 18
    }
},
{
    "model": "apaeropuerto.perfilpasajero",
    "pk": 8,
    "fields": {
        "direccion": "Finally just what. Door watch education size model these. Much industry college.\nEconomic explain issue real me. Land car thousand seven wish worker big. Respond child education who how me must very.",
        "documento_identidad": "Three.",
        "nacionalidad": "State responsibility glass land eat.",
        "vivienda": "Enough until spring do none style.",
        "pasajero": 13
    }
},
{
    "model": "apaeropuerto.perfilpasajero",
    "pk": 9,
    "fields": {
        "direccion": "Argue under get enjoy pressure sometimes. Book build mother great. Away whole whole prevent machine blue break.\nReality large without season else. Yourself senior gun government four.",
        "documento_identidad": "Audience.",
        "nacionalidad": "Turn student to. Outside able rise finish.",
        "vivienda": "Fast life left side near campaign carry.",
        "pasajero": 7
    }
},
{
    "model": "apaeropuerto.perfilpasajero",
    "pk": 10,
    "fields": {
        "direccion": "We something add my entire him. Drive reach choice important conference. Daughter cultural serve crime affect.\nHard really miss before. Assume economy race north.\nCall prepare thing science agree. Sea point major fine southern skill.",
        "documento_identidad": "Table.",
        "nacionalidad": "During with city grow less what south since.",
        "vivienda": "College understand explain yeah wife both.",
        "pasajero": 2
    }
},
{
    "model": "apaeropuerto.perfilpasajero",
    "pk": 11,
    "fields": {
        "direccion": "Call evidence ahead hand. Environment glass once especially specific hope.\nMorning sit eat toward people station. Something painting free well race raise fast. Item marriage always father me.",
        "documento_identidad": "Use.",
        "nacionalidad": "Investment leave half senior.",
        "vivienda": "Side cause more thousand project form sing.",
        "pasajero": 9
    }
},
{
    "model": "apaeropuerto.perfilpasajero",
    "pk": 12,
    "fields": {
        "direccion": "Alone green represent word we. Republican instead your position. Where feel dog need question both. Notice crime television movie pressure out evening.\nDaughter ask feel type world she employee. His against among like.",
        "documento_identidad": "Assume.",
        "nacionalidad": "Industry hotel get until walk.",
        "vivienda": "Over impact available decade available city.",
        "pasajero": 19
    }
},
{
    "model": "apaeropuerto.perfilpasajero",
    "pk": 13,
    "fields": {
        "direccion": "Idea soldier different bill city oil. Entire herself particularly organization money name believe.\nFew sell itself pay these Republican nice. Need air edge particularly sure green town.\nTreat line safe skin. Able look TV cause.",
        "documento_identidad": "Capital.",
        "nacionalidad": "President catch interview fact whatever argue.",
        "vivienda": "Good onto activity you hot.",
        "pasajero": 17
    }
},
{
    "model": "apaeropuerto.perfilpasajero",
    "pk": 14,
    "fields": {
        "direccion": "Religious information treat thus. Road start where answer for game.\nTheir nice know. Lay throughout candidate break.\nSet possible bag member movie face child. Skin cover many fine group radio the evidence. Subject leader simple staff.",
        "documento_identidad": "Read.",
        "nacionalidad": "Loss current protect Republican.",
        "vivienda": "Issue remain manage bit magazine consider.",
        "pasajero": 5
    }
},
{
    "model": "apaeropuerto.perfilpasajero",
    "pk": 15,
    "fields": {
        "direccion": "Girl letter raise trouble PM truth no. Onto avoid card animal might from stop. Allow entire nor program.\nDecision tend senior. Put message card buy development table.\nOut benefit agency customer. Rather lawyer Republican surface exactly.",
        "documento_identidad": "Mouth.",
        "nacionalidad": "Question little bag control soon cell.",
        "vivienda": "Memory allow ever western industry west.",
        "pasajero": 3
    }
},
{
    "model": "apaeropuerto.perfilpasajero",
    "pk": 16,
    "fields": {
        "direccion": "Ability discuss teach field. Country how leader land idea know local.\nSuccess fear everyone know. Worker ready agree know manager.\nBegin reality plan present street three option. Work blood popular.",
        "documento_identidad": "Run.",
        "nacionalidad": "Image even political last.",
        "vivienda": "Page watch feeling where speech such.",
        "pasajero": 11
    }
},
{
    "model": "apaeropuerto.perfilpasajero",
    "pk": 17,
    "fields": {
        "direccion": "Actually possible third his fast have once test. A front area own also. Computer week interest ago car huge.\nIt week safe source newspaper today. Career measure table. Hold play figure sort drug.",
        "documento_identidad": "Water.",
        "nacionalidad": "School husband ground own yes support air.",
        "vivienda": "News agency create travel company.",
        "pasajero": 15
    }
},
{
    "model": "apaeropuerto.perfilpasajero",
    "pk": 18,
    "fields": {
        "direccion": "Cell wind blood then. Hot must fill economy add could save.\nSingle share business prove program civil worker piece. Nothing we situation perhaps time. Beautiful claim apply city maintain find.\nAlthough in group project. Buy likely child item.",
        "documento_identidad": "Family.",
        "nacionalidad": "Let for heart source.",
        "vivienda": "Itself time then south grow.",
        "pasajero": 1
    }
},
{
    "model": "apaeropuerto.perfilpasajero",
    "pk": 19,
    "fields": {
        "direccion": "Teach might hand threat. Court order successful six water white.\nAlong into all low list why best agent. Yourself well organization company. Again air argue history top network.\nOnto management talk could human night young. On leg share lawyer she.",
        "documento_identidad": "Deal to.",
        "nacionalidad": "Painting finish other beautiful listen all throw.",
        "vivienda": "He prevent sell inside learn successful however.",
        "pasajero": 12
    }
},
{
    "model": "apaeropuerto.perfilpasajero",
    "pk": 20,
    "fields": {
        "direccion": "Father now allow process tree professional. Discover age couple light group.\nBoard quality summer amount west lose describe. Cultural cover build deep certain.\nCell specific enter cause century born. Exactly owner north win whole leg.",
        "documento_identidad": "Remember.",
        "nacionalidad": "Watch boy mean arm.",
        "vivienda": "Skin door deep culture chair history.",
        "pasajero": 20
    }
},
{
    "model": "apaeropuerto.equipaje",
    "pk": 1,
    "fields": {
        "peso": 0.2071647661562993,
        "dimensiones": "Space fund side where support.",
        "tipo_material": "Authority smile wind.",
        "color": "Spend always back down.",
        "pasajero": 14
    }
},
{
    "model": "apaeropuerto.equipaje",
    "pk": 2,
    "fields": {
        "peso": 0.07392791681427802,
        "dimensiones": "Very you green television drop drive.",
        "tipo_material": "Have news how.",
        "color": "Order chair their perhaps.",
        "pasajero": 15
    }
},
{
    "model": "apaeropuerto.equipaje",
    "pk": 3,
    "fields": {
        "peso": 0.8551863010991587,
        "dimensiones": "Side get culture she ready have deal owner.",
        "tipo_material": "Near team after.",
        "color": "Course security commercial probably.",
        "pasajero": 11
    }
},
{
    "model": "apaeropuerto.equipaje",
    "pk": 4,
    "fields": {
        "peso": 0.5550891366520654,
        "dimensiones": "Skill before find law research.",
        "tipo_material": "Debate author blue ability.",
        "color": "Might wind commercial at month.",
        "pasajero": 3
    }
},
{
    "model": "apaeropuerto.equipaje",
    "pk": 5,
    "fields": {
        "peso": 0.9551738178953718,
        "dimensiones": "Six himself according security themselves.",
        "tipo_material": "Plan discussion often.",
        "color": "Art movie soon affect.",
        "pasajero": 2
    }
},
{
    "model": "apaeropuerto.equipaje",
    "pk": 6,
    "fields": {
        "peso": 0.7699263528610433,
        "dimensiones": "Maybe others anything old human direction above.",
        "tipo_material": "Meet section stage.",
        "color": "Wife society dark together raise just.",
        "pasajero": 5
    }
},
{
    "model": "apaeropuerto.equipaje",
    "pk": 7,
    "fields": {
        "peso": 0.6395404537216585,
        "dimensiones": "Finish minute young military art special white.",
        "tipo_material": "Even must center word.",
        "color": "Any many tax state necessary stuff how research.",
        "pasajero": 1
    }
},
{
    "model": "apaeropuerto.equipaje",
    "pk": 8,
    "fields": {
        "peso": 0.3575721914162865,
        "dimensiones": "Upon pretty myself allow local each fill.",
        "tipo_material": "Avoid rich top upon.",
        "color": "Long wide enter fast past PM able report.",
        "pasajero": 6
    }
},
{
    "model": "apaeropuerto.equipaje",
    "pk": 9,
    "fields": {
        "peso": 0.06921869285012672,
        "dimensiones": "Work real attorney require oil.",
        "tipo_material": "Health style ahead.",
        "color": "Whether town couple month production free carry.",
        "pasajero": 17
    }
},
{
    "model": "apaeropuerto.equipaje",
    "pk": 10,
    "fields": {
        "peso": 0.35372582946632125,
        "dimensiones": "Heavy true exactly according.",
        "tipo_material": "Attack show vote author ever.",
        "color": "Very writer among rich fund trial bill.",
        "pasajero": 13
    }
},
{
    "model": "apaeropuerto.equipaje",
    "pk": 11,
    "fields": {
        "peso": 0.6427496968539644,
        "dimensiones": "Bar more message among fly maybe.",
        "tipo_material": "American eat less shoulder.",
        "color": "Window possible good store if.",
        "pasajero": 7
    }
},
{
    "model": "apaeropuerto.equipaje",
    "pk": 12,
    "fields": {
        "peso": 0.23455912015808633,
        "dimensiones": "First join carry cell attention.",
        "tipo_material": "Forward job fine.",
        "color": "Nothing hold front clear stuff peace out.",
        "pasajero": 9
    }
},
{
    "model": "apaeropuerto.equipaje",
    "pk": 13,
    "fields": {
        "peso": 0.8494556310661944,
        "dimensiones": "Gun create at Mr step Republican.",
        "tipo_material": "Final skill firm.",
        "color": "All until push person apply.",
        "pasajero": 3
    }
},
{
    "model": "apaeropuerto.equipaje",
    "pk": 14,
    "fields": {
        "peso": 0.15774943430192545,
        "dimensiones": "Federal ago arrive think stage idea.",
        "tipo_material": "List account billion among.",
        "color": "Something instead matter huge since certainly.",
        "pasajero": 17
    }
},
{
    "model": "apaeropuerto.equipaje",
    "pk": 15,
    "fields": {
        "peso": 0.327828601278651,
        "dimensiones": "Recognize early indeed animal need.",
        "tipo_material": "Laugh enjoy data network.",
        "color": "Million police wall remember provide audience.",
        "pasajero": 2
    }
},
{
    "model": "apaeropuerto.equipaje",
    "pk": 16,
    "fields": {
        "peso": 0.7503929952410516,
        "dimensiones": "Sport light manage explain lawyer bill.",
        "tipo_material": "Believe any mind.",
        "color": "Tonight foreign role mouth.",
        "pasajero": 16
    }
},
{
    "model": "apaeropuerto.equipaje",
    "pk": 17,
    "fields": {
        "peso": 0.589487585711991,
        "dimensiones": "Machine he career customer.",
        "tipo_material": "Each inside large.",
        "color": "Draw happy rather.",
        "pasajero": 2
    }
},
{
    "model": "apaeropuerto.equipaje",
    "pk": 18,
    "fields": {
        "peso": 0.28220661343947073,
        "dimensiones": "Goal business beyond yet anyone eight.",
        "tipo_material": "Memory ask wish force.",
        "color": "True peace hand when again.",
        "pasajero": 13
    }
},
{
    "model": "apaeropuerto.equipaje",
    "pk": 19,
    "fields": {
        "peso": 0.36761963396529573,
        "dimensiones": "Parent back national.",
        "tipo_material": "Still remain prove involve.",
        "color": "Wear also girl. Can agreement choose wait.",
        "pasajero": 15
    }
},
{
    "model": "apaeropuerto.equipaje",
    "pk": 20,
    "fields": {
        "peso": 0.12114424993213024,
        "dimensiones": "Business would our decision name.",
        "tipo_material": "Point yeah realize.",
        "color": "Government candidate unit account.",
        "pasajero": 17
    }
},
{
    "model": "apaeropuerto.vueloaerolinea",
    "pk": 1,
    "fields": {
        "fecha_operacion": null,
        "estado": "",
        "clase": "E",
        "incidencias": "",
        "vuelo": 1,
        "aerolinea": 15
    }
},
{
    "model": "apaeropuerto.vueloaerolinea",
    "pk": 2,
    "fields": {
        "fecha_operacion": null,
        "estado": "",
        "clase": "E",
        "incidencias": "",
        "vuelo": 1,
        "aerolinea": 6
    }
},
{
    "model": "apaeropuerto.vueloaerolinea",
    "pk": 3,
    "fields": {
        "fecha_operacion": null,
        "estado": "",
        "clase": "E",
        "incidencias": "",
        "vuelo": 1,
        "aerolinea": 9
    }
},
{
    "model": "apaeropuerto.vueloaerolinea",
    "pk": 4,
    "fields": {
        "fecha_operacion": null,
        "estado": "",
        "clase": "E",
        "incidencias": "",
        "vuelo": 2,
        "aerolinea": 7
    }
},
{
    "model": "apaeropuerto.vueloaerolinea",
    "pk": 5,
    "fields": {
        "fecha_operacion": null,
        "estado": "",
        "clase": "E",
        "incidencias": "",
        "vuelo": 3,
        "aerolinea": 5
    }
},
{
    "model": "apaeropuerto.vueloaerolinea",
    "pk": 6,
    "fields": {
        "fecha_operacion": null,
        "estado": "",
        "clase": "E",
        "incidencias": "",
        "vuelo": 4,
        "aerolinea": 8
    }
},
{
    "model": "apaeropuerto.vueloaerolinea",
    "pk": 7,
    "fields": {
        "fecha_operacion": null,
        "estado": "",
        "clase": "E",
        "incidencias": "",
        "vuelo": 4,
        "aerolinea": 16
    }
},
{
    "model": "apaeropuerto.vueloaerolinea",
    "pk": 8,
    "fields": {
        "fecha_operacion": null,
        "estado": "",
        "clase": "E",
        "incidencias": "",
        "vuelo": 4,
        "aerolinea": 17
    }
},
{
    "model": "apaeropuerto.vueloaerolinea",
    "pk": 9,
    "fields": {
        "fecha_operacion": null,
        "estado": "",
        "clase": "E",
        "incidencias": "",
        "vuelo": 4,
        "aerolinea": 20
    }
},
{
    "model": "apaeropuerto.vueloaerolinea",
    "pk": 10,
    "fields": {
        "fecha_operacion": null,
        "estado": "",
        "clase": "E",
        "incidencias": "",
        "vuelo": 4,
        "aerolinea": 1
    }
},
{
    "model": "apaeropuerto.vueloaerolinea",
    "pk": 11,
    "fields": {
        "fecha_operacion": null,
        "estado": "",
        "clase": "E",
        "incidencias": "",
        "vuelo": 5,
        "aerolinea": 10
    }
},
{
    "model": "apaeropuerto.vueloaerolinea",
    "pk": 12,
    "fields": {
        "fecha_operacion": null,
        "estado": "",
        "clase": "E",
        "incidencias": "",
        "vuelo": 5,
        "aerolinea": 6
    }
},
{
    "model": "apaeropuerto.vueloaerolinea",
    "pk": 13,
    "fields": {
        "fecha_operacion": null,
        "estado": "",
        "clase": "E",
        "incidencias": "",
        "vuelo": 5,
        "aerolinea": 16
    }
},
{
    "model": "apaeropuerto.vueloaerolinea",
    "pk": 14,
    "fields": {
        "fecha_operacion": null,
        "estado": "",
        "clase": "E",
        "incidencias": "",
        "vuelo": 5,
        "aerolinea": 15
    }
},
{
    "model": "apaeropuerto.vueloaerolinea",
    "pk": 15,
    "fields": {
        "fecha_operacion": null,
        "estado": "",
        "clase": "E",
        "incidencias": "",
        "vuelo": 6,
        "aerolinea": 15
    }
},
{
    "model": "apaeropuerto.vueloaerolinea",
    "pk": 16,
    "fields": {
        "fecha_operacion": null,
        "estado": "",
        "clase": "E",
        "incidencias": "",
        "vuelo": 6,
        "aerolinea": 16
    }
},
{
    "model": "apaeropuerto.vueloaerolinea",
    "pk": 17,
    "fields": {
        "fecha_operacion": null,
        "estado": "",
        "clase": "E",
        "incidencias": "",
        "vuelo": 6,
        "aerolinea": 18
    }
},
{
    "model": "apaeropuerto.vueloaerolinea",
    "pk": 18,
    "fields": {
        "fecha_operacion": null,
        "estado": "",
        "clase": "E",
        "incidencias": "",
        "vuelo": 7,
        "aerolinea": 2
    }
},
{
    "model": "apaeropuerto.vueloaerolinea",
    "pk": 19,
    "fields": {
        "fecha_operacion": null,
        "estado": "",
        "clase": "E",
        "incidencias": "",
        "vuelo": 8,
        "aerolinea": 19
    }
},
{
    "model": "apaeropuerto.vueloaerolinea",
    "pk": 20,
    "fields": {
        "fecha_operacion": null,
        "estado": "",
        "clase": "E",
        "incidencias": "",
        "vuelo": 9,
        "aerolinea": 3
    }
},
{
    "model": "apaeropuerto.vueloaerolinea",
    "pk": 21,
    "fields": {
        "fecha_operacion": null,
        "estado": "",
        "clase": "E",
        "incidencias": "",
        "vuelo": 9,
        "aerolinea": 16
    }
},
{
    "model": "apaeropuerto.vueloaerolinea",
    "pk": 22,
    "fields": {
        "fecha_operacion": null,
        "estado": "",
        "clase": "E",
        "incidencias": "",
        "vuelo": 9,
        "aerolinea": 8
    }
},
{
    "model": "apaeropuerto.vueloaerolinea",
    "pk": 23,
    "fields": {
        "fecha_operacion": null,
        "estado": "",
        "clase": "E",
        "incidencias": "",
        "vuelo": 10,
        "aerolinea": 20
    }
},
{
    "model": "apaeropuerto.vueloaerolinea",
    "pk": 24,
    "fields": {
        "fecha_operacion": null,
        "estado": "",
        "clase": "E",
        "incidencias": "",
        "vuelo": 10,
        "aerolinea": 19
    }
},
{
    "model": "apaeropuerto.vueloaerolinea",
    "pk": 25,
    "fields": {
        "fecha_operacion": null,
        "estado": "",
        "clase": "E",
        "incidencias": "",
        "vuelo": 11,
        "aerolinea": 5
    }
},
{
    "model": "apaeropuerto.vueloaerolinea",
    "pk": 26,
    "fields": {
        "fecha_operacion": null,
        "estado": "",
        "clase": "E",
        "incidencias": "",
        "vuelo": 11,
        "aerolinea": 14
    }
},
{
    "model": "apaeropuerto.vueloaerolinea",
    "pk": 27,
    "fields": {
        "fecha_operacion": null,
        "estado": "",
        "clase": "E",
        "incidencias": "",
        "vuelo": 11,
        "aerolinea": 6
    }
},
{
    "model": "apaeropuerto.vueloaerolinea",
    "pk": 28,
    "fields": {
        "fecha_operacion": null,
        "estado": "",
        "clase": "E",
        "incidencias": "",
        "vuelo": 12,
        "aerolinea": 13
    }
},
{
    "model": "apaeropuerto.vueloaerolinea",
    "pk": 29,
    "fields": {
        "fecha_operacion": null,
        "estado": "",
        "clase": "E",
        "incidencias": "",
        "vuelo": 12,
        "aerolinea": 7
    }
},
{
    "model": "apaeropuerto.vueloaerolinea",
    "pk": 30,
    "fields": {
        "fecha_operacion": null,
        "estado": "",
        "clase": "E",
        "incidencias": "",
        "vuelo": 12,
        "aerolinea": 5
    }
},
{
    "model": "apaeropuerto.vueloaerolinea",
    "pk": 31,
    "fields": {
        "fecha_operacion": null,
        "estado": "",
        "clase": "E",
        "incidencias": "",
        "vuelo": 13,
        "aerolinea": 6
    }
},
{
    "model": "apaeropuerto.vueloaerolinea",
    "pk": 32,
    "fields": {
        "fecha_operacion": null,
        "estado": "",
        "clase": "E",
        "incidencias": "",
        "vuelo": 13,
        "aerolinea": 4
    }
},
{
    "model": "apaeropuerto.vueloaerolinea",
    "pk": 33,
    "fields": {
        "fecha_operacion": null,
        "estado": "",
        "clase": "E",
        "incidencias": "",
        "vuelo": 13,
        "aerolinea": 20
    }
},
{
    "model": "apaeropuerto.vueloaerolinea",
    "pk": 34,
    "fields": {
        "fecha_operacion": null,
        "estado": "",
        "clase": "E",
        "incidencias": "",
        "vuelo": 13,
        "aerolinea": 13
    }
},
{
    "model": "apaeropuerto.vueloaerolinea",
    "pk": 35,
    "fields": {
        "fecha_operacion": null,
        "estado": "",
        "clase": "E",
        "incidencias": "",
        "vuelo": 13,
        "aerolinea": 10
    }
},
{
    "model": "apaeropuerto.vueloaerolinea",
    "pk": 36,
    "fields": {
        "fecha_operacion": null,
        "estado": "",
        "clase": "E",
        "incidencias": "",
        "vuelo": 14,
        "aerolinea": 19
    }
},
{
    "model": "apaeropuerto.vueloaerolinea",
    "pk": 37,
    "fields": {
        "fecha_operacion": null,
        "estado": "",
        "clase": "E",
        "incidencias": "",
        "vuelo": 14,
        "aerolinea": 3
    }
},
{
    "model": "apaeropuerto.vueloaerolinea",
    "pk": 38,
    "fields": {
        "fecha_operacion": null,
        "estado": "",
        "clase": "E",
        "incidencias": "",
        "vuelo": 14,
        "aerolinea": 11
    }
},
{
    "model": "apaeropuerto.vueloaerolinea",
    "pk": 39,
    "fields": {
        "fecha_operacion": null,
        "estado": "",
        "clase": "E",
        "incidencias": "",
        "vuelo": 15,
        "aerolinea": 8
    }
},
{
    "model": "apaeropuerto.vueloaerolinea",
    "pk": 40,
    "fields": {
        "fecha_operacion": null,
        "estado": "",
        "clase": "E",
        "incidencias": "",
        "vuelo": 15,
        "aerolinea": 7
    }
},
{
    "model": "apaeropuerto.vueloaerolinea",
    "pk": 41,
    "fields": {
        "fecha_operacion": null,
        "estado": "",
        "clase": "E",
        "incidencias": "",
        "vuelo": 15,
        "aerolinea": 1
    }
},
{
    "model": "apaeropuerto.vueloaerolinea",
    "pk": 42,
    "fields": {
        "fecha_operacion": null,
        "estado": "",
        "clase": "E",
        "incidencias": "",
        "vuelo": 15,
        "aerolinea": 4
    }
},
{
    "model": "apaeropuerto.vueloaerolinea",
    "pk": 43,
    "fields": {
        "fecha_operacion": null,
        "estado": "",
        "clase": "E",
        "incidencias": "",
        "vuelo": 15,
        "aerolinea": 3
    }
},
{
    "model": "apaeropuerto.vueloaerolinea",
    "pk": 44,
    "fields": {
        "fecha_operacion": null,
        "estado": "",
        "clase": "E",
        "incidencias": "",
        "vuelo": 16,
        "aerolinea": 11
    }
},
{
    "model": "apaeropuerto.vueloaerolinea",
    "pk": 45,
    "fields": {
        "fecha_operacion": null,
        "estado": "",
        "clase": "E",
        "incidencias": "",
        "vuelo": 16,
        "aerolinea": 19
    }
},
{
    "model": "apaeropuerto.vueloaerolinea",
    "pk": 46,
    "fields": {
        "fecha_operacion": null,
        "estado": "",
        "clase": "E",
        "incidencias": "",
        "vuelo": 16,
        "aerolinea": 1
    }
},
{
    "model": "apaeropuerto.vueloaerolinea",
    "pk": 47,
    "fields": {
        "fecha_operacion": null,
        "estado": "",
        "clase": "E",
        "incidencias": "",
        "vuelo": 16,
        "aerolinea": 13
    }
},
{
    "model": "apaeropuerto.vueloaerolinea",
    "pk": 48,
    "fields": {
        "fecha_operacion": null,
        "estado": "",
        "clase": "E",
        "incidencias": "",
        "vuelo": 16,
        "aerolinea": 15
    }
},
{
    "model": "apaeropuerto.vueloaerolinea",
    "pk": 49,
    "fields": {
        "fecha_operacion": null,
        "estado": "",
        "clase": "E",
        "incidencias": "",
        "vuelo": 17,
        "aerolinea": 18
    }
},
{
    "model": "apaeropuerto.vueloaerolinea",
    "pk": 50,
    "fields": {
        "fecha_operacion": null,
        "estado": "",
        "clase": "E",
        "incidencias": "",
        "vuelo": 17,
        "aerolinea": 16
    }
},
{
    "model": "apaeropuerto.vueloaerolinea",
    "pk": 51,
    "fields": {
        "fecha_operacion": null,
        "estado": "",
        "clase": "E",
        "incidencias": "",
        "vuelo": 17,
        "aerolinea": 2
    }
},
{
    "model": "apaeropuerto.vueloaerolinea",
    "pk": 52,
    "fields": {
        "fecha_operacion": null,
        "estado": "",
        "clase": "E",
        "incidencias": "",
        "vuelo": 18,
        "aerolinea": 8
    }
},
{
    "model": "apaeropuerto.vueloaerolinea",
    "pk": 53,
    "fields": {
        "fecha_operacion": null,
        "estado": "",
        "clase": "E",
        "incidencias": "",
        "vuelo": 18,
        "aerolinea": 15
    }
},
{
    "model": "apaeropuerto.vueloaerolinea",
    "pk": 54,
    "fields": {
        "fecha_operacion": null,
        "estado": "",
        "clase": "E",
        "incidencias": "",
        "vuelo": 18,
        "aerolinea": 2
    }
},
{
    "model": "apaeropuerto.vueloaerolinea",
    "pk": 55,
    "fields": {
        "fecha_operacion": null,
        "estado": "",
        "clase": "E",
        "incidencias": "",
        "vuelo": 19,
        "aerolinea": 11
    }
},
{
    "model": "apaeropuerto.vueloaerolinea",
    "pk": 56,
    "fields": {
        "fecha_operacion": null,
        "estado": "",
        "clase": "E",
        "incidencias": "",
        "vuelo": 19,
        "aerolinea": 19
    }
},
{
    "model": "apaeropuerto.vueloaerolinea",
    "pk": 57,
    "fields": {
        "fecha_operacion": null,
        "estado": "",
        "clase": "E",
        "incidencias": "",
        "vuelo": 19,
        "aerolinea": 18
    }
},
{
    "model": "apaeropuerto.vueloaerolinea",
    "pk": 58,
    "fields": {
        "fecha_operacion": null,
        "estado": "",
        "clase": "E",
        "incidencias": "",
        "vuelo": 19,
        "aerolinea": 7
    }
},
{
    "model": "apaeropuerto.vueloaerolinea",
    "pk": 59,
    "fields": {
        "fecha_operacion": null,
        "estado": "",
        "clase": "E",
        "incidencias": "",
        "vuelo": 20,
        "aerolinea": 11
    }
},
{
    "model": "apaeropuerto.vueloaerolinea",
    "pk": 60,
    "fields": {
        "fecha_operacion": null,
        "estado": "",
        "clase": "E",
        "incidencias": "",
        "vuelo": 20,
        "aerolinea": 4
    }
},
{
    "model": "apaeropuerto.vueloaerolinea",
    "pk": 61,
    "fields": {
        "fecha_operacion": null,
        "estado": "",
        "clase": "E",
        "incidencias": "",
        "vuelo": 20,
        "aerolinea": 13
    }
},
{
    "model": "apaeropuerto.vueloaerolinea",
    "pk": 62,
    "fields": {
        "fecha_operacion": "2013-01-22T08:58:36.734",
        "estado": "Strategy modern open face here. Very first look five throw happy.\nDecade yard possible seem show. Lay sure also mother beyond science low floor.",
        "clase": "E",
        "incidencias": "Another shake player story their. Itself wait get view city key another.",
        "vuelo": 13,
        "aerolinea": 3
    }
},
{
    "model": "apaeropuerto.vueloaerolinea",
    "pk": 63,
    "fields": {
        "fecha_operacion": "2015-01-09T04:11:20.606",
        "estado": "Collection only pay computer inside dream wide. Husband class question type ready. Amount system able notice research. Machine that south right.",
        "clase": "E",
        "incidencias": "Structure now network read learn state. Customer development responsibility system two local grow.",
        "vuelo": 12,
        "aerolinea": 14
    }
},
{
    "model": "apaeropuerto.vueloaerolinea",
    "pk": 64,
    "fields": {
        "fecha_operacion": "1982-11-23T15:29:32.511",
        "estado": "Food you leader morning. Pick herself research charge knowledge. Mind her school chair.",
        "clase": "E",
        "incidencias": "History enjoy data whether. Own fly beyond me air. Happen expert kind institution safe time.",
        "vuelo": 9,
        "aerolinea": 5
    }
},
{
    "model": "apaeropuerto.vueloaerolinea",
    "pk": 65,
    "fields": {
        "fecha_operacion": "1988-01-27T08:46:34.385",
        "estado": "Professor front special already network star. Base movement national political cell top.\nPlant year matter easy there federal involve. Best become threat.",
        "clase": "E",
        "incidencias": "Light realize laugh air look. For only beat win figure.",
        "vuelo": 13,
        "aerolinea": 14
    }
},
{
    "model": "apaeropuerto.vueloaerolinea",
    "pk": 66,
    "fields": {
        "fecha_operacion": "2004-11-14T05:56:49.846",
        "estado": "Participant social save work society. Step future you do per and. Of garden weight.\nMention fire modern certain open present behind. Affect reduce authority.",
        "clase": "E",
        "incidencias": "Us away wide speak everybody surface. Hope organization include TV fast.",
        "vuelo": 6,
        "aerolinea": 6
    }
},
{
    "model": "apaeropuerto.vueloaerolinea",
    "pk": 67,
    "fields": {
        "fecha_operacion": "2009-11-19T11:41:26.079",
        "estado": "Join late issue once. Ability size security ask. Performance their soon billion table person score.",
        "clase": "E",
        "incidencias": "Today fight everybody into. Memory note question dark worry beat between. Total ever art seat.",
        "vuelo": 5,
        "aerolinea": 15
    }
},
{
    "model": "apaeropuerto.vueloaerolinea",
    "pk": 68,
    "fields": {
        "fecha_operacion": "2006-01-03T06:18:23.715",
        "estado": "Scientist whatever each run home term. Standard today so evening.\nProject claim already college project mention rule story. Quite office imagine difficult note nearly.",
        "clase": "E",
        "incidencias": "Pm article personal before. Blue soldier join may into provide four. Accept face road increase at.",
        "vuelo": 9,
        "aerolinea": 6
    }
},
{
    "model": "apaeropuerto.vueloaerolinea",
    "pk": 69,
    "fields": {
        "fecha_operacion": "2004-06-13T16:45:57.456",
        "estado": "Spring lot effect program address other among. College economic despite raise including student field. Mean interesting maybe alone break sometimes cultural.",
        "clase": "E",
        "incidencias": "Condition yes administration part still arm. Able citizen work similar.",
        "vuelo": 9,
        "aerolinea": 9
    }
},
{
    "model": "apaeropuerto.vueloaerolinea",
    "pk": 70,
    "fields": {
        "fecha_operacion": "1987-09-17T19:08:37.380",
        "estado": "Paper population recent source third.\nPull full lot media responsibility politics high blood. Hope language difference those difficult president work than.",
        "clase": "E",
        "incidencias": "Democrat should others thousand pick PM ahead. Something environmental little available available.",
        "vuelo": 8,
        "aerolinea": 7
    }
},
{
    "model": "apaeropuerto.vueloaerolinea",
    "pk": 71,
    "fields": {
        "fecha_operacion": "2010-02-25T06:34:48.659",
        "estado": "Medical another buy seem open.\nSpace describe trial soon. After so fight push. Bill night culture people.\nHeavy imagine social general feel. Result main me always. Apply bit believe toward would.",
        "clase": "E",
        "incidencias": "Result cover build physical. Again important because establish fly hour big.",
        "vuelo": 5,
        "aerolinea": 13
    }
},
{
    "model": "apaeropuerto.vueloaerolinea",
    "pk": 72,
    "fields": {
        "fecha_operacion": "1977-02-07T18:18:29.467",
        "estado": "Left tell reflect. Technology believe the term real range water watch. Table necessary down rest professor.\nCultural any age group meeting wife ten. Argue specific shake although generation.",
        "clase": "E",
        "incidencias": "Within bring adult sport. Dog fact rich land. Election school wonder one early.",
        "vuelo": 9,
        "aerolinea": 1
    }
},
{
    "model": "apaeropuerto.vueloaerolinea",
    "pk": 73,
    "fields": {
        "fecha_operacion": "1996-08-08T06:28:52.287",
        "estado": "Itself house consider enough drop position.\nTeam choice deal member. Bag minute them soldier. Huge imagine story.\nNone process record enter unit. Three set when address force like same.",
        "clase": "E",
        "incidencias": "Crime leader image arm bed will. Free support edge yes. Late majority democratic different.",
        "vuelo": 6,
        "aerolinea": 8
    }
},
{
    "model": "apaeropuerto.vueloaerolinea",
    "pk": 74,
    "fields": {
        "fecha_operacion": "2011-11-15T12:37:31.375",
        "estado": "Employee summer health walk view right performance. Woman perhaps move fill stop really make.\nBecause positive them party. Open degree yet election down. Resource part soon reveal collection future.",
        "clase": "E",
        "incidencias": "Defense everything that often foreign. Glass they door bag its bed what nice.",
        "vuelo": 4,
        "aerolinea": 16
    }
},
{
    "model": "apaeropuerto.vueloaerolinea",
    "pk": 75,
    "fields": {
        "fecha_operacion": "2000-11-07T03:23:45.151",
        "estado": "Program citizen recognize cause. I team stay issue.\nUnder sing condition shake carry teacher name arrive. Before get few benefit itself specific long. Similar guy energy middle however.",
        "clase": "E",
        "incidencias": "Stay although mother people network.",
        "vuelo": 14,
        "aerolinea": 11
    }
},
{
    "model": "apaeropuerto.vueloaerolinea",
    "pk": 76,
    "fields": {
        "fecha_operacion": "2006-04-15T06:08:57.551",
        "estado": "Record same skin treat item. Performance project city size.\nOfficial large general. Step less keep far beautiful environmental. Network note half protect church environment attention.",
        "clase": "E",
        "incidencias": "Inside finish move fund arm treatment. Receive son of next current open. Also party ok over.",
        "vuelo": 17,
        "aerolinea": 8
    }
},
{
    "model": "apaeropuerto.vueloaerolinea",
    "pk": 77,
    "fields": {
        "fecha_operacion": "2015-09-12T06:26:56.293",
        "estado": "Cultural tend I each. Question less sister check real. Young throughout player here their.",
        "clase": "E",
        "incidencias": "Single sort building outside reason. Again her who.",
        "vuelo": 1,
        "aerolinea": 2
    }
},
{
    "model": "apaeropuerto.vueloaerolinea",
    "pk": 78,
    "fields": {
        "fecha_operacion": "1975-05-07T06:04:55.192",
        "estado": "Manager hair by see suddenly. Artist interest whose. Quite many determine commercial. Four read increase program itself know.",
        "clase": "E",
        "incidencias": "American property seven lose ability camera. Ahead candidate sound under our course program term.",
        "vuelo": 7,
        "aerolinea": 19
    }
},
{
    "model": "apaeropuerto.vueloaerolinea",
    "pk": 79,
    "fields": {
        "fecha_operacion": "1977-08-10T22:05:33.541",
        "estado": "East owner support role former TV although little. Season themselves property marriage foot. No bar name either.",
        "clase": "E",
        "incidencias": "Raise yes section value. Cold attorney contain candidate begin least let his.",
        "vuelo": 17,
        "aerolinea": 15
    }
},
{
    "model": "apaeropuerto.vueloaerolinea",
    "pk": 80,
    "fields": {
        "fecha_operacion": "2020-05-01T05:44:58.946",
        "estado": "International help middle. Involve economy mother second style degree themselves employee. Shoulder nearly media western.",
        "clase": "E",
        "incidencias": "Card body system task forget cover. Certainly present minute north field. List heavy return bag.",
        "vuelo": 15,
        "aerolinea": 12
    }
},
{
    "model": "apaeropuerto.vueloaerolinea",
    "pk": 81,
    "fields": {
        "fecha_operacion": "2002-12-16T04:00:01.626",
        "estado": "Around hair cold bad. Beautiful international art decide subject without. Need idea trouble century by run.",
        "clase": "E",
        "incidencias": "Establish east high factor right job. Available south have three campaign.",
        "vuelo": 2,
        "aerolinea": 18
    }
},
{
    "model": "apaeropuerto.reserva",
    "pk": 1,
    "fields": {
        "fecha_reserva": "2024-10-28T13:25:15.200",
        "codigo_descueto": "Civil simple one employee have manage town.",
        "metodo_pago": "tarjeta",
        "estado_de_pago": false,
        "pasajero": 8,
        "vuelo": 4
    }
},
{
    "model": "apaeropuerto.reserva",
    "pk": 2,
    "fields": {
        "fecha_reserva": "2024-10-28T13:25:15.200",
        "codigo_descueto": "Every rich few purpose. Those society occur usually all manage.",
        "metodo_pago": "tarjeta",
        "estado_de_pago": true,
        "pasajero": 20,
        "vuelo": 16
    }
},
{
    "model": "apaeropuerto.reserva",
    "pk": 3,
    "fields": {
        "fecha_reserva": "2024-10-28T13:25:15.200",
        "codigo_descueto": "Own process represent finally. Article arm technology look. Here know course color her model tend.",
        "metodo_pago": "tarjeta",
        "estado_de_pago": false,
        "pasajero": 9,
        "vuelo": 7
    }
},
{
    "model": "apaeropuerto.reserva",
    "pk": 4,
    "fields": {
        "fecha_reserva": "2024-10-28T13:25:15.200",
        "codigo_descueto": "Wide all green exist yes describe what. Seek hand great employee.",
        "metodo_pago": "tarjeta",
        "estado_de_pago": true,
        "pasajero": 16,
        "vuelo": 12
    }
},
{
    "model": "apaeropuerto.reserva",
    "pk": 5,
    "fields": {
        "fecha_reserva": "2024-10-28T13:25:15.200",
        "codigo_descueto": "Ok painting manage address local himself.",
        "metodo_pago": "tarjeta",
        "estado_de_pago": true,
        "pasajero": 2,
        "vuelo": 17
    }
},
{
    "model": "apaeropuerto.reserva",
    "pk": 6,
    "fields": {
        "fecha_reserva": "2024-10-28T13:25:15.200",
        "codigo_descueto": "College anything should so option player. Also star goal ability occur soon effect.",
        "metodo_pago": "tarjeta",
        "estado_de_pago": true,
        "pasajero": 6,
        "vuelo": 6
    }
},
{
    "model": "apaeropuerto.reserva",
    "pk": 7,
    "fields": {
        "fecha_reserva": "2024-10-28T13:25:15.200",
        "codigo_descueto": "Computer need foot wait. None summer budget require true certainly practice work.",
        "metodo_pago": "tarjeta",
        "estado_de_pago": false,
        "pasajero": 11,
        "vuelo": 10
    }
},
{
    "model": "apaeropuerto.reserva",
    "pk": 8,
    "fields": {
        "fecha_reserva": "2024-10-28T13:25:15.200",
        "codigo_descueto": "Late notice available continue. Record water election kid month.",
        "metodo_pago": "tarjeta",
        "estado_de_pago": true,
        "pasajero": 10,
        "vuelo": 3
    }
},
{
    "model": "apaeropuerto.reserva",
    "pk": 9,
    "fields": {
        "fecha_reserva": "2024-10-28T13:25:15.200",
        "codigo_descueto": "Goal bill mother several. Although nation listen any eye.",
        "metodo_pago": "tarjeta",
        "estado_de_pago": true,
        "pasajero": 17,
        "vuelo": 1
    }
},
{
    "model": "apaeropuerto.reserva",
    "pk": 10,
    "fields": {
        "fecha_reserva": "2024-10-28T13:25:15.200",
        "codigo_descueto": "Cell probably stand seat ago poor democratic.\nNot executive those time. Out sort parent.",
        "metodo_pago": "tarjeta",
        "estado_de_pago": false,
        "pasajero": 13,
        "vuelo": 3
    }
},
{
    "model": "apaeropuerto.reserva",
    "pk": 11,
    "fields": {
        "fecha_reserva": "2024-10-28T13:25:15.200",
        "codigo_descueto": "Fly response police toward next. Win him figure drug goal professor fire dark.",
        "metodo_pago": "tarjeta",
        "estado_de_pago": true,
        "pasajero": 14,
        "vuelo": 11
    }
},
{
    "model": "apaeropuerto.reserva",
    "pk": 12,
    "fields": {
        "fecha_reserva": "2024-10-28T13:25:15.200",
        "codigo_descueto": "Drive themselves wish city enough city. Address adult think call require attorney.",
        "metodo_pago": "tarjeta",
        "estado_de_pago": true,
        "pasajero": 12,
        "vuelo": 16
    }
},
{
    "model": "apaeropuerto.reserva",
    "pk": 13,
    "fields": {
        "fecha_reserva": "2024-10-28T13:25:15.200",
        "codigo_descueto": "Always keep share TV Congress physical. Food mean one sister. Woman easy two message.",
        "metodo_pago": "tarjeta",
        "estado_de_pago": false,
        "pasajero": 9,
        "vuelo": 19
    }
},
{
    "model": "apaeropuerto.reserva",
    "pk": 14,
    "fields": {
        "fecha_reserva": "2024-10-28T13:25:15.200",
        "codigo_descueto": "Stand sound weight employee. Off expect inside three. Feeling relationship program off.",
        "metodo_pago": "tarjeta",
        "estado_de_pago": true,
        "pasajero": 7,
        "vuelo": 1
    }
},
{
    "model": "apaeropuerto.reserva",
    "pk": 15,
    "fields": {
        "fecha_reserva": "2024-10-28T13:25:15.200",
        "codigo_descueto": "Skin certainly offer nothing offer. Measure later these.",
        "metodo_pago": "tarjeta",
        "estado_de_pago": false,
        "pasajero": 3,
        "vuelo": 1
    }
},
{
    "model": "apaeropuerto.reserva",
    "pk": 16,
    "fields": {
        "fecha_reserva": "2024-10-28T13:25:15.200",
        "codigo_descueto": "Situation improve expect well wind idea direction. Check pattern go owner right operation.",
        "metodo_pago": "tarjeta",
        "estado_de_pago": false,
        "pasajero": 15,
        "vuelo": 18
    }
},
{
    "model": "apaeropuerto.reserva",
    "pk": 17,
    "fields": {
        "fecha_reserva": "2024-10-28T13:25:15.200",
        "codigo_descueto": "Lose city natural threat from control. City four wrong term.",
        "metodo_pago": "tarjeta",
        "estado_de_pago": true,
        "pasajero": 1,
        "vuelo": 6
    }
},
{
    "model": "apaeropuerto.reserva",
    "pk": 18,
    "fields": {
        "fecha_reserva": "2024-10-28T13:25:15.200",
        "codigo_descueto": "Where tell field inside partner sister simple. Usually remain sure.",
        "metodo_pago": "tarjeta",
        "estado_de_pago": false,
        "pasajero": 8,
        "vuelo": 5
    }
},
{
    "model": "apaeropuerto.reserva",
    "pk": 19,
    "fields": {
        "fecha_reserva": "2024-10-28T13:25:15.200",
        "codigo_descueto": "Attack large president themselves discuss watch south. Skin young ground quickly some from.",
        "metodo_pago": "tarjeta",
        "estado_de_pago": false,
        "pasajero": 8,
        "vuelo": 17
    }
},
{
    "model": "apaeropuerto.reserva",
    "pk": 20,
    "fields": {
        "fecha_reserva": "2024-10-28T13:25:15.200",
        "codigo_descueto": "Beat huge include. Black least threat sometimes charge just. Surface note hour east practice boy.",
        "metodo_pago": "tarjeta",
        "estado_de_pago": true,
        "pasajero": 3,
        "vuelo": 13
    }
},
{
    "model": "apaeropuerto.asiento",
    "pk": 1,
    "fields": {
        "clase": "E",
        "precio": "0.15",
        "posicion": "P",
        "sistema_entretenimiento": false,
        "vuelo": 9,
        "pasajero": 7
    }
},
{
    "model": "apaeropuerto.asiento",
    "pk": 2,
    "fields": {
        "clase": "E",
        "precio": "0.91",
        "posicion": "P",
        "sistema_entretenimiento": false,
        "vuelo": 6,
        "pasajero": 15
    }
},
{
    "model": "apaeropuerto.asiento",
    "pk": 3,
    "fields": {
        "clase": "E",
        "precio": "0.19",
        "posicion": "M",
        "sistema_entretenimiento": false,
        "vuelo": 19,
        "pasajero": 19
    }
},
{
    "model": "apaeropuerto.asiento",
    "pk": 4,
    "fields": {
        "clase": "E",
        "precio": "0.15",
        "posicion": "V",
        "sistema_entretenimiento": true,
        "vuelo": 5,
        "pasajero": 13
    }
},
{
    "model": "apaeropuerto.asiento",
    "pk": 5,
    "fields": {
        "clase": "E",
        "precio": "0.42",
        "posicion": "V",
        "sistema_entretenimiento": false,
        "vuelo": 11,
        "pasajero": 15
    }
},
{
    "model": "apaeropuerto.asiento",
    "pk": 6,
    "fields": {
        "clase": "E",
        "precio": "0.11",
        "posicion": "P",
        "sistema_entretenimiento": true,
        "vuelo": 20,
        "pasajero": 13
    }
},
{
    "model": "apaeropuerto.asiento",
    "pk": 7,
    "fields": {
        "clase": "E",
        "precio": "0.42",
        "posicion": "V",
        "sistema_entretenimiento": true,
        "vuelo": 12,
        "pasajero": 16
    }
},
{
    "model": "apaeropuerto.asiento",
    "pk": 8,
    "fields": {
        "clase": "E",
        "precio": "0.83",
        "posicion": "M",
        "sistema_entretenimiento": true,
        "vuelo": 8,
        "pasajero": 7
    }
},
{
    "model": "apaeropuerto.asiento",
    "pk": 9,
    "fields": {
        "clase": "E",
        "precio": "0.40",
        "posicion": "M",
        "sistema_entretenimiento": false,
        "vuelo": 14,
        "pasajero": 19
    }
},
{
    "model": "apaeropuerto.asiento",
    "pk": 10,
    "fields": {
        "clase": "E",
        "precio": "0.34",
        "posicion": "M",
        "sistema_entretenimiento": true,
        "vuelo": 16,
        "pasajero": 14
    }
},
{
    "model": "apaeropuerto.asiento",
    "pk": 11,
    "fields": {
        "clase": "E",
        "precio": "0.35",
        "posicion": "V",
        "sistema_entretenimiento": false,
        "vuelo": 14,
        "pasajero": 12
    }
},
{
    "model": "apaeropuerto.asiento",
    "pk": 12,
    "fields": {
        "clase": "E",
        "precio": "0.81",
        "posicion": "P",
        "sistema_entretenimiento": false,
        "vuelo": 17,
        "pasajero": 13
    }
},
{
    "model": "apaeropuerto.asiento",
    "pk": 13,
    "fields": {
        "clase": "E",
        "precio": "0.50",
        "posicion": "M",
        "sistema_entretenimiento": true,
        "vuelo": 16,
        "pasajero": 3
    }
},
{
    "model": "apaeropuerto.asiento",
    "pk": 14,
    "fields": {
        "clase": "E",
        "precio": "0.92",
        "posicion": "V",
        "sistema_entretenimiento": false,
        "vuelo": 17,
        "pasajero": 1
    }
},
{
    "model": "apaeropuerto.asiento",
    "pk": 15,
    "fields": {
        "clase": "E",
        "precio": "0.32",
        "posicion": "P",
        "sistema_entretenimiento": false,
        "vuelo": 16,
        "pasajero": 16
    }
},
{
    "model": "apaeropuerto.asiento",
    "pk": 16,
    "fields": {
        "clase": "E",
        "precio": "0.77",
        "posicion": "M",
        "sistema_entretenimiento": false,
        "vuelo": 18,
        "pasajero": 11
    }
},
{
    "model": "apaeropuerto.asiento",
    "pk": 17,
    "fields": {
        "clase": "E",
        "precio": "0.87",
        "posicion": "P",
        "sistema_entretenimiento": true,
        "vuelo": 7,
        "pasajero": 5
    }
},
{
    "model": "apaeropuerto.asiento",
    "pk": 18,
    "fields": {
        "clase": "E",
        "precio": "0.35",
        "posicion": "V",
        "sistema_entretenimiento": false,
        "vuelo": 16,
        "pasajero": 19
    }
},
{
    "model": "apaeropuerto.asiento",
    "pk": 19,
    "fields": {
        "clase": "E",
        "precio": "0.58",
        "posicion": "P",
        "sistema_entretenimiento": false,
        "vuelo": 14,
        "pasajero": 1
    }
},
{
    "model": "apaeropuerto.asiento",
    "pk": 20,
    "fields": {
        "clase": "E",
        "precio": "0.97",
        "posicion": "P",
        "sistema_entretenimiento": true,
        "vuelo": 16,
        "pasajero": 19
    }
},
{
    "model": "apaeropuerto.servicio",
    "pk": 1,
    "fields": {
        "tipo_servicio": "Range medical those social record. With power fight crime above.",
        "costo": 0.3550270608439975,
        "duracion_servicio": "04:59:59",
        "añadido": "Every PM east. Reflect most four child security senior create.",
        "aeropuerto": [
            3
        ]
    }
},
{
    "model": "apaeropuerto.servicio",
    "pk": 2,
    "fields": {
        "tipo_servicio": "Under back the determine save. Leader cost imagine arrive.",
        "costo": 0.7704555501531004,
        "duracion_servicio": "08:24:38",
        "añadido": "Man total sell production explain manager dog. Her increase recently rather.",
        "aeropuerto": [
            11
        ]
    }
},
{
    "model": "apaeropuerto.servicio",
    "pk": 3,
    "fields": {
        "tipo_servicio": "Indicate cold public show open. Significant them the listen.",
        "costo": 0.1983453626551307,
        "duracion_servicio": "15:24:08",
        "añadido": "Actually sometimes town save window. Off room who fast. Investment if should dinner against.",
        "aeropuerto": [
            4,
            8,
            13
        ]
    }
},
{
    "model": "apaeropuerto.servicio",
    "pk": 4,
    "fields": {
        "tipo_servicio": "Cost in morning her company lay only quickly. Director compare method itself poor force across.",
        "costo": 0.3536417992571409,
        "duracion_servicio": "01:22:33",
        "añadido": "Season above important spend budget become speak. Wear though person movie dog population.",
        "aeropuerto": [
            10,
            14
        ]
    }
},
{
    "model": "apaeropuerto.servicio",
    "pk": 5,
    "fields": {
        "tipo_servicio": "Leg natural voice join.",
        "costo": 0.9143649509758034,
        "duracion_servicio": "11:50:22",
        "añadido": "Discussion computer decide expert whatever. Specific music dinner dinner.",
        "aeropuerto": [
            2,
            7,
            9,
            10,
            11
        ]
    }
},
{
    "model": "apaeropuerto.servicio",
    "pk": 6,
    "fields": {
        "tipo_servicio": "Current child around.\nDecade everybody around. Away us get officer.",
        "costo": 0.5376852634463706,
        "duracion_servicio": "00:57:50",
        "añadido": "Also age court whatever lead receive. Purpose break kitchen together community course.",
        "aeropuerto": [
            13,
            16
        ]
    }
},
{
    "model": "apaeropuerto.servicio",
    "pk": 7,
    "fields": {
        "tipo_servicio": "Federal listen none six old teacher woman. Financial perform brother.",
        "costo": 0.569722171092058,
        "duracion_servicio": "10:10:09",
        "añadido": "Might plant ball soon young open early federal. Performance property security reach avoid.",
        "aeropuerto": [
            15
        ]
    }
},
{
    "model": "apaeropuerto.servicio",
    "pk": 8,
    "fields": {
        "tipo_servicio": "Star long scene minute. Anything list you mother.",
        "costo": 0.33202310439593985,
        "duracion_servicio": "11:46:51",
        "añadido": "List sense good wonder end bring. Safe determine buy along.",
        "aeropuerto": [
            11,
            19
        ]
    }
},
{
    "model": "apaeropuerto.servicio",
    "pk": 9,
    "fields": {
        "tipo_servicio": "Weight still country beyond risk per charge. Street carry whom but.",
        "costo": 0.03971881797829302,
        "duracion_servicio": "14:25:03",
        "añadido": "Lot discover man could. Concern run type certainly federal.",
        "aeropuerto": [
            1,
            2,
            6,
            18
        ]
    }
},
{
    "model": "apaeropuerto.servicio",
    "pk": 10,
    "fields": {
        "tipo_servicio": "Pick get serious. Look worry father.",
        "costo": 0.19508420231287094,
        "duracion_servicio": "21:26:50",
        "añadido": "Training computer charge little where. Yes education different figure home since.",
        "aeropuerto": [
            5,
            7,
            9,
            10
        ]
    }
},
{
    "model": "apaeropuerto.servicio",
    "pk": 11,
    "fields": {
        "tipo_servicio": "Rich trouble more worry. Attention quality last response.",
        "costo": 0.45283404029623653,
        "duracion_servicio": "12:37:42",
        "añadido": "Action free difficult well suddenly special. Goal trouble way down million reach.",
        "aeropuerto": [
            5
        ]
    }
},
{
    "model": "apaeropuerto.servicio",
    "pk": 12,
    "fields": {
        "tipo_servicio": "Central large for get plant arrive stock. Class all responsibility hundred society central.",
        "costo": 0.971860813524951,
        "duracion_servicio": "03:55:38",
        "añadido": "Pay cold yard I economy but here. Rock design threat risk. Learn local compare yard.",
        "aeropuerto": [
            3
        ]
    }
},
{
    "model": "apaeropuerto.servicio",
    "pk": 13,
    "fields": {
        "tipo_servicio": "Once herself adult out protect matter after. Because write bag hard.",
        "costo": 0.4156535531410176,
        "duracion_servicio": "05:55:21",
        "añadido": "Develop staff source. Center available mention.",
        "aeropuerto": [
            7
        ]
    }
},
{
    "model": "apaeropuerto.servicio",
    "pk": 14,
    "fields": {
        "tipo_servicio": "Capital budget produce traditional outside need. A military society whatever give red girl.",
        "costo": 0.03691890068593018,
        "duracion_servicio": "14:21:43",
        "añadido": "Time carry success specific. Notice force one left myself. Even doctor hear west discuss plan ago.",
        "aeropuerto": [
            7,
            10
        ]
    }
},
{
    "model": "apaeropuerto.servicio",
    "pk": 15,
    "fields": {
        "tipo_servicio": "Else letter despite part local knowledge third. Heart address teacher line run information like.",
        "costo": 0.3041410631045043,
        "duracion_servicio": "22:25:33",
        "añadido": "Pretty better cost end campaign agree ok.",
        "aeropuerto": [
            5,
            6,
            17,
            19
        ]
    }
},
{
    "model": "apaeropuerto.servicio",
    "pk": 16,
    "fields": {
        "tipo_servicio": "Learn effort wrong Mr scientist number. Top sometimes project these next. Must owner attorney.",
        "costo": 0.21383582279594915,
        "duracion_servicio": "17:32:19",
        "añadido": "New go rule rule drive include. Song space put you suddenly.",
        "aeropuerto": [
            7,
            8,
            17,
            20
        ]
    }
},
{
    "model": "apaeropuerto.servicio",
    "pk": 17,
    "fields": {
        "tipo_servicio": "Image kind necessary cover open fine anyone official. Most still difference its father.",
        "costo": 0.18015121337284223,
        "duracion_servicio": "12:11:14",
        "añadido": "Democratic kid crime action. According run describe hair only family.",
        "aeropuerto": [
            15
        ]
    }
},
{
    "model": "apaeropuerto.servicio",
    "pk": 18,
    "fields": {
        "tipo_servicio": "Often different everyone important. Performance area trip box newspaper.",
        "costo": 0.7370279724573657,
        "duracion_servicio": "04:31:00",
        "añadido": "State much subject question tree. Song appear information possible church east language.",
        "aeropuerto": [
            1,
            2,
            9,
            14,
            20
        ]
    }
},
{
    "model": "apaeropuerto.servicio",
    "pk": 19,
    "fields": {
        "tipo_servicio": "Rock thing system reveal another bring magazine. More piece require officer take trade sound.",
        "costo": 0.7229067174526684,
        "duracion_servicio": "03:44:00",
        "añadido": "Newspaper occur wear power simple find course. Industry experience near.",
        "aeropuerto": [
            7
        ]
    }
},
{
    "model": "apaeropuerto.servicio",
    "pk": 20,
    "fields": {
        "tipo_servicio": "Network fill case health both. There blood physical real industry our. Born month once mention.",
        "costo": 0.1660740684856984,
        "duracion_servicio": "13:48:11",
        "añadido": "Southern sign painting any. Box free price imagine quality.",
        "aeropuerto": [
            7,
            12,
            14
        ]
    }
},
{
    "model": "apaeropuerto.empleado",
    "pk": 1,
    "fields": {
        "nombre": "American with fill response trade. Old leave western something tonight nice bill.",
        "apellido": "Edge computer blue detail. Name him dark what per maybe reason.",
        "cargo": "EM",
        "fecha_contratacion": "2011-06-21",
        "servicio": 17
    }
},
{
    "model": "apaeropuerto.empleado",
    "pk": 2,
    "fields": {
        "nombre": "Baby political stay rock administration teacher note.",
        "apellido": "Tonight help nor dinner improve wish. Also site arrive could.",
        "cargo": "EM",
        "fecha_contratacion": "2020-04-02",
        "servicio": 17
    }
},
{
    "model": "apaeropuerto.empleado",
    "pk": 3,
    "fields": {
        "nombre": "Price pressure thought any. Decide girl PM he far. Fine crime energy grow.",
        "apellido": "Yard course program economic. Account bit join expert by here.",
        "cargo": "EM",
        "fecha_contratacion": "1992-07-27",
        "servicio": 17
    }
},
{
    "model": "apaeropuerto.empleado",
    "pk": 4,
    "fields": {
        "nombre": "Activity seem marriage spring mention during. Remain occur seem no time.",
        "apellido": "Scientist anyone fire stage. Economic remain question analysis.",
        "cargo": "EM",
        "fecha_contratacion": "2004-10-23",
        "servicio": 15
    }
},
{
    "model": "apaeropuerto.empleado",
    "pk": 5,
    "fields": {
        "nombre": "Low note within. Hospital tonight market little them. Account sometimes lot since.",
        "apellido": "Relationship from physical thousand attorney. Drive throw attention writer data identify.",
        "cargo": "EM",
        "fecha_contratacion": "2006-03-30",
        "servicio": 18
    }
},
{
    "model": "apaeropuerto.empleado",
    "pk": 6,
    "fields": {
        "nombre": "Memory war town best whether visit especially. Finally phone stop energy receive.",
        "apellido": "Fast list day two main suffer son. Paper range international one wonder put moment.",
        "cargo": "EM",
        "fecha_contratacion": "2023-01-07",
        "servicio": 3
    }
},
{
    "model": "apaeropuerto.empleado",
    "pk": 7,
    "fields": {
        "nombre": "Decade probably concern dream. Cover window scene sense store simple.",
        "apellido": "Arm soon factor need state difficult. Floor a show away eat. End receive agent drive service money.",
        "cargo": "EM",
        "fecha_contratacion": "2022-04-01",
        "servicio": 10
    }
},
{
    "model": "apaeropuerto.empleado",
    "pk": 8,
    "fields": {
        "nombre": "Particularly yeah style be speak. Far wrong lot charge field after.",
        "apellido": "Ask finally push feel become. Send talk guess individual. Hold head yourself education.",
        "cargo": "EM",
        "fecha_contratacion": "1976-11-08",
        "servicio": 11
    }
},
{
    "model": "apaeropuerto.empleado",
    "pk": 9,
    "fields": {
        "nombre": "Movement morning significant role onto third. Prove box care.",
        "apellido": "Event at young skin window. Including protect adult fight wear easy defense her.",
        "cargo": "EM",
        "fecha_contratacion": "2019-12-26",
        "servicio": 1
    }
},
{
    "model": "apaeropuerto.empleado",
    "pk": 10,
    "fields": {
        "nombre": "Young organization lead media should market almost. Everyone anyone bar cold.",
        "apellido": "Tv thought job work. View point his into in.",
        "cargo": "EM",
        "fecha_contratacion": "1973-05-04",
        "servicio": 11
    }
},
{
    "model": "apaeropuerto.empleado",
    "pk": 11,
    "fields": {
        "nombre": "Leg network back century sure perform. Similar myself city million across something figure.",
        "apellido": "Choice alone including pick over sometimes.",
        "cargo": "EM",
        "fecha_contratacion": "1976-12-14",
        "servicio": 6
    }
},
{
    "model": "apaeropuerto.empleado",
    "pk": 12,
    "fields": {
        "nombre": "Explain million bill accept. Big not idea mother.\nCrime heavy drug condition woman.",
        "apellido": "About save daughter though exactly. Green foot pay interview deal various wear general.",
        "cargo": "EM",
        "fecha_contratacion": "2010-10-17",
        "servicio": 4
    }
},
{
    "model": "apaeropuerto.empleado",
    "pk": 13,
    "fields": {
        "nombre": "Role between seat practice gas sister. Building around here professor give event along hit.",
        "apellido": "Thank anyone easy.\nPay cause beyond worker. Ahead wear guess reason despite what.",
        "cargo": "EM",
        "fecha_contratacion": "1979-03-25",
        "servicio": 20
    }
},
{
    "model": "apaeropuerto.empleado",
    "pk": 14,
    "fields": {
        "nombre": "Alone structure product may. Affect budget change development.",
        "apellido": "Method sell idea send sister summer. Myself Democrat claim crime forget democratic recently.",
        "cargo": "EM",
        "fecha_contratacion": "1996-07-21",
        "servicio": 9
    }
},
{
    "model": "apaeropuerto.empleado",
    "pk": 15,
    "fields": {
        "nombre": "Little recognize mouth player place the. Word middle hope good sound.",
        "apellido": "Ago green their none laugh according.",
        "cargo": "EM",
        "fecha_contratacion": "2001-04-26",
        "servicio": 17
    }
},
{
    "model": "apaeropuerto.empleado",
    "pk": 16,
    "fields": {
        "nombre": "Themselves level clear. Second attack market world.",
        "apellido": "Know agency concern stock top officer. Page continue drop protect up.",
        "cargo": "EM",
        "fecha_contratacion": "2019-04-18",
        "servicio": 20
    }
},
{
    "model": "apaeropuerto.empleado",
    "pk": 17,
    "fields": {
        "nombre": "Few test also deep under. Population factor leg rule consumer.",
        "apellido": "Character number third else before. Beat much score behind action several.",
        "cargo": "EM",
        "fecha_contratacion": "2001-03-14",
        "servicio": 1
    }
},
{
    "model": "apaeropuerto.empleado",
    "pk": 18,
    "fields": {
        "nombre": "Avoid family hold until really thus situation new. Style town resource early.",
        "apellido": "Job debate wonder along environment rest. Base year capital.",
        "cargo": "EM",
        "fecha_contratacion": "2019-10-26",
        "servicio": 6
    }
},
{
    "model": "apaeropuerto.empleado",
    "pk": 19,
    "fields": {
        "nombre": "Term firm I prove system. Moment several sell cell process know.",
        "apellido": "Collection national imagine where party new and. Hair happy laugh.\nRadio value per send.",
        "cargo": "EM",
        "fecha_contratacion": "2006-04-27",
        "servicio": 14
    }
},
{
    "model": "apaeropuerto.empleado",
    "pk": 20,
    "fields": {
        "nombre": "Test soldier else we he reveal field safe. So development forget. Former can kind three close push.",
        "apellido": "Face suffer manage instead security course black. Order mind Congress government authority.",
        "cargo": "EM",
        "fecha_contratacion": "2006-08-11",
        "servicio": 7
    }
}
]
