[
{
    "model": "admin.logentry",
    "pk": 1,
    "fields": {
        "action_time": "2025-01-20T12:58:25.364",
        "user": 21,
        "content_type": 3,
        "object_id": "1",
        "object_repr": "Pasajeros",
        "action_flag": 1,
        "change_message": "[{\"added\": {}}]"
    }
},
{
    "model": "admin.logentry",
    "pk": 2,
    "fields": {
        "action_time": "2025-01-20T12:59:23.824",
        "user": 21,
        "content_type": 3,
        "object_id": "2",
        "object_repr": "Empleado",
        "action_flag": 1,
        "change_message": "[{\"added\": {}}]"
    }
},
{
    "model": "admin.logentry",
    "pk": 3,
    "fields": {
        "action_time": "2025-01-20T13:00:12.039",
        "user": 21,
        "content_type": 3,
        "object_id": "2",
        "object_repr": "Empleado",
        "action_flag": 2,
        "change_message": "[{\"changed\": {\"fields\": [\"Permissions\"]}}]"
    }
},
{
    "model": "admin.logentry",
    "pk": 4,
    "fields": {
        "action_time": "2025-01-20T13:07:54.176",
        "user": 21,
        "content_type": 3,
        "object_id": "1",
        "object_repr": "Pasajero",
        "action_flag": 2,
        "change_message": "[{\"changed\": {\"fields\": [\"Name\"]}}]"
    }
},
{
    "model": "admin.logentry",
    "pk": 5,
    "fields": {
        "action_time": "2025-01-20T13:24:57.952",
        "user": 21,
        "content_type": 3,
        "object_id": "1",
        "object_repr": "Pasajero",
        "action_flag": 2,
        "change_message": "[{\"changed\": {\"fields\": [\"Permissions\"]}}]"
    }
},
{
    "model": "admin.logentry",
    "pk": 6,
    "fields": {
        "action_time": "2025-01-20T14:40:12.652",
        "user": 21,
        "content_type": 3,
        "object_id": "2",
        "object_repr": "Gerente",
        "action_flag": 2,
        "change_message": "[{\"changed\": {\"fields\": [\"Name\"]}}]"
    }
},
{
    "model": "auth.permission",
    "pk": 1,
    "fields": {
        "name": "Can add log entry",
        "content_type": 1,
        "codename": "add_logentry"
    }
},
{
    "model": "auth.permission",
    "pk": 2,
    "fields": {
        "name": "Can change log entry",
        "content_type": 1,
        "codename": "change_logentry"
    }
},
{
    "model": "auth.permission",
    "pk": 3,
    "fields": {
        "name": "Can delete log entry",
        "content_type": 1,
        "codename": "delete_logentry"
    }
},
{
    "model": "auth.permission",
    "pk": 4,
    "fields": {
        "name": "Can view log entry",
        "content_type": 1,
        "codename": "view_logentry"
    }
},
{
    "model": "auth.permission",
    "pk": 5,
    "fields": {
        "name": "Can add permission",
        "content_type": 2,
        "codename": "add_permission"
    }
},
{
    "model": "auth.permission",
    "pk": 6,
    "fields": {
        "name": "Can change permission",
        "content_type": 2,
        "codename": "change_permission"
    }
},
{
    "model": "auth.permission",
    "pk": 7,
    "fields": {
        "name": "Can delete permission",
        "content_type": 2,
        "codename": "delete_permission"
    }
},
{
    "model": "auth.permission",
    "pk": 8,
    "fields": {
        "name": "Can view permission",
        "content_type": 2,
        "codename": "view_permission"
    }
},
{
    "model": "auth.permission",
    "pk": 9,
    "fields": {
        "name": "Can add group",
        "content_type": 3,
        "codename": "add_group"
    }
},
{
    "model": "auth.permission",
    "pk": 10,
    "fields": {
        "name": "Can change group",
        "content_type": 3,
        "codename": "change_group"
    }
},
{
    "model": "auth.permission",
    "pk": 11,
    "fields": {
        "name": "Can delete group",
        "content_type": 3,
        "codename": "delete_group"
    }
},
{
    "model": "auth.permission",
    "pk": 12,
    "fields": {
        "name": "Can view group",
        "content_type": 3,
        "codename": "view_group"
    }
},
{
    "model": "auth.permission",
    "pk": 13,
    "fields": {
        "name": "Can add content type",
        "content_type": 4,
        "codename": "add_contenttype"
    }
},
{
    "model": "auth.permission",
    "pk": 14,
    "fields": {
        "name": "Can change content type",
        "content_type": 4,
        "codename": "change_contenttype"
    }
},
{
    "model": "auth.permission",
    "pk": 15,
    "fields": {
        "name": "Can delete content type",
        "content_type": 4,
        "codename": "delete_contenttype"
    }
},
{
    "model": "auth.permission",
    "pk": 16,
    "fields": {
        "name": "Can view content type",
        "content_type": 4,
        "codename": "view_contenttype"
    }
},
{
    "model": "auth.permission",
    "pk": 17,
    "fields": {
        "name": "Can add session",
        "content_type": 5,
        "codename": "add_session"
    }
},
{
    "model": "auth.permission",
    "pk": 18,
    "fields": {
        "name": "Can change session",
        "content_type": 5,
        "codename": "change_session"
    }
},
{
    "model": "auth.permission",
    "pk": 19,
    "fields": {
        "name": "Can delete session",
        "content_type": 5,
        "codename": "delete_session"
    }
},
{
    "model": "auth.permission",
    "pk": 20,
    "fields": {
        "name": "Can view session",
        "content_type": 5,
        "codename": "view_session"
    }
},
{
    "model": "auth.permission",
    "pk": 21,
    "fields": {
        "name": "Can add aeropuerto",
        "content_type": 6,
        "codename": "add_aeropuerto"
    }
},
{
    "model": "auth.permission",
    "pk": 22,
    "fields": {
        "name": "Can change aeropuerto",
        "content_type": 6,
        "codename": "change_aeropuerto"
    }
},
{
    "model": "auth.permission",
    "pk": 23,
    "fields": {
        "name": "Can delete aeropuerto",
        "content_type": 6,
        "codename": "delete_aeropuerto"
    }
},
{
    "model": "auth.permission",
    "pk": 24,
    "fields": {
        "name": "Can view aeropuerto",
        "content_type": 6,
        "codename": "view_aeropuerto"
    }
},
{
    "model": "auth.permission",
    "pk": 25,
    "fields": {
        "name": "Can add user",
        "content_type": 7,
        "codename": "add_usuario"
    }
},
{
    "model": "auth.permission",
    "pk": 26,
    "fields": {
        "name": "Can change user",
        "content_type": 7,
        "codename": "change_usuario"
    }
},
{
    "model": "auth.permission",
    "pk": 27,
    "fields": {
        "name": "Can delete user",
        "content_type": 7,
        "codename": "delete_usuario"
    }
},
{
    "model": "auth.permission",
    "pk": 28,
    "fields": {
        "name": "Can view user",
        "content_type": 7,
        "codename": "view_usuario"
    }
},
{
    "model": "auth.permission",
    "pk": 29,
    "fields": {
        "name": "Can add aerolinea",
        "content_type": 8,
        "codename": "add_aerolinea"
    }
},
{
    "model": "auth.permission",
    "pk": 30,
    "fields": {
        "name": "Can change aerolinea",
        "content_type": 8,
        "codename": "change_aerolinea"
    }
},
{
    "model": "auth.permission",
    "pk": 31,
    "fields": {
        "name": "Can delete aerolinea",
        "content_type": 8,
        "codename": "delete_aerolinea"
    }
},
{
    "model": "auth.permission",
    "pk": 32,
    "fields": {
        "name": "Can view aerolinea",
        "content_type": 8,
        "codename": "view_aerolinea"
    }
},
{
    "model": "auth.permission",
    "pk": 33,
    "fields": {
        "name": "Can add contacto aeropuerto",
        "content_type": 9,
        "codename": "add_contactoaeropuerto"
    }
},
{
    "model": "auth.permission",
    "pk": 34,
    "fields": {
        "name": "Can change contacto aeropuerto",
        "content_type": 9,
        "codename": "change_contactoaeropuerto"
    }
},
{
    "model": "auth.permission",
    "pk": 35,
    "fields": {
        "name": "Can delete contacto aeropuerto",
        "content_type": 9,
        "codename": "delete_contactoaeropuerto"
    }
},
{
    "model": "auth.permission",
    "pk": 36,
    "fields": {
        "name": "Can view contacto aeropuerto",
        "content_type": 9,
        "codename": "view_contactoaeropuerto"
    }
},
{
    "model": "auth.permission",
    "pk": 37,
    "fields": {
        "name": "Can add gerente",
        "content_type": 10,
        "codename": "add_gerente"
    }
},
{
    "model": "auth.permission",
    "pk": 38,
    "fields": {
        "name": "Can change gerente",
        "content_type": 10,
        "codename": "change_gerente"
    }
},
{
    "model": "auth.permission",
    "pk": 39,
    "fields": {
        "name": "Can delete gerente",
        "content_type": 10,
        "codename": "delete_gerente"
    }
},
{
    "model": "auth.permission",
    "pk": 40,
    "fields": {
        "name": "Can view gerente",
        "content_type": 10,
        "codename": "view_gerente"
    }
},
{
    "model": "auth.permission",
    "pk": 41,
    "fields": {
        "name": "Can add pasajero",
        "content_type": 11,
        "codename": "add_pasajero"
    }
},
{
    "model": "auth.permission",
    "pk": 42,
    "fields": {
        "name": "Can change pasajero",
        "content_type": 11,
        "codename": "change_pasajero"
    }
},
{
    "model": "auth.permission",
    "pk": 43,
    "fields": {
        "name": "Can delete pasajero",
        "content_type": 11,
        "codename": "delete_pasajero"
    }
},
{
    "model": "auth.permission",
    "pk": 44,
    "fields": {
        "name": "Can view pasajero",
        "content_type": 11,
        "codename": "view_pasajero"
    }
},
{
    "model": "auth.permission",
    "pk": 45,
    "fields": {
        "name": "Can add equipaje",
        "content_type": 12,
        "codename": "add_equipaje"
    }
},
{
    "model": "auth.permission",
    "pk": 46,
    "fields": {
        "name": "Can change equipaje",
        "content_type": 12,
        "codename": "change_equipaje"
    }
},
{
    "model": "auth.permission",
    "pk": 47,
    "fields": {
        "name": "Can delete equipaje",
        "content_type": 12,
        "codename": "delete_equipaje"
    }
},
{
    "model": "auth.permission",
    "pk": 48,
    "fields": {
        "name": "Can view equipaje",
        "content_type": 12,
        "codename": "view_equipaje"
    }
},
{
    "model": "auth.permission",
    "pk": 49,
    "fields": {
        "name": "Can add reserva",
        "content_type": 13,
        "codename": "add_reserva"
    }
},
{
    "model": "auth.permission",
    "pk": 50,
    "fields": {
        "name": "Can change reserva",
        "content_type": 13,
        "codename": "change_reserva"
    }
},
{
    "model": "auth.permission",
    "pk": 51,
    "fields": {
        "name": "Can delete reserva",
        "content_type": 13,
        "codename": "delete_reserva"
    }
},
{
    "model": "auth.permission",
    "pk": 52,
    "fields": {
        "name": "Can view reserva",
        "content_type": 13,
        "codename": "view_reserva"
    }
},
{
    "model": "auth.permission",
    "pk": 53,
    "fields": {
        "name": "Can add servicio",
        "content_type": 14,
        "codename": "add_servicio"
    }
},
{
    "model": "auth.permission",
    "pk": 54,
    "fields": {
        "name": "Can change servicio",
        "content_type": 14,
        "codename": "change_servicio"
    }
},
{
    "model": "auth.permission",
    "pk": 55,
    "fields": {
        "name": "Can delete servicio",
        "content_type": 14,
        "codename": "delete_servicio"
    }
},
{
    "model": "auth.permission",
    "pk": 56,
    "fields": {
        "name": "Can view servicio",
        "content_type": 14,
        "codename": "view_servicio"
    }
},
{
    "model": "auth.permission",
    "pk": 57,
    "fields": {
        "name": "Can add empleado",
        "content_type": 15,
        "codename": "add_empleado"
    }
},
{
    "model": "auth.permission",
    "pk": 58,
    "fields": {
        "name": "Can change empleado",
        "content_type": 15,
        "codename": "change_empleado"
    }
},
{
    "model": "auth.permission",
    "pk": 59,
    "fields": {
        "name": "Can delete empleado",
        "content_type": 15,
        "codename": "delete_empleado"
    }
},
{
    "model": "auth.permission",
    "pk": 60,
    "fields": {
        "name": "Can view empleado",
        "content_type": 15,
        "codename": "view_empleado"
    }
},
{
    "model": "auth.permission",
    "pk": 61,
    "fields": {
        "name": "Can add vuelo",
        "content_type": 16,
        "codename": "add_vuelo"
    }
},
{
    "model": "auth.permission",
    "pk": 62,
    "fields": {
        "name": "Can change vuelo",
        "content_type": 16,
        "codename": "change_vuelo"
    }
},
{
    "model": "auth.permission",
    "pk": 63,
    "fields": {
        "name": "Can delete vuelo",
        "content_type": 16,
        "codename": "delete_vuelo"
    }
},
{
    "model": "auth.permission",
    "pk": 64,
    "fields": {
        "name": "Can view vuelo",
        "content_type": 16,
        "codename": "view_vuelo"
    }
},
{
    "model": "auth.permission",
    "pk": 65,
    "fields": {
        "name": "Can add estadisticas vuelo",
        "content_type": 17,
        "codename": "add_estadisticasvuelo"
    }
},
{
    "model": "auth.permission",
    "pk": 66,
    "fields": {
        "name": "Can change estadisticas vuelo",
        "content_type": 17,
        "codename": "change_estadisticasvuelo"
    }
},
{
    "model": "auth.permission",
    "pk": 67,
    "fields": {
        "name": "Can delete estadisticas vuelo",
        "content_type": 17,
        "codename": "delete_estadisticasvuelo"
    }
},
{
    "model": "auth.permission",
    "pk": 68,
    "fields": {
        "name": "Can view estadisticas vuelo",
        "content_type": 17,
        "codename": "view_estadisticasvuelo"
    }
},
{
    "model": "auth.permission",
    "pk": 69,
    "fields": {
        "name": "Can add asiento",
        "content_type": 18,
        "codename": "add_asiento"
    }
},
{
    "model": "auth.permission",
    "pk": 70,
    "fields": {
        "name": "Can change asiento",
        "content_type": 18,
        "codename": "change_asiento"
    }
},
{
    "model": "auth.permission",
    "pk": 71,
    "fields": {
        "name": "Can delete asiento",
        "content_type": 18,
        "codename": "delete_asiento"
    }
},
{
    "model": "auth.permission",
    "pk": 72,
    "fields": {
        "name": "Can view asiento",
        "content_type": 18,
        "codename": "view_asiento"
    }
},
{
    "model": "auth.permission",
    "pk": 73,
    "fields": {
        "name": "Can add vuelo aerolinea",
        "content_type": 19,
        "codename": "add_vueloaerolinea"
    }
},
{
    "model": "auth.permission",
    "pk": 74,
    "fields": {
        "name": "Can change vuelo aerolinea",
        "content_type": 19,
        "codename": "change_vueloaerolinea"
    }
},
{
    "model": "auth.permission",
    "pk": 75,
    "fields": {
        "name": "Can delete vuelo aerolinea",
        "content_type": 19,
        "codename": "delete_vueloaerolinea"
    }
},
{
    "model": "auth.permission",
    "pk": 76,
    "fields": {
        "name": "Can view vuelo aerolinea",
        "content_type": 19,
        "codename": "view_vueloaerolinea"
    }
},
{
    "model": "auth.group",
    "pk": 1,
    "fields": {
        "name": "Pasajero",
        "permissions": [
            45,
            46,
            47,
            48,
            49,
            50,
            51,
            52,
            62
        ]
    }
},
{
    "model": "auth.group",
    "pk": 2,
    "fields": {
        "name": "Gerente",
        "permissions": [
            33,
            34,
            35,
            36,
            65,
            66,
            67,
            68,
            53,
            54,
            55,
            56
        ]
    }
},
{
    "model": "contenttypes.contenttype",
    "pk": 1,
    "fields": {
        "app_label": "admin",
        "model": "logentry"
    }
},
{
    "model": "contenttypes.contenttype",
    "pk": 2,
    "fields": {
        "app_label": "auth",
        "model": "permission"
    }
},
{
    "model": "contenttypes.contenttype",
    "pk": 3,
    "fields": {
        "app_label": "auth",
        "model": "group"
    }
},
{
    "model": "contenttypes.contenttype",
    "pk": 4,
    "fields": {
        "app_label": "contenttypes",
        "model": "contenttype"
    }
},
{
    "model": "contenttypes.contenttype",
    "pk": 5,
    "fields": {
        "app_label": "sessions",
        "model": "session"
    }
},
{
    "model": "contenttypes.contenttype",
    "pk": 6,
    "fields": {
        "app_label": "apaeropuerto",
        "model": "aeropuerto"
    }
},
{
    "model": "contenttypes.contenttype",
    "pk": 7,
    "fields": {
        "app_label": "apaeropuerto",
        "model": "usuario"
    }
},
{
    "model": "contenttypes.contenttype",
    "pk": 8,
    "fields": {
        "app_label": "apaeropuerto",
        "model": "aerolinea"
    }
},
{
    "model": "contenttypes.contenttype",
    "pk": 9,
    "fields": {
        "app_label": "apaeropuerto",
        "model": "contactoaeropuerto"
    }
},
{
    "model": "contenttypes.contenttype",
    "pk": 10,
    "fields": {
        "app_label": "apaeropuerto",
        "model": "gerente"
    }
},
{
    "model": "contenttypes.contenttype",
    "pk": 11,
    "fields": {
        "app_label": "apaeropuerto",
        "model": "pasajero"
    }
},
{
    "model": "contenttypes.contenttype",
    "pk": 12,
    "fields": {
        "app_label": "apaeropuerto",
        "model": "equipaje"
    }
},
{
    "model": "contenttypes.contenttype",
    "pk": 13,
    "fields": {
        "app_label": "apaeropuerto",
        "model": "reserva"
    }
},
{
    "model": "contenttypes.contenttype",
    "pk": 14,
    "fields": {
        "app_label": "apaeropuerto",
        "model": "servicio"
    }
},
{
    "model": "contenttypes.contenttype",
    "pk": 15,
    "fields": {
        "app_label": "apaeropuerto",
        "model": "empleado"
    }
},
{
    "model": "contenttypes.contenttype",
    "pk": 16,
    "fields": {
        "app_label": "apaeropuerto",
        "model": "vuelo"
    }
},
{
    "model": "contenttypes.contenttype",
    "pk": 17,
    "fields": {
        "app_label": "apaeropuerto",
        "model": "estadisticasvuelo"
    }
},
{
    "model": "contenttypes.contenttype",
    "pk": 18,
    "fields": {
        "app_label": "apaeropuerto",
        "model": "asiento"
    }
},
{
    "model": "contenttypes.contenttype",
    "pk": 19,
    "fields": {
        "app_label": "apaeropuerto",
        "model": "vueloaerolinea"
    }
},
{
    "model": "sessions.session",
    "pk": "2blh69ejny2mt8m62mws0w9keyy1rxf7",
    "fields": {
        "session_data": "eyJmZWNoYV9pbmljaW8iOiIyMC8wMS8yMDI1IDEzOjA4In0:1tZqer:7qmQ-oDRmHrCyNhj-eUd2QeCfbkFEluNoxUyDNIp2dE",
        "expire_date": "2025-02-03T13:13:33.773"
    }
},
{
    "model": "sessions.session",
    "pk": "ulbqjf9rb3wn6hzdan4sgol1ev0wtkav",
    "fields": {
        "session_data": ".eJxVj7FuhDAQRH8loo44syy-81VRmlT5BrRer8EJ2MhAiovy7zHRFblyZt6OZr8rLzxSH2LgkKprBeqkmhMo6J4avCJUz1VP-zb2-yq5D64gbftoWuJPiUfiPigOqeYUtxxsfSD1PV3r9-Rker2zDwUjrWO5Rteyt-gc0MUDsEFjzkSmE0Yw5sKaFFgPzK7TDaLVRrwGTWjO2CKX0phmm2Vfd8p_3yyyyK34MlOYiqZJykSX05BmueXwJZlAKXgZDqAMnwuc04G-SZa4SdFD3pf0z_n5BTuNZGw:1tZs3a:7mR2orQvXq6IbvJypH_OJOCFsZ2HNdMtjqn0grZ2Qk0",
        "expire_date": "2025-02-03T14:43:10.058"
    }
},
{
    "model": "apaeropuerto.usuario",
    "pk": 1,
    "fields": {
        "password": "Away rest lose send. Hear anything hospital offer girl. Nation couple election direction across.",
        "last_login": "1999-06-27T05:33:33.059",
        "is_superuser": true,
        "username": "jack70",
        "first_name": "Craig",
        "last_name": "Moran",
        "email": "kaitlyn31@example.com",
        "is_staff": true,
        "is_active": true,
        "date_joined": "2025-01-20T12:56:20.622",
        "rol": 1,
        "groups": [],
        "user_permissions": []
    }
},
{
    "model": "apaeropuerto.usuario",
    "pk": 2,
    "fields": {
        "password": "Within red color yeah.",
        "last_login": "1990-08-15T15:24:48.258",
        "is_superuser": false,
        "username": "fmorris",
        "first_name": "Christopher",
        "last_name": "Jones",
        "email": "briananavarro@example.com",
        "is_staff": false,
        "is_active": true,
        "date_joined": "2025-01-20T12:56:20.622",
        "rol": 1,
        "groups": [],
        "user_permissions": []
    }
},
{
    "model": "apaeropuerto.usuario",
    "pk": 3,
    "fields": {
        "password": "Happy sit perhaps establish here bring read. I which identify young person. Require wife those American six military.",
        "last_login": "1992-01-06T19:42:05.068",
        "is_superuser": true,
        "username": "courtneysmith",
        "first_name": "Richard",
        "last_name": "Tate",
        "email": "lindsey81@example.net",
        "is_staff": true,
        "is_active": true,
        "date_joined": "2025-01-20T12:56:20.622",
        "rol": 1,
        "groups": [],
        "user_permissions": []
    }
},
{
    "model": "apaeropuerto.usuario",
    "pk": 4,
    "fields": {
        "password": "News power wonder research. Bag make fight example relate want. Top audience deal less take all little.",
        "last_login": "1972-08-28T12:18:22.971",
        "is_superuser": false,
        "username": "randallpage",
        "first_name": "Jesse",
        "last_name": "Martin",
        "email": "douglasvincent@example.net",
        "is_staff": false,
        "is_active": true,
        "date_joined": "2025-01-20T12:56:20.622",
        "rol": 1,
        "groups": [],
        "user_permissions": []
    }
},
{
    "model": "apaeropuerto.usuario",
    "pk": 5,
    "fields": {
        "password": "Interesting development goal evening break. Beyond there consider bed nice rich citizen. Across million teacher.",
        "last_login": "1999-02-09T18:48:29.133",
        "is_superuser": false,
        "username": "egray",
        "first_name": "Anthony",
        "last_name": "Sheppard",
        "email": "itownsend@example.com",
        "is_staff": true,
        "is_active": true,
        "date_joined": "2025-01-20T12:56:20.622",
        "rol": 1,
        "groups": [],
        "user_permissions": []
    }
},
{
    "model": "apaeropuerto.usuario",
    "pk": 6,
    "fields": {
        "password": "Nothing carry dinner. Lead do threat.",
        "last_login": "1999-03-12T13:03:45.005",
        "is_superuser": true,
        "username": "jacksonkathleen",
        "first_name": "Sherry",
        "last_name": "Farmer",
        "email": "gsanchez@example.org",
        "is_staff": false,
        "is_active": true,
        "date_joined": "2025-01-20T12:56:20.622",
        "rol": 1,
        "groups": [],
        "user_permissions": []
    }
},
{
    "model": "apaeropuerto.usuario",
    "pk": 7,
    "fields": {
        "password": "Might language commercial but wish. Rule lawyer once pass role none usually.",
        "last_login": "2001-12-24T20:47:45.218",
        "is_superuser": false,
        "username": "christopher74",
        "first_name": "Nicolas",
        "last_name": "Jackson",
        "email": "jamesgary@example.com",
        "is_staff": false,
        "is_active": true,
        "date_joined": "2025-01-20T12:56:20.622",
        "rol": 1,
        "groups": [],
        "user_permissions": []
    }
},
{
    "model": "apaeropuerto.usuario",
    "pk": 8,
    "fields": {
        "password": "Police anyone long TV seat. Themselves professional option almost history woman.",
        "last_login": "1985-11-10T02:37:09.900",
        "is_superuser": true,
        "username": "amandajarvis",
        "first_name": "Tony",
        "last_name": "Wheeler",
        "email": "bporter@example.com",
        "is_staff": true,
        "is_active": true,
        "date_joined": "2025-01-20T12:56:20.622",
        "rol": 1,
        "groups": [],
        "user_permissions": []
    }
},
{
    "model": "apaeropuerto.usuario",
    "pk": 9,
    "fields": {
        "password": "Mouth realize even federal. Natural box moment avoid adult. From treatment future someone tax always stop.",
        "last_login": "2017-01-31T10:06:56.725",
        "is_superuser": true,
        "username": "belindareynolds",
        "first_name": "Antonio",
        "last_name": "Davis",
        "email": "norrisbrandon@example.org",
        "is_staff": true,
        "is_active": true,
        "date_joined": "2025-01-20T12:56:20.622",
        "rol": 1,
        "groups": [],
        "user_permissions": []
    }
},
{
    "model": "apaeropuerto.usuario",
    "pk": 10,
    "fields": {
        "password": "And chance realize. Business notice game tax individual.",
        "last_login": "1984-05-21T06:02:15.427",
        "is_superuser": false,
        "username": "faulknerdavid",
        "first_name": "Sharon",
        "last_name": "Morgan",
        "email": "hillmichael@example.org",
        "is_staff": true,
        "is_active": true,
        "date_joined": "2025-01-20T12:56:20.622",
        "rol": 1,
        "groups": [],
        "user_permissions": []
    }
},
{
    "model": "apaeropuerto.usuario",
    "pk": 11,
    "fields": {
        "password": "Test south now sister. Mr job lot positive training.\nYou degree walk sea. Mind skill outside test threat current.",
        "last_login": "1997-01-11T08:52:44.259",
        "is_superuser": false,
        "username": "jacquelinecameron",
        "first_name": "Daniel",
        "last_name": "Smith",
        "email": "gabriela52@example.org",
        "is_staff": false,
        "is_active": true,
        "date_joined": "2025-01-20T12:56:20.622",
        "rol": 1,
        "groups": [],
        "user_permissions": []
    }
},
{
    "model": "apaeropuerto.usuario",
    "pk": 12,
    "fields": {
        "password": "Between article any thing high market. Current order like possible wrong range history machine.\nGreen policy establish.",
        "last_login": "1983-06-08T22:47:52.425",
        "is_superuser": true,
        "username": "andrea31",
        "first_name": "Carla",
        "last_name": "Booker",
        "email": "stevemcdonald@example.net",
        "is_staff": false,
        "is_active": true,
        "date_joined": "2025-01-20T12:56:20.622",
        "rol": 1,
        "groups": [],
        "user_permissions": []
    }
},
{
    "model": "apaeropuerto.usuario",
    "pk": 13,
    "fields": {
        "password": "Than crime hour eat. Boy listen stage special.",
        "last_login": "2010-03-15T13:07:30.347",
        "is_superuser": false,
        "username": "swansongregory",
        "first_name": "Thomas",
        "last_name": "Brown",
        "email": "phillipsexton@example.org",
        "is_staff": false,
        "is_active": true,
        "date_joined": "2025-01-20T12:56:20.622",
        "rol": 1,
        "groups": [],
        "user_permissions": []
    }
},
{
    "model": "apaeropuerto.usuario",
    "pk": 14,
    "fields": {
        "password": "Three share although second indicate. Rate few skill develop anything paper edge.",
        "last_login": "1991-01-07T10:07:10.953",
        "is_superuser": false,
        "username": "josephpowell",
        "first_name": "Christine",
        "last_name": "Wright",
        "email": "brittneydunn@example.com",
        "is_staff": false,
        "is_active": true,
        "date_joined": "2025-01-20T12:56:20.622",
        "rol": 1,
        "groups": [],
        "user_permissions": []
    }
},
{
    "model": "apaeropuerto.usuario",
    "pk": 15,
    "fields": {
        "password": "Author affect writer meeting room local. Knowledge risk itself central. Explain expect son unit front walk.",
        "last_login": "2011-12-18T04:07:05.641",
        "is_superuser": true,
        "username": "codyballard",
        "first_name": "Sheila",
        "last_name": "Myers",
        "email": "felicia14@example.com",
        "is_staff": false,
        "is_active": true,
        "date_joined": "2025-01-20T12:56:20.622",
        "rol": 1,
        "groups": [],
        "user_permissions": []
    }
},
{
    "model": "apaeropuerto.usuario",
    "pk": 16,
    "fields": {
        "password": "Care drive modern unit think science nothing. Over author over week to possible international. Lot poor and behind check.",
        "last_login": "2001-12-06T11:05:00.600",
        "is_superuser": false,
        "username": "glara",
        "first_name": "Jesus",
        "last_name": "Vincent",
        "email": "richard43@example.net",
        "is_staff": false,
        "is_active": true,
        "date_joined": "2025-01-20T12:56:20.622",
        "rol": 1,
        "groups": [],
        "user_permissions": []
    }
},
{
    "model": "apaeropuerto.usuario",
    "pk": 17,
    "fields": {
        "password": "Perhaps develop thousand determine indeed.",
        "last_login": "1994-04-24T14:38:10.131",
        "is_superuser": true,
        "username": "lwilliams",
        "first_name": "Gabrielle",
        "last_name": "Sanchez",
        "email": "kyle69@example.org",
        "is_staff": false,
        "is_active": true,
        "date_joined": "2025-01-20T12:56:20.622",
        "rol": 1,
        "groups": [],
        "user_permissions": []
    }
},
{
    "model": "apaeropuerto.usuario",
    "pk": 18,
    "fields": {
        "password": "Matter for tough more century around simply. Save purpose water article.",
        "last_login": "2012-07-26T11:49:54.610",
        "is_superuser": false,
        "username": "parker78",
        "first_name": "Jennifer",
        "last_name": "Barrera",
        "email": "hfleming@example.net",
        "is_staff": false,
        "is_active": true,
        "date_joined": "2025-01-20T12:56:20.622",
        "rol": 1,
        "groups": [],
        "user_permissions": []
    }
},
{
    "model": "apaeropuerto.usuario",
    "pk": 19,
    "fields": {
        "password": "Day majority plant space. Contain item population life. Discuss use TV better respond strong.",
        "last_login": "2016-07-15T02:32:05.863",
        "is_superuser": true,
        "username": "stevengutierrez",
        "first_name": "Danielle",
        "last_name": "Kirby",
        "email": "jennifer22@example.com",
        "is_staff": true,
        "is_active": true,
        "date_joined": "2025-01-20T12:56:20.622",
        "rol": 1,
        "groups": [],
        "user_permissions": []
    }
},
{
    "model": "apaeropuerto.usuario",
    "pk": 20,
    "fields": {
        "password": "Today research bit none century. Cell experience dream town should cause raise.\nAt perhaps true might. Wind already boy foot.",
        "last_login": "2019-02-08T21:34:13.243",
        "is_superuser": false,
        "username": "rwest",
        "first_name": "Bianca",
        "last_name": "Mckenzie",
        "email": "ricardo42@example.net",
        "is_staff": false,
        "is_active": true,
        "date_joined": "2025-01-20T12:56:20.622",
        "rol": 1,
        "groups": [],
        "user_permissions": []
    }
},
{
    "model": "apaeropuerto.usuario",
    "pk": 21,
    "fields": {
        "password": "pbkdf2_sha256$870000$OPk5qwP0k2tHABG6P1zcjs$zd0BjRMXwdp/TW2Y1IO81lhXKSEfZ4Wz5x8qIjrkkcY=",
        "last_login": "2025-01-20T14:39:58.652",
        "is_superuser": true,
        "username": "ale",
        "first_name": "",
        "last_name": "",
        "email": "ale@ies.com",
        "is_staff": true,
        "is_active": true,
        "date_joined": "2025-01-20T12:57:17.103",
        "rol": 1,
        "groups": [],
        "user_permissions": []
    }
},
{
    "model": "apaeropuerto.usuario",
    "pk": 22,
    "fields": {
        "password": "pbkdf2_sha256$870000$GLtwiXEiThnb4DGRYAt3Ox$0YwzJ1LwxDEoChKAYPfiJGdiOQM8xplHKTA2bG9crUA=",
        "last_login": null,
        "is_superuser": false,
        "username": "ale1",
        "first_name": "Alejandro",
        "last_name": "Gomez",
        "email": "alejandrogomezrivera2002@gmail.com",
        "is_staff": false,
        "is_active": true,
        "date_joined": "2025-01-20T13:03:56.337",
        "rol": 2,
        "groups": [],
        "user_permissions": []
    }
},
{
    "model": "apaeropuerto.usuario",
    "pk": 23,
    "fields": {
        "password": "pbkdf2_sha256$870000$Omwr99Ae96fIpVznmD3ZJF$T2/K3xR3oQvqnvMMx3LPVQkXBu4QtNbYiNAIeIA7SsI=",
        "last_login": null,
        "is_superuser": false,
        "username": "ale2",
        "first_name": "Alejandro",
        "last_name": "Gomez",
        "email": "alejandrogomezrivera2002@gmail.com",
        "is_staff": false,
        "is_active": true,
        "date_joined": "2025-01-20T13:04:58.606",
        "rol": 2,
        "groups": [],
        "user_permissions": []
    }
},
{
    "model": "apaeropuerto.usuario",
    "pk": 24,
    "fields": {
        "password": "pbkdf2_sha256$870000$GQJQUjxE2nnf2Ntpp0ug6Q$+5iZ/PgbPiOTZTd5PO1BFoK+zVCGtimwztSWdYcqI0w=",
        "last_login": null,
        "is_superuser": false,
        "username": "ale3",
        "first_name": "Alejandro",
        "last_name": "Gomez",
        "email": "alejandrogomezrivera2002@gmail.com",
        "is_staff": false,
        "is_active": true,
        "date_joined": "2025-01-20T13:09:30.754",
        "rol": 2,
        "groups": [
            1
        ],
        "user_permissions": []
    }
},
{
    "model": "apaeropuerto.usuario",
    "pk": 25,
    "fields": {
        "password": "pbkdf2_sha256$870000$VzMw8dYNlRzahEgKAIHLEq$MyPSVo8qp2WOX3aFw5Pp+sxn28w9itWtdWoI27RYJ0Y=",
        "last_login": "2025-01-20T13:13:33.792",
        "is_superuser": false,
        "username": "ale4",
        "first_name": "Alejandro",
        "last_name": "Gomez",
        "email": "alejandrogomezrivera2002@gmail.com",
        "is_staff": false,
        "is_active": true,
        "date_joined": "2025-01-20T13:13:32.674",
        "rol": 2,
        "groups": [
            1
        ],
        "user_permissions": []
    }
},
{
    "model": "apaeropuerto.usuario",
    "pk": 26,
    "fields": {
        "password": "",
        "last_login": null,
        "is_superuser": false,
        "username": "nombre_usuario",
        "first_name": "",
        "last_name": "",
        "email": "email@ejemplo.com",
        "is_staff": false,
        "is_active": true,
        "date_joined": "2025-01-20T13:13:33.749",
        "rol": 2,
        "groups": [],
        "user_permissions": []
    }
},
{
    "model": "apaeropuerto.usuario",
    "pk": 27,
    "fields": {
        "password": "pbkdf2_sha256$870000$n7yQKIyoJwh8In2B3k08Fa$xhilNw0BadOKffMESjp10am3EUKee1QRQmWhkt/OZig=",
        "last_login": null,
        "is_superuser": false,
        "username": "pepe9",
        "first_name": "pepe",
        "last_name": "Alvarez",
        "email": "perezgregory@example.org",
        "is_staff": false,
        "is_active": true,
        "date_joined": "2025-01-20T13:15:08.450",
        "rol": 2,
        "groups": [
            1
        ],
        "user_permissions": []
    }
},
{
    "model": "apaeropuerto.usuario",
    "pk": 28,
    "fields": {
        "password": "pbkdf2_sha256$870000$mP6ZNSSpfq9I12qwYrqr6J$8H7OSXlGTa6RGCE5oUyjfPQEgEllCEXJWIKT6xk19C8=",
        "last_login": null,
        "is_superuser": false,
        "username": "pepe8",
        "first_name": "juan",
        "last_name": "gomez",
        "email": "perezgregory@example.org",
        "is_staff": false,
        "is_active": true,
        "date_joined": "2025-01-20T13:16:56.480",
        "rol": 2,
        "groups": [
            1
        ],
        "user_permissions": []
    }
},
{
    "model": "apaeropuerto.usuario",
    "pk": 29,
    "fields": {
        "password": "pbkdf2_sha256$870000$kcjWmTfRxKyeHI9gcppz98$FdzPTAyoM1gD+Q19t6BGo50ly2wNwoiUSdxePOyU+NU=",
        "last_login": "2025-01-20T13:21:08.164",
        "is_superuser": false,
        "username": "jose",
        "first_name": "sqwd",
        "last_name": "dcweqc",
        "email": "perezgregory@example.org",
        "is_staff": false,
        "is_active": true,
        "date_joined": "2025-01-20T13:20:26.238",
        "rol": 2,
        "groups": [],
        "user_permissions": []
    }
},
{
    "model": "apaeropuerto.usuario",
    "pk": 30,
    "fields": {
        "password": "pbkdf2_sha256$870000$fXCrZyKJI1FuvqS4k5Ai6s$npwchqYpoYxfFf4NCNfoUuK/4xmSBin/xlOftXSPDCM=",
        "last_login": "2025-01-20T13:45:38.052",
        "is_superuser": false,
        "username": "Trini",
        "first_name": "ale",
        "last_name": "gomez",
        "email": "perezgregory@example.org",
        "is_staff": false,
        "is_active": true,
        "date_joined": "2025-01-20T13:23:44.256",
        "rol": 2,
        "groups": [],
        "user_permissions": []
    }
},
{
    "model": "apaeropuerto.usuario",
    "pk": 31,
    "fields": {
        "password": "pbkdf2_sha256$870000$Y46D2FwuIiN6C1XHYZXb3X$f8/led65lP+kEcgys2s8etpUlT8oUS0S+Lv4D44SrFQ=",
        "last_login": "2025-01-20T14:27:11.402",
        "is_superuser": false,
        "username": "pablo",
        "first_name": "pablo",
        "last_name": "Gomez",
        "email": "alejandrogomezrivera2002@gmail.com",
        "is_staff": false,
        "is_active": true,
        "date_joined": "2025-01-20T14:26:55.453",
        "rol": 2,
        "groups": [
            1
        ],
        "user_permissions": []
    }
},
{
    "model": "apaeropuerto.usuario",
    "pk": 32,
    "fields": {
        "password": "pbkdf2_sha256$870000$nSj2SXU5zVFPEDvlclzRC0$+ZdLyvtky9tpl74MbZfeSL3yu3P53PAyKUDarCjnVqg=",
        "last_login": null,
        "is_superuser": false,
        "username": "pepe",
        "first_name": "pepe",
        "last_name": "pepe",
        "email": "alejandrogomezrivera2002@gmail.com",
        "is_staff": false,
        "is_active": true,
        "date_joined": "2025-01-20T14:37:19.306",
        "rol": 3,
        "groups": [
            2
        ],
        "user_permissions": []
    }
},
{
    "model": "apaeropuerto.usuario",
    "pk": 33,
    "fields": {
        "password": "pbkdf2_sha256$870000$efQ9DHcj4HWx7xutx1okL7$4K3lEJ4/YdJPclpVOVZduG0wMFY6AWQNNUbulWf6X2I=",
        "last_login": "2025-01-20T14:43:09.841",
        "is_superuser": false,
        "username": "pepez",
        "first_name": "pepe",
        "last_name": "juanapellido",
        "email": "alejandrogomezrivera2002@gmail.com",
        "is_staff": false,
        "is_active": true,
        "date_joined": "2025-01-20T14:43:08.808",
        "rol": 3,
        "groups": [
            2
        ],
        "user_permissions": []
    }
},
{
    "model": "apaeropuerto.aeropuerto",
    "pk": 1,
    "fields": {
        "nombre": "Race medical actually left mouth.",
        "ciudades": "ES",
        "pais": "ES",
        "capacidad_maxima": 150
    }
},
{
    "model": "apaeropuerto.aeropuerto",
    "pk": 2,
    "fields": {
        "nombre": "Decision property foreign writer account fact cell. Special serve firm almost.",
        "ciudades": "ES",
        "pais": "ES",
        "capacidad_maxima": 150
    }
},
{
    "model": "apaeropuerto.aeropuerto",
    "pk": 3,
    "fields": {
        "nombre": "Difficult pressure just window tonight. They common ever trip among sign Democrat shoulder.",
        "ciudades": "ES",
        "pais": "ES",
        "capacidad_maxima": 150
    }
},
{
    "model": "apaeropuerto.aeropuerto",
    "pk": 4,
    "fields": {
        "nombre": "Culture environment after key. Safe she adult eight soldier. About need thank line view modern.",
        "ciudades": "ES",
        "pais": "ES",
        "capacidad_maxima": 150
    }
},
{
    "model": "apaeropuerto.aeropuerto",
    "pk": 5,
    "fields": {
        "nombre": "Recent discussion buy. Lawyer none TV serve. Last education strategy.",
        "ciudades": "ES",
        "pais": "ES",
        "capacidad_maxima": 150
    }
},
{
    "model": "apaeropuerto.aeropuerto",
    "pk": 6,
    "fields": {
        "nombre": "Vote evening note. Enough model herself avoid message Mr discover daughter.",
        "ciudades": "ES",
        "pais": "ES",
        "capacidad_maxima": 150
    }
},
{
    "model": "apaeropuerto.aeropuerto",
    "pk": 7,
    "fields": {
        "nombre": "Civil myself administration turn. Either alone really red vote.",
        "ciudades": "ES",
        "pais": "ES",
        "capacidad_maxima": 150
    }
},
{
    "model": "apaeropuerto.aeropuerto",
    "pk": 8,
    "fields": {
        "nombre": "Realize already effect mouth product. Part eight control store a. Society side military.",
        "ciudades": "ES",
        "pais": "ES",
        "capacidad_maxima": 150
    }
},
{
    "model": "apaeropuerto.aeropuerto",
    "pk": 9,
    "fields": {
        "nombre": "Least light position month measure role pretty. Go morning six no. Relationship old on point.",
        "ciudades": "ES",
        "pais": "ES",
        "capacidad_maxima": 150
    }
},
{
    "model": "apaeropuerto.aeropuerto",
    "pk": 10,
    "fields": {
        "nombre": "Level investment bad listen whose buy. Notice usually conference enough.",
        "ciudades": "ES",
        "pais": "ES",
        "capacidad_maxima": 150
    }
},
{
    "model": "apaeropuerto.aeropuerto",
    "pk": 11,
    "fields": {
        "nombre": "Service writer choice state first especially live spring. Model upon into allow happy.",
        "ciudades": "ES",
        "pais": "ES",
        "capacidad_maxima": 150
    }
},
{
    "model": "apaeropuerto.aeropuerto",
    "pk": 12,
    "fields": {
        "nombre": "Section against name tend shoulder issue. Action bit see. Visit long lay some.",
        "ciudades": "ES",
        "pais": "ES",
        "capacidad_maxima": 150
    }
},
{
    "model": "apaeropuerto.aeropuerto",
    "pk": 13,
    "fields": {
        "nombre": "Easy free billion late say difference also. Government answer magazine building.",
        "ciudades": "ES",
        "pais": "ES",
        "capacidad_maxima": 150
    }
},
{
    "model": "apaeropuerto.aeropuerto",
    "pk": 14,
    "fields": {
        "nombre": "Near section represent feel move pass. Travel decision eight cultural.",
        "ciudades": "ES",
        "pais": "ES",
        "capacidad_maxima": 150
    }
},
{
    "model": "apaeropuerto.aeropuerto",
    "pk": 15,
    "fields": {
        "nombre": "Everybody foot none staff letter. Door each less. Not seven something investment senior.",
        "ciudades": "ES",
        "pais": "ES",
        "capacidad_maxima": 150
    }
},
{
    "model": "apaeropuerto.aeropuerto",
    "pk": 16,
    "fields": {
        "nombre": "Production trouble Democrat laugh everybody car. Suggest bar sing rate.",
        "ciudades": "ES",
        "pais": "ES",
        "capacidad_maxima": 150
    }
},
{
    "model": "apaeropuerto.aeropuerto",
    "pk": 17,
    "fields": {
        "nombre": "Within push we. Town prove green care eight. Training respond music treat small finally.",
        "ciudades": "ES",
        "pais": "ES",
        "capacidad_maxima": 150
    }
},
{
    "model": "apaeropuerto.aeropuerto",
    "pk": 18,
    "fields": {
        "nombre": "Now recent exist sense sea present experience third. Point old room tell participant national.",
        "ciudades": "ES",
        "pais": "ES",
        "capacidad_maxima": 150
    }
},
{
    "model": "apaeropuerto.aeropuerto",
    "pk": 19,
    "fields": {
        "nombre": "Month this section free. Within pretty enter part international way.",
        "ciudades": "ES",
        "pais": "ES",
        "capacidad_maxima": 150
    }
},
{
    "model": "apaeropuerto.aeropuerto",
    "pk": 20,
    "fields": {
        "nombre": "Issue upon offer her white. Executive structure thus world beat.",
        "ciudades": "ES",
        "pais": "ES",
        "capacidad_maxima": 150
    }
},
{
    "model": "apaeropuerto.contactoaeropuerto",
    "pk": 1,
    "fields": {
        "nombre_contacto": "Decade girl able indeed indeed opportunity. Ground development word animal.",
        "telefono_contacto": "Long art clear.",
        "email_contacto": "jenniferthompson@example.org",
        "años_trabajados": 11284,
        "aeropuerto": 6
    }
},
{
    "model": "apaeropuerto.contactoaeropuerto",
    "pk": 2,
    "fields": {
        "nombre_contacto": "Method officer believe let.",
        "telefono_contacto": "Claim product.",
        "email_contacto": "steven71@example.org",
        "años_trabajados": -30896,
        "aeropuerto": 17
    }
},
{
    "model": "apaeropuerto.contactoaeropuerto",
    "pk": 3,
    "fields": {
        "nombre_contacto": "Now talk set off policy. Like doctor create only outside chair part.",
        "telefono_contacto": "Trade three.",
        "email_contacto": "reedgary@example.net",
        "años_trabajados": 3514,
        "aeropuerto": 1
    }
},
{
    "model": "apaeropuerto.contactoaeropuerto",
    "pk": 4,
    "fields": {
        "nombre_contacto": "Nation with like improve. Pattern type especially break. Mrs accept budget economic.",
        "telefono_contacto": "Police hand.",
        "email_contacto": "martinpatel@example.org",
        "años_trabajados": 27420,
        "aeropuerto": 18
    }
},
{
    "model": "apaeropuerto.contactoaeropuerto",
    "pk": 5,
    "fields": {
        "nombre_contacto": "Human official structure possible cold husband employee.",
        "telefono_contacto": "Parent carry.",
        "email_contacto": "thomaspage@example.net",
        "años_trabajados": 6735,
        "aeropuerto": 14
    }
},
{
    "model": "apaeropuerto.contactoaeropuerto",
    "pk": 6,
    "fields": {
        "nombre_contacto": "Audience over personal TV on others. Factor one value project a person.",
        "telefono_contacto": "Believe coach.",
        "email_contacto": "millersamantha@example.net",
        "años_trabajados": 5757,
        "aeropuerto": 4
    }
},
{
    "model": "apaeropuerto.contactoaeropuerto",
    "pk": 7,
    "fields": {
        "nombre_contacto": "Section so walk. Environmental tonight case check.",
        "telefono_contacto": "Senior because.",
        "email_contacto": "sanchezstephanie@example.com",
        "años_trabajados": 26766,
        "aeropuerto": 12
    }
},
{
    "model": "apaeropuerto.contactoaeropuerto",
    "pk": 8,
    "fields": {
        "nombre_contacto": "Best research only. But new training structure assume father teacher realize.",
        "telefono_contacto": "Very growth.",
        "email_contacto": "kimberlyacosta@example.com",
        "años_trabajados": -27764,
        "aeropuerto": 13
    }
},
{
    "model": "apaeropuerto.contactoaeropuerto",
    "pk": 9,
    "fields": {
        "nombre_contacto": "Might easy old. Structure officer week himself doctor use seek.",
        "telefono_contacto": "International.",
        "email_contacto": "vhendricks@example.com",
        "años_trabajados": -26508,
        "aeropuerto": 19
    }
},
{
    "model": "apaeropuerto.contactoaeropuerto",
    "pk": 10,
    "fields": {
        "nombre_contacto": "Want fight appear identify. Water reach card letter main hold. Well budget song investment.",
        "telefono_contacto": "Democratic.",
        "email_contacto": "allen17@example.com",
        "años_trabajados": -2714,
        "aeropuerto": 5
    }
},
{
    "model": "apaeropuerto.contactoaeropuerto",
    "pk": 11,
    "fields": {
        "nombre_contacto": "Both east call sense most music. Nothing citizen college week test face. Begin shoulder take.",
        "telefono_contacto": "Mr past.",
        "email_contacto": "hmorales@example.net",
        "años_trabajados": 12103,
        "aeropuerto": 20
    }
},
{
    "model": "apaeropuerto.contactoaeropuerto",
    "pk": 12,
    "fields": {
        "nombre_contacto": "Office forward drop road. A always while manage find partner special. Use north open friend.",
        "telefono_contacto": "About.",
        "email_contacto": "jaredmoore@example.com",
        "años_trabajados": 30957,
        "aeropuerto": 7
    }
},
{
    "model": "apaeropuerto.contactoaeropuerto",
    "pk": 13,
    "fields": {
        "nombre_contacto": "Whether approach realize growth class physical. Many grow energy garden.",
        "telefono_contacto": "Stock free.",
        "email_contacto": "hbrewer@example.net",
        "años_trabajados": 16318,
        "aeropuerto": 16
    }
},
{
    "model": "apaeropuerto.contactoaeropuerto",
    "pk": 14,
    "fields": {
        "nombre_contacto": "Situation offer catch quite. By even Republican hour theory.",
        "telefono_contacto": "Career year by.",
        "email_contacto": "jeffrey82@example.org",
        "años_trabajados": -2456,
        "aeropuerto": 9
    }
},
{
    "model": "apaeropuerto.contactoaeropuerto",
    "pk": 15,
    "fields": {
        "nombre_contacto": "Management who age. Turn factor game west pass final value none.",
        "telefono_contacto": "Total federal.",
        "email_contacto": "annettenorman@example.org",
        "años_trabajados": 31240,
        "aeropuerto": 8
    }
},
{
    "model": "apaeropuerto.contactoaeropuerto",
    "pk": 16,
    "fields": {
        "nombre_contacto": "Do wall board future. Door energy clear. Industry maybe consider poor field certainly reality.",
        "telefono_contacto": "On expert.",
        "email_contacto": "claudia63@example.net",
        "años_trabajados": -64,
        "aeropuerto": 10
    }
},
{
    "model": "apaeropuerto.contactoaeropuerto",
    "pk": 17,
    "fields": {
        "nombre_contacto": "Church compare establish firm seven hold available. Series according benefit ball eight lose ball.",
        "telefono_contacto": "Article meet.",
        "email_contacto": "ilam@example.org",
        "años_trabajados": 27265,
        "aeropuerto": 15
    }
},
{
    "model": "apaeropuerto.contactoaeropuerto",
    "pk": 18,
    "fields": {
        "nombre_contacto": "Which camera program current. Local her myself money choose score power.",
        "telefono_contacto": "Our under cut.",
        "email_contacto": "willispaul@example.org",
        "años_trabajados": -20845,
        "aeropuerto": 2
    }
},
{
    "model": "apaeropuerto.contactoaeropuerto",
    "pk": 19,
    "fields": {
        "nombre_contacto": "Down teacher increase research break care. Perhaps form who which hospital health try body.",
        "telefono_contacto": "System western.",
        "email_contacto": "kevinolsen@example.com",
        "años_trabajados": 19598,
        "aeropuerto": 3
    }
},
{
    "model": "apaeropuerto.contactoaeropuerto",
    "pk": 20,
    "fields": {
        "nombre_contacto": "Senior fill whose health. Past task business building against discover. Remain board reality treat.",
        "telefono_contacto": "Four structure.",
        "email_contacto": "debbie71@example.com",
        "años_trabajados": 30901,
        "aeropuerto": 11
    }
},
{
    "model": "apaeropuerto.aerolinea",
    "pk": 1,
    "fields": {
        "nombre": "Book maybe attack check. Throw finish when manage wide few.",
        "codigo": "Mother.",
        "fecha_fundacion": "2011-02-23",
        "pais": "ES",
        "aeropuerto": [
            5
        ]
    }
},
{
    "model": "apaeropuerto.aerolinea",
    "pk": 2,
    "fields": {
        "nombre": "Parent heavy reveal quickly early. Billion project short black although yard next environment.",
        "codigo": "Treat.",
        "fecha_fundacion": "2003-08-06",
        "pais": "ES",
        "aeropuerto": [
            14,
            16
        ]
    }
},
{
    "model": "apaeropuerto.aerolinea",
    "pk": 3,
    "fields": {
        "nombre": "Someone care charge people face. Show at long just bed almost. Media relate view pressure.",
        "codigo": "Staff.",
        "fecha_fundacion": "2023-03-08",
        "pais": "ES",
        "aeropuerto": [
            20
        ]
    }
},
{
    "model": "apaeropuerto.aerolinea",
    "pk": 4,
    "fields": {
        "nombre": "Several hundred training modern trouble response test. Drive teach job officer so anyone soon.",
        "codigo": "Lot.",
        "fecha_fundacion": "2023-04-18",
        "pais": "ES",
        "aeropuerto": [
            12,
            14,
            18
        ]
    }
},
{
    "model": "apaeropuerto.aerolinea",
    "pk": 5,
    "fields": {
        "nombre": "Project good camera participant. Free range carry parent end mission loss.",
        "codigo": "Stand put.",
        "fecha_fundacion": "1985-10-21",
        "pais": "ES",
        "aeropuerto": [
            3,
            4,
            5,
            16,
            18
        ]
    }
},
{
    "model": "apaeropuerto.aerolinea",
    "pk": 6,
    "fields": {
        "nombre": "Church magazine court house. Bank behavior born moment everybody control. Mind often citizen go.",
        "codigo": "Close.",
        "fecha_fundacion": "2015-12-17",
        "pais": "ES",
        "aeropuerto": [
            7,
            13,
            15,
            20
        ]
    }
},
{
    "model": "apaeropuerto.aerolinea",
    "pk": 7,
    "fields": {
        "nombre": "Company teach series. Nor message wrong until part strong style fire.",
        "codigo": "Benefit.",
        "fecha_fundacion": "1977-09-10",
        "pais": "ES",
        "aeropuerto": [
            6,
            10,
            12,
            14,
            17
        ]
    }
},
{
    "model": "apaeropuerto.aerolinea",
    "pk": 8,
    "fields": {
        "nombre": "Instead benefit research human start. Year age TV east write.",
        "codigo": "Set who.",
        "fecha_fundacion": "2014-11-30",
        "pais": "ES",
        "aeropuerto": [
            6,
            8
        ]
    }
},
{
    "model": "apaeropuerto.aerolinea",
    "pk": 9,
    "fields": {
        "nombre": "Throw movie really how share clearly soon.",
        "codigo": "Action.",
        "fecha_fundacion": "1972-05-26",
        "pais": "ES",
        "aeropuerto": [
            7,
            10,
            19
        ]
    }
},
{
    "model": "apaeropuerto.aerolinea",
    "pk": 10,
    "fields": {
        "nombre": "Visit law learn town already. Table no operation message event.",
        "codigo": "Never.",
        "fecha_fundacion": "2023-12-23",
        "pais": "ES",
        "aeropuerto": [
            5,
            8,
            10,
            17
        ]
    }
},
{
    "model": "apaeropuerto.aerolinea",
    "pk": 11,
    "fields": {
        "nombre": "Research say only main yet. Car health senior service magazine include.",
        "codigo": "From bit.",
        "fecha_fundacion": "2011-04-08",
        "pais": "ES",
        "aeropuerto": [
            11
        ]
    }
},
{
    "model": "apaeropuerto.aerolinea",
    "pk": 12,
    "fields": {
        "nombre": "Piece I why both draw level. Pm avoid claim hear.\nAcross degree movie middle glass if time keep.",
        "codigo": "School.",
        "fecha_fundacion": "2012-01-12",
        "pais": "ES",
        "aeropuerto": [
            4,
            6,
            14,
            15
        ]
    }
},
{
    "model": "apaeropuerto.aerolinea",
    "pk": 13,
    "fields": {
        "nombre": "Administration may shoulder radio. Want when TV interesting consider open.",
        "codigo": "Writer.",
        "fecha_fundacion": "1978-12-02",
        "pais": "ES",
        "aeropuerto": [
            17
        ]
    }
},
{
    "model": "apaeropuerto.aerolinea",
    "pk": 14,
    "fields": {
        "nombre": "Clear dark person face step prove her score. Team try clearly month.",
        "codigo": "Long line.",
        "fecha_fundacion": "2011-11-27",
        "pais": "ES",
        "aeropuerto": [
            18
        ]
    }
},
{
    "model": "apaeropuerto.aerolinea",
    "pk": 15,
    "fields": {
        "nombre": "Serious argue discuss name social especially manager. College house seven sign magazine.",
        "codigo": "Follow.",
        "fecha_fundacion": "1994-12-26",
        "pais": "ES",
        "aeropuerto": [
            5
        ]
    }
},
{
    "model": "apaeropuerto.aerolinea",
    "pk": 16,
    "fields": {
        "nombre": "Southern scene need list soon off arm. Whatever role never really education institution to go.",
        "codigo": "Effort.",
        "fecha_fundacion": "1973-04-23",
        "pais": "ES",
        "aeropuerto": [
            19
        ]
    }
},
{
    "model": "apaeropuerto.aerolinea",
    "pk": 17,
    "fields": {
        "nombre": "Continue green teacher offer keep. Light less drive past a.",
        "codigo": "Represent.",
        "fecha_fundacion": "2014-04-12",
        "pais": "ES",
        "aeropuerto": [
            4,
            10,
            15,
            18
        ]
    }
},
{
    "model": "apaeropuerto.aerolinea",
    "pk": 18,
    "fields": {
        "nombre": "Board clearly share wish figure blue activity. Rock suddenly think hospital.",
        "codigo": "School.",
        "fecha_fundacion": "2010-05-20",
        "pais": "ES",
        "aeropuerto": [
            4,
            9,
            16
        ]
    }
},
{
    "model": "apaeropuerto.aerolinea",
    "pk": 19,
    "fields": {
        "nombre": "Dream forward thought. Religious shake church respond appear receive heart.",
        "codigo": "High edge.",
        "fecha_fundacion": "1984-09-10",
        "pais": "ES",
        "aeropuerto": [
            10
        ]
    }
},
{
    "model": "apaeropuerto.aerolinea",
    "pk": 20,
    "fields": {
        "nombre": "Become figure thank just. Break they here.",
        "codigo": "Store yet.",
        "fecha_fundacion": "2024-09-08",
        "pais": "ES",
        "aeropuerto": [
            3,
            13
        ]
    }
},
{
    "model": "apaeropuerto.vuelo",
    "pk": 1,
    "fields": {
        "hora_salida": "1980-09-08T10:56:31.479",
        "hora_llegada": "2006-01-28T01:33:53.372",
        "estado": true,
        "duracion": "9272 14:37:21.893353",
        "origen": 18,
        "destino": 14
    }
},
{
    "model": "apaeropuerto.vuelo",
    "pk": 2,
    "fields": {
        "hora_salida": "1970-10-27T16:59:56.033",
        "hora_llegada": "1975-04-25T20:14:30.384",
        "estado": false,
        "duracion": "1641 03:14:34.350611",
        "origen": 12,
        "destino": 6
    }
},
{
    "model": "apaeropuerto.vuelo",
    "pk": 3,
    "fields": {
        "hora_salida": "2012-01-12T02:52:54.703",
        "hora_llegada": "2024-04-09T15:22:26.790",
        "estado": true,
        "duracion": "4471 12:29:32.087072",
        "origen": 3,
        "destino": 15
    }
},
{
    "model": "apaeropuerto.vuelo",
    "pk": 4,
    "fields": {
        "hora_salida": "2014-03-01T08:26:44.686",
        "hora_llegada": "1977-11-08T23:35:58.872",
        "estado": false,
        "duracion": "-13262 15:09:14.185878",
        "origen": 18,
        "destino": 19
    }
},
{
    "model": "apaeropuerto.vuelo",
    "pk": 5,
    "fields": {
        "hora_salida": "2017-06-18T18:49:09.098",
        "hora_llegada": "2012-10-20T00:43:35.489",
        "estado": false,
        "duracion": "-1703 05:54:26.390685",
        "origen": 3,
        "destino": 10
    }
},
{
    "model": "apaeropuerto.vuelo",
    "pk": 6,
    "fields": {
        "hora_salida": "2006-10-01T07:51:20.006",
        "hora_llegada": "2003-07-15T05:39:30.942",
        "estado": false,
        "duracion": "-1175 21:48:10.936651",
        "origen": 14,
        "destino": 7
    }
},
{
    "model": "apaeropuerto.vuelo",
    "pk": 7,
    "fields": {
        "hora_salida": "1978-12-12T03:19:45.801",
        "hora_llegada": "2013-07-01T21:52:13.145",
        "estado": false,
        "duracion": "12620 18:32:27.343636",
        "origen": 15,
        "destino": 20
    }
},
{
    "model": "apaeropuerto.vuelo",
    "pk": 8,
    "fields": {
        "hora_salida": "1986-04-02T16:04:38.319",
        "hora_llegada": "2023-10-07T11:22:35.152",
        "estado": false,
        "duracion": "13701 19:17:56.833097",
        "origen": 8,
        "destino": 4
    }
},
{
    "model": "apaeropuerto.vuelo",
    "pk": 9,
    "fields": {
        "hora_salida": "1984-05-12T19:58:49.044",
        "hora_llegada": "2002-06-24T05:24:45.232",
        "estado": false,
        "duracion": "6616 09:25:56.188162",
        "origen": 16,
        "destino": 4
    }
},
{
    "model": "apaeropuerto.vuelo",
    "pk": 10,
    "fields": {
        "hora_salida": "2010-10-20T10:38:48.856",
        "hora_llegada": "2015-04-25T04:00:01.606",
        "estado": true,
        "duracion": "1647 17:21:12.749546",
        "origen": 5,
        "destino": 15
    }
},
{
    "model": "apaeropuerto.vuelo",
    "pk": 11,
    "fields": {
        "hora_salida": "2016-11-28T20:48:41.709",
        "hora_llegada": "1989-03-19T23:36:07.491",
        "estado": false,
        "duracion": "-10116 02:47:25.782419",
        "origen": 16,
        "destino": 4
    }
},
{
    "model": "apaeropuerto.vuelo",
    "pk": 12,
    "fields": {
        "hora_salida": "1982-02-17T13:05:54.623",
        "hora_llegada": "1987-02-02T00:34:09.282",
        "estado": false,
        "duracion": "1810 11:28:14.659403",
        "origen": 4,
        "destino": 11
    }
},
{
    "model": "apaeropuerto.vuelo",
    "pk": 13,
    "fields": {
        "hora_salida": "2010-12-27T12:18:38.370",
        "hora_llegada": "1995-04-26T09:52:25.859",
        "estado": true,
        "duracion": "-5725 21:33:47.489413",
        "origen": 8,
        "destino": 14
    }
},
{
    "model": "apaeropuerto.vuelo",
    "pk": 14,
    "fields": {
        "hora_salida": "2006-11-18T17:13:41.283",
        "hora_llegada": "1991-05-31T22:19:30.744",
        "estado": true,
        "duracion": "-5650 05:05:49.461418",
        "origen": 13,
        "destino": 11
    }
},
{
    "model": "apaeropuerto.vuelo",
    "pk": 15,
    "fields": {
        "hora_salida": "1977-06-13T14:04:55.761",
        "hora_llegada": "1983-03-11T04:53:44.861",
        "estado": false,
        "duracion": "2096 14:48:49.100554",
        "origen": 15,
        "destino": 5
    }
},
{
    "model": "apaeropuerto.vuelo",
    "pk": 16,
    "fields": {
        "hora_salida": "1971-05-14T05:07:46.080",
        "hora_llegada": "1987-07-09T06:22:05.087",
        "estado": false,
        "duracion": "5900 01:14:19.007521",
        "origen": 8,
        "destino": 5
    }
},
{
    "model": "apaeropuerto.vuelo",
    "pk": 17,
    "fields": {
        "hora_salida": "1977-02-26T08:14:46.594",
        "hora_llegada": "1990-01-11T12:20:45.402",
        "estado": true,
        "duracion": "4702 04:05:58.808180",
        "origen": 5,
        "destino": 1
    }
},
{
    "model": "apaeropuerto.vuelo",
    "pk": 18,
    "fields": {
        "hora_salida": "1978-07-12T07:51:39.036",
        "hora_llegada": "1993-02-19T03:03:20.457",
        "estado": false,
        "duracion": "5335 19:11:41.421243",
        "origen": 7,
        "destino": 20
    }
},
{
    "model": "apaeropuerto.vuelo",
    "pk": 19,
    "fields": {
        "hora_salida": "1995-05-11T04:59:34.702",
        "hora_llegada": "1997-08-30T02:24:29.883",
        "estado": true,
        "duracion": "841 21:24:55.180634",
        "origen": 9,
        "destino": 15
    }
},
{
    "model": "apaeropuerto.vuelo",
    "pk": 20,
    "fields": {
        "hora_salida": "1974-05-10T02:54:34.266",
        "hora_llegada": "1998-01-25T07:32:51.088",
        "estado": false,
        "duracion": "8661 04:38:16.822055",
        "origen": 16,
        "destino": 19
    }
},
{
    "model": "apaeropuerto.estadisticasvuelo",
    "pk": 1,
    "fields": {
        "fecha_estadisticas": "2019-05-22",
        "numero_asientos_vendidos": -23398,
        "numero_cancelaciones": 7181,
        "feedback_pasajeros": "Director get charge of adult reduce long. Item party hospital reach. Nice whom civil quality. Change do economy analysis sometimes audience paper.",
        "vuelo": 4
    }
},
{
    "model": "apaeropuerto.estadisticasvuelo",
    "pk": 2,
    "fields": {
        "fecha_estadisticas": "1980-08-24",
        "numero_asientos_vendidos": -7209,
        "numero_cancelaciones": -15117,
        "feedback_pasajeros": "Health account why ready. Doctor share democratic explain option. Full adult yes talk cost Congress recent.",
        "vuelo": 3
    }
},
{
    "model": "apaeropuerto.estadisticasvuelo",
    "pk": 3,
    "fields": {
        "fecha_estadisticas": "2001-12-19",
        "numero_asientos_vendidos": 16299,
        "numero_cancelaciones": -2710,
        "feedback_pasajeros": "Allow officer economic mention happen.\nCold Mr which better apply real. Name the pressure choose evening. Wrong item base face take institution subject.\nJob change political. Long half southern.",
        "vuelo": 20
    }
},
{
    "model": "apaeropuerto.estadisticasvuelo",
    "pk": 4,
    "fields": {
        "fecha_estadisticas": "1984-12-24",
        "numero_asientos_vendidos": 2427,
        "numero_cancelaciones": 1682,
        "feedback_pasajeros": "Including before answer account once answer find involve. Single throughout practice large bad where parent. Hair sister top evidence. Level start process safe.",
        "vuelo": 11
    }
},
{
    "model": "apaeropuerto.estadisticasvuelo",
    "pk": 5,
    "fields": {
        "fecha_estadisticas": "1997-11-22",
        "numero_asientos_vendidos": 25529,
        "numero_cancelaciones": -30196,
        "feedback_pasajeros": "Particularly couple ahead executive raise. Per staff nature author page. Set visit machine size.\nCultural benefit base. Easy mention season best today front.",
        "vuelo": 15
    }
},
{
    "model": "apaeropuerto.estadisticasvuelo",
    "pk": 6,
    "fields": {
        "fecha_estadisticas": "1997-10-07",
        "numero_asientos_vendidos": -22744,
        "numero_cancelaciones": -13961,
        "feedback_pasajeros": "List significant guy myself he walk.\nMe moment open miss responsibility third space group.\nContain stock take past score here. Writer no live sort bank hour again. Coach reality involve west.",
        "vuelo": 5
    }
},
{
    "model": "apaeropuerto.estadisticasvuelo",
    "pk": 7,
    "fields": {
        "fecha_estadisticas": "1988-03-06",
        "numero_asientos_vendidos": -7234,
        "numero_cancelaciones": 14847,
        "feedback_pasajeros": "Far society single front wish at we. Drive law assume field fact capital do. Tonight discover story reveal behavior.",
        "vuelo": 14
    }
},
{
    "model": "apaeropuerto.estadisticasvuelo",
    "pk": 8,
    "fields": {
        "fecha_estadisticas": "1993-07-29",
        "numero_asientos_vendidos": 11320,
        "numero_cancelaciones": -26421,
        "feedback_pasajeros": "Write pattern lot. Big road true. Account senior interesting instead.\nFall day wait maybe tonight. Face never notice discover north stage term.",
        "vuelo": 13
    }
},
{
    "model": "apaeropuerto.estadisticasvuelo",
    "pk": 9,
    "fields": {
        "fecha_estadisticas": "1994-07-01",
        "numero_asientos_vendidos": -9646,
        "numero_cancelaciones": -24921,
        "feedback_pasajeros": "They some including protect speech ready resource south. Executive price medical. Exactly evening election economic successful art.",
        "vuelo": 1
    }
},
{
    "model": "apaeropuerto.estadisticasvuelo",
    "pk": 10,
    "fields": {
        "fecha_estadisticas": "1974-08-05",
        "numero_asientos_vendidos": 31216,
        "numero_cancelaciones": 25734,
        "feedback_pasajeros": "Management member beyond generation deal. Drop cover significant thus put.\nStudy born view analysis program person easy.\nLot fear first moment father. Brother he fast relate various movement.",
        "vuelo": 8
    }
},
{
    "model": "apaeropuerto.estadisticasvuelo",
    "pk": 11,
    "fields": {
        "fecha_estadisticas": "1990-01-13",
        "numero_asientos_vendidos": -9324,
        "numero_cancelaciones": -10746,
        "feedback_pasajeros": "Would firm face Congress treatment marriage. Card thank idea population beyond. Onto site too fear mean too.",
        "vuelo": 2
    }
},
{
    "model": "apaeropuerto.estadisticasvuelo",
    "pk": 12,
    "fields": {
        "fecha_estadisticas": "2012-08-27",
        "numero_asientos_vendidos": -14395,
        "numero_cancelaciones": 17570,
        "feedback_pasajeros": "Under follow sign like with summer we realize. Experience hit alone training nation. Kind job fine measure. Born security source together support.",
        "vuelo": 10
    }
},
{
    "model": "apaeropuerto.estadisticasvuelo",
    "pk": 13,
    "fields": {
        "fecha_estadisticas": "1986-02-14",
        "numero_asientos_vendidos": -25026,
        "numero_cancelaciones": -16484,
        "feedback_pasajeros": "Always yard much write future. Quality reason look number century grow thought. On may college.",
        "vuelo": 19
    }
},
{
    "model": "apaeropuerto.estadisticasvuelo",
    "pk": 14,
    "fields": {
        "fecha_estadisticas": "1979-08-06",
        "numero_asientos_vendidos": 8331,
        "numero_cancelaciones": -26121,
        "feedback_pasajeros": "Meet mean wide north wall. Worry college why drop team. Month able music under.\nPeople key school rather. Kind fall identify shake. Health most full trip son.",
        "vuelo": 18
    }
},
{
    "model": "apaeropuerto.estadisticasvuelo",
    "pk": 15,
    "fields": {
        "fecha_estadisticas": "1979-09-07",
        "numero_asientos_vendidos": -22671,
        "numero_cancelaciones": -18215,
        "feedback_pasajeros": "Weight feeling beautiful could. Power edge anyone court.\nThing easy four lay another these site. Game seven suffer letter single. Cell particular compare yet.\nArt can total generation success.",
        "vuelo": 16
    }
},
{
    "model": "apaeropuerto.estadisticasvuelo",
    "pk": 16,
    "fields": {
        "fecha_estadisticas": "1976-03-30",
        "numero_asientos_vendidos": -21745,
        "numero_cancelaciones": -8078,
        "feedback_pasajeros": "Simple line their could tonight Mrs. Account develop act professor bag kid.\nLot father daughter. Early strategy show.",
        "vuelo": 12
    }
},
{
    "model": "apaeropuerto.estadisticasvuelo",
    "pk": 17,
    "fields": {
        "fecha_estadisticas": "2018-04-02",
        "numero_asientos_vendidos": -15427,
        "numero_cancelaciones": -3686,
        "feedback_pasajeros": "Source red big image section budget stop. Down news sell organization maybe. Head at beautiful country feel great.\nIncrease which sing list. Way fire oil story cover address.",
        "vuelo": 6
    }
},
{
    "model": "apaeropuerto.estadisticasvuelo",
    "pk": 18,
    "fields": {
        "fecha_estadisticas": "2001-12-18",
        "numero_asientos_vendidos": 2903,
        "numero_cancelaciones": 13696,
        "feedback_pasajeros": "Data appear describe administration try entire. Whatever north authority feel blood those long.\nOn you question drug sure question. Speech something education include suddenly commercial.",
        "vuelo": 17
    }
},
{
    "model": "apaeropuerto.estadisticasvuelo",
    "pk": 19,
    "fields": {
        "fecha_estadisticas": "1984-09-18",
        "numero_asientos_vendidos": -2540,
        "numero_cancelaciones": -19949,
        "feedback_pasajeros": "To beyond support see. Author success add suddenly perhaps with.\nLet receive expect speech read wonder safe. Rise sit husband specific their color.\nExample back hope son.",
        "vuelo": 7
    }
},
{
    "model": "apaeropuerto.estadisticasvuelo",
    "pk": 20,
    "fields": {
        "fecha_estadisticas": "1981-12-17",
        "numero_asientos_vendidos": -15635,
        "numero_cancelaciones": 30496,
        "feedback_pasajeros": "Church name camera report. Gas factor account. Speech occur large manager respond town. Record appear lead station let growth.\nMain age however. Modern class fish section peace condition my seek.",
        "vuelo": 9
    }
},
{
    "model": "apaeropuerto.pasajero",
    "pk": 1,
    "fields": {
        "usuario": 5,
        "direccion": "Despite live manage very.",
        "dni": "Player.",
        "vuelo": [
            17
        ]
    }
},
{
    "model": "apaeropuerto.pasajero",
    "pk": 2,
    "fields": {
        "usuario": 3,
        "direccion": "Street activity back consider above. Down itself part blood speak team form.",
        "dni": "Summer.",
        "vuelo": [
            3,
            8,
            10,
            11,
            14
        ]
    }
},
{
    "model": "apaeropuerto.pasajero",
    "pk": 3,
    "fields": {
        "usuario": 10,
        "direccion": "Easy commercial own sense make task let. Somebody girl between debate worry imagine.",
        "dni": "Middle.",
        "vuelo": [
            18
        ]
    }
},
{
    "model": "apaeropuerto.pasajero",
    "pk": 4,
    "fields": {
        "usuario": 16,
        "direccion": "Court reality reflect finish just cost himself. Safe travel expect heart seven.",
        "dni": "Drug.",
        "vuelo": [
            7,
            8,
            12,
            17
        ]
    }
},
{
    "model": "apaeropuerto.pasajero",
    "pk": 5,
    "fields": {
        "usuario": 11,
        "direccion": "White keep push. Or seven candidate. Tell garden short upon career his.",
        "dni": "More.",
        "vuelo": [
            15,
            18
        ]
    }
},
{
    "model": "apaeropuerto.pasajero",
    "pk": 6,
    "fields": {
        "usuario": 13,
        "direccion": "Mean force they people response type term. Again threat government difference leader.",
        "dni": "Drug.",
        "vuelo": [
            3,
            11,
            20
        ]
    }
},
{
    "model": "apaeropuerto.pasajero",
    "pk": 7,
    "fields": {
        "usuario": 19,
        "direccion": "Understand push economic everyone the. Include which though. Effort they onto begin before.",
        "dni": "Group.",
        "vuelo": [
            17,
            20
        ]
    }
},
{
    "model": "apaeropuerto.pasajero",
    "pk": 8,
    "fields": {
        "usuario": 20,
        "direccion": "Effect bit never Mr answer some production. Back personal sure cup. Figure her beautiful day.",
        "dni": "City.",
        "vuelo": [
            4,
            15,
            18
        ]
    }
},
{
    "model": "apaeropuerto.pasajero",
    "pk": 9,
    "fields": {
        "usuario": 8,
        "direccion": "Treat message shake court miss chance wait. Star value degree team benefit exist.",
        "dni": "End week.",
        "vuelo": [
            9,
            13
        ]
    }
},
{
    "model": "apaeropuerto.pasajero",
    "pk": 10,
    "fields": {
        "usuario": 4,
        "direccion": "Theory together whose meeting lay rich. Contain ok continue event. Popular tax discover over.",
        "dni": "Face.",
        "vuelo": [
            1,
            10,
            14,
            20
        ]
    }
},
{
    "model": "apaeropuerto.pasajero",
    "pk": 11,
    "fields": {
        "usuario": 15,
        "direccion": "Reduce want at challenge defense. Recent perhaps back whether.",
        "dni": "Feeling.",
        "vuelo": [
            1,
            7,
            12
        ]
    }
},
{
    "model": "apaeropuerto.pasajero",
    "pk": 12,
    "fields": {
        "usuario": 12,
        "direccion": "Draw pull gun whole production beat. Church feel everyone I.",
        "dni": "Research.",
        "vuelo": [
            4
        ]
    }
},
{
    "model": "apaeropuerto.pasajero",
    "pk": 13,
    "fields": {
        "usuario": 6,
        "direccion": "Sport allow doctor detail back. Scientist let party every key. Hospital food step less.",
        "dni": "Body.",
        "vuelo": [
            20
        ]
    }
},
{
    "model": "apaeropuerto.pasajero",
    "pk": 14,
    "fields": {
        "usuario": 18,
        "direccion": "Support her course system hear local. Someone market several south return cause way.",
        "dni": "Will.",
        "vuelo": [
            10,
            11,
            12,
            19
        ]
    }
},
{
    "model": "apaeropuerto.pasajero",
    "pk": 15,
    "fields": {
        "usuario": 17,
        "direccion": "Man successful same notice. Trouble game stand story dream.",
        "dni": "Machine.",
        "vuelo": [
            17
        ]
    }
},
{
    "model": "apaeropuerto.pasajero",
    "pk": 16,
    "fields": {
        "usuario": 7,
        "direccion": "Kitchen idea themselves cell dinner ok wife. Either figure half than good ask.",
        "dni": "Director.",
        "vuelo": [
            2,
            12,
            13,
            14
        ]
    }
},
{
    "model": "apaeropuerto.pasajero",
    "pk": 17,
    "fields": {
        "usuario": 14,
        "direccion": "Effect attention explain former from yes project. Party your consumer improve wall up.",
        "dni": "Area.",
        "vuelo": [
            12,
            14,
            19
        ]
    }
},
{
    "model": "apaeropuerto.pasajero",
    "pk": 18,
    "fields": {
        "usuario": 1,
        "direccion": "Art school again ready open nor. Ground foreign buy south scene meeting available among.",
        "dni": "Rich.",
        "vuelo": [
            2,
            5,
            15,
            17
        ]
    }
},
{
    "model": "apaeropuerto.pasajero",
    "pk": 19,
    "fields": {
        "usuario": 9,
        "direccion": "Power form everyone opportunity position. Government support sound stand they team down.",
        "dni": "A edge.",
        "vuelo": [
            8,
            16
        ]
    }
},
{
    "model": "apaeropuerto.pasajero",
    "pk": 20,
    "fields": {
        "usuario": 2,
        "direccion": "Key during debate from relate husband crime. Bit behavior opportunity think successful.",
        "dni": "Man.",
        "vuelo": [
            7,
            12
        ]
    }
},
{
    "model": "apaeropuerto.pasajero",
    "pk": 21,
    "fields": {
        "usuario": 29,
        "direccion": "",
        "dni": "",
        "vuelo": []
    }
},
{
    "model": "apaeropuerto.pasajero",
    "pk": 22,
    "fields": {
        "usuario": 30,
        "direccion": "",
        "dni": "",
        "vuelo": []
    }
},
{
    "model": "apaeropuerto.pasajero",
    "pk": 23,
    "fields": {
        "usuario": 31,
        "direccion": "",
        "dni": "",
        "vuelo": []
    }
},
{
    "model": "apaeropuerto.gerente",
    "pk": 1,
    "fields": {
        "usuario": 3
    }
},
{
    "model": "apaeropuerto.gerente",
    "pk": 2,
    "fields": {
        "usuario": 19
    }
},
{
    "model": "apaeropuerto.gerente",
    "pk": 3,
    "fields": {
        "usuario": 16
    }
},
{
    "model": "apaeropuerto.gerente",
    "pk": 4,
    "fields": {
        "usuario": 9
    }
},
{
    "model": "apaeropuerto.gerente",
    "pk": 5,
    "fields": {
        "usuario": 11
    }
},
{
    "model": "apaeropuerto.gerente",
    "pk": 6,
    "fields": {
        "usuario": 5
    }
},
{
    "model": "apaeropuerto.gerente",
    "pk": 7,
    "fields": {
        "usuario": 10
    }
},
{
    "model": "apaeropuerto.gerente",
    "pk": 8,
    "fields": {
        "usuario": 1
    }
},
{
    "model": "apaeropuerto.gerente",
    "pk": 9,
    "fields": {
        "usuario": 20
    }
},
{
    "model": "apaeropuerto.gerente",
    "pk": 10,
    "fields": {
        "usuario": 14
    }
},
{
    "model": "apaeropuerto.gerente",
    "pk": 11,
    "fields": {
        "usuario": 17
    }
},
{
    "model": "apaeropuerto.gerente",
    "pk": 12,
    "fields": {
        "usuario": 6
    }
},
{
    "model": "apaeropuerto.gerente",
    "pk": 13,
    "fields": {
        "usuario": 15
    }
},
{
    "model": "apaeropuerto.gerente",
    "pk": 14,
    "fields": {
        "usuario": 4
    }
},
{
    "model": "apaeropuerto.gerente",
    "pk": 15,
    "fields": {
        "usuario": 7
    }
},
{
    "model": "apaeropuerto.gerente",
    "pk": 16,
    "fields": {
        "usuario": 18
    }
},
{
    "model": "apaeropuerto.gerente",
    "pk": 17,
    "fields": {
        "usuario": 2
    }
},
{
    "model": "apaeropuerto.gerente",
    "pk": 18,
    "fields": {
        "usuario": 12
    }
},
{
    "model": "apaeropuerto.gerente",
    "pk": 19,
    "fields": {
        "usuario": 13
    }
},
{
    "model": "apaeropuerto.gerente",
    "pk": 20,
    "fields": {
        "usuario": 8
    }
},
{
    "model": "apaeropuerto.gerente",
    "pk": 21,
    "fields": {
        "usuario": 33
    }
},
{
    "model": "apaeropuerto.equipaje",
    "pk": 1,
    "fields": {
        "peso": 0.3072803002642871,
        "dimensiones": "Operation military lay.",
        "tipo_material": "Four data simple including.",
        "color": "Against direction charge. Common method coach.",
        "pasajero": 16
    }
},
{
    "model": "apaeropuerto.equipaje",
    "pk": 2,
    "fields": {
        "peso": 0.32382797410253084,
        "dimensiones": "Wish approach need new trial half sound.",
        "tipo_material": "Ok level ground if.",
        "color": "Crime pattern us plant station rock.",
        "pasajero": 19
    }
},
{
    "model": "apaeropuerto.equipaje",
    "pk": 3,
    "fields": {
        "peso": 0.7510094190603311,
        "dimensiones": "His apply its employee.",
        "tipo_material": "Loss campaign defense.",
        "color": "Operation east deal available during.",
        "pasajero": 18
    }
},
{
    "model": "apaeropuerto.equipaje",
    "pk": 4,
    "fields": {
        "peso": 0.7140369745416751,
        "dimensiones": "Nothing compare computer around range street.",
        "tipo_material": "That very base ok finish.",
        "color": "These nor require above.",
        "pasajero": 17
    }
},
{
    "model": "apaeropuerto.equipaje",
    "pk": 5,
    "fields": {
        "peso": 0.09689908313304507,
        "dimensiones": "Share ask world fall.",
        "tipo_material": "Though grow tree.",
        "color": "Ball leave under cup area. Show item special.",
        "pasajero": 14
    }
},
{
    "model": "apaeropuerto.equipaje",
    "pk": 6,
    "fields": {
        "peso": 0.759796208366774,
        "dimensiones": "Language real half method public head.",
        "tipo_material": "Concern ask professor.",
        "color": "Air against everyone low issue ball song.",
        "pasajero": 1
    }
},
{
    "model": "apaeropuerto.equipaje",
    "pk": 7,
    "fields": {
        "peso": 0.05039447165674282,
        "dimensiones": "Myself set term Congress.",
        "tipo_material": "Every spend moment weight.",
        "color": "Soldier suddenly heart charge leave possible.",
        "pasajero": 7
    }
},
{
    "model": "apaeropuerto.equipaje",
    "pk": 8,
    "fields": {
        "peso": 0.8726642149187872,
        "dimensiones": "By eat summer under another.",
        "tipo_material": "Into father that.",
        "color": "In seek husband perform impact hit blue.",
        "pasajero": 20
    }
},
{
    "model": "apaeropuerto.equipaje",
    "pk": 9,
    "fields": {
        "peso": 0.4592095108366874,
        "dimensiones": "Sort customer despite past vote answer goal.",
        "tipo_material": "Federal space management.",
        "color": "Whose energy ok identify whether hour.",
        "pasajero": 17
    }
},
{
    "model": "apaeropuerto.equipaje",
    "pk": 10,
    "fields": {
        "peso": 0.7588960094653926,
        "dimensiones": "Water always magazine there notice man here.",
        "tipo_material": "Decade act continue.",
        "color": "Old section cost. Career Congress tree.",
        "pasajero": 9
    }
},
{
    "model": "apaeropuerto.equipaje",
    "pk": 11,
    "fields": {
        "peso": 0.12985497289823367,
        "dimensiones": "World trial note mouth.",
        "tipo_material": "Grow walk compare back.",
        "color": "Court beat apply investment cultural recent.",
        "pasajero": 5
    }
},
{
    "model": "apaeropuerto.equipaje",
    "pk": 12,
    "fields": {
        "peso": 0.7163980106811767,
        "dimensiones": "Agree finally resource a.",
        "tipo_material": "Discover computer gun really.",
        "color": "Particularly major collection event show lawyer.",
        "pasajero": 7
    }
},
{
    "model": "apaeropuerto.equipaje",
    "pk": 13,
    "fields": {
        "peso": 0.46642604742409166,
        "dimensiones": "Price some try.",
        "tipo_material": "Child fire discuss.",
        "color": "Purpose movie consider policy.",
        "pasajero": 8
    }
},
{
    "model": "apaeropuerto.equipaje",
    "pk": 14,
    "fields": {
        "peso": 0.09440316172608687,
        "dimensiones": "Lay article avoid debate able story poor.",
        "tipo_material": "Capital mean maybe police.",
        "color": "Security law which stay travel.",
        "pasajero": 16
    }
},
{
    "model": "apaeropuerto.equipaje",
    "pk": 15,
    "fields": {
        "peso": 0.21140697781614393,
        "dimensiones": "Each sometimes century cut.",
        "tipo_material": "Across plan notice fine.",
        "color": "Half its part around laugh interview painting.",
        "pasajero": 20
    }
},
{
    "model": "apaeropuerto.equipaje",
    "pk": 16,
    "fields": {
        "peso": 0.8263732553334471,
        "dimensiones": "Piece form interesting seven attention low sea.",
        "tipo_material": "Before require plant.",
        "color": "Sport itself force mean onto learn.",
        "pasajero": 8
    }
},
{
    "model": "apaeropuerto.equipaje",
    "pk": 17,
    "fields": {
        "peso": 0.035246840172767246,
        "dimensiones": "Nation manager while receive appear.",
        "tipo_material": "Later miss night gas.",
        "color": "Upon air church protect.",
        "pasajero": 12
    }
},
{
    "model": "apaeropuerto.equipaje",
    "pk": 18,
    "fields": {
        "peso": 0.5791894120375921,
        "dimensiones": "Exist design yourself mission success notice.",
        "tipo_material": "From former follow close.",
        "color": "Upon west affect especially difficult.",
        "pasajero": 19
    }
},
{
    "model": "apaeropuerto.equipaje",
    "pk": 19,
    "fields": {
        "peso": 0.5917246642508633,
        "dimensiones": "Degree because your give ahead.",
        "tipo_material": "Film bill suddenly.",
        "color": "Box imagine during his.",
        "pasajero": 7
    }
},
{
    "model": "apaeropuerto.equipaje",
    "pk": 20,
    "fields": {
        "peso": 0.7452416445924316,
        "dimensiones": "Several about whole realize call.",
        "tipo_material": "Since Mrs day.",
        "color": "Talk get also understand lot develop.",
        "pasajero": 19
    }
},
{
    "model": "apaeropuerto.vueloaerolinea",
    "pk": 1,
    "fields": {
        "fecha_operacion": null,
        "estado": "",
        "clase": "E",
        "incidencias": "",
        "vuelo": 1,
        "aerolinea": 20
    }
},
{
    "model": "apaeropuerto.vueloaerolinea",
    "pk": 2,
    "fields": {
        "fecha_operacion": null,
        "estado": "",
        "clase": "E",
        "incidencias": "",
        "vuelo": 1,
        "aerolinea": 5
    }
},
{
    "model": "apaeropuerto.vueloaerolinea",
    "pk": 3,
    "fields": {
        "fecha_operacion": null,
        "estado": "",
        "clase": "E",
        "incidencias": "",
        "vuelo": 1,
        "aerolinea": 7
    }
},
{
    "model": "apaeropuerto.vueloaerolinea",
    "pk": 4,
    "fields": {
        "fecha_operacion": null,
        "estado": "",
        "clase": "E",
        "incidencias": "",
        "vuelo": 1,
        "aerolinea": 17
    }
},
{
    "model": "apaeropuerto.vueloaerolinea",
    "pk": 5,
    "fields": {
        "fecha_operacion": null,
        "estado": "",
        "clase": "E",
        "incidencias": "",
        "vuelo": 2,
        "aerolinea": 18
    }
},
{
    "model": "apaeropuerto.vueloaerolinea",
    "pk": 6,
    "fields": {
        "fecha_operacion": null,
        "estado": "",
        "clase": "E",
        "incidencias": "",
        "vuelo": 2,
        "aerolinea": 15
    }
},
{
    "model": "apaeropuerto.vueloaerolinea",
    "pk": 7,
    "fields": {
        "fecha_operacion": null,
        "estado": "",
        "clase": "E",
        "incidencias": "",
        "vuelo": 3,
        "aerolinea": 4
    }
},
{
    "model": "apaeropuerto.vueloaerolinea",
    "pk": 8,
    "fields": {
        "fecha_operacion": null,
        "estado": "",
        "clase": "E",
        "incidencias": "",
        "vuelo": 3,
        "aerolinea": 5
    }
},
{
    "model": "apaeropuerto.vueloaerolinea",
    "pk": 9,
    "fields": {
        "fecha_operacion": null,
        "estado": "",
        "clase": "E",
        "incidencias": "",
        "vuelo": 4,
        "aerolinea": 20
    }
},
{
    "model": "apaeropuerto.vueloaerolinea",
    "pk": 10,
    "fields": {
        "fecha_operacion": null,
        "estado": "",
        "clase": "E",
        "incidencias": "",
        "vuelo": 4,
        "aerolinea": 17
    }
},
{
    "model": "apaeropuerto.vueloaerolinea",
    "pk": 11,
    "fields": {
        "fecha_operacion": null,
        "estado": "",
        "clase": "E",
        "incidencias": "",
        "vuelo": 4,
        "aerolinea": 12
    }
},
{
    "model": "apaeropuerto.vueloaerolinea",
    "pk": 12,
    "fields": {
        "fecha_operacion": null,
        "estado": "",
        "clase": "E",
        "incidencias": "",
        "vuelo": 5,
        "aerolinea": 18
    }
},
{
    "model": "apaeropuerto.vueloaerolinea",
    "pk": 13,
    "fields": {
        "fecha_operacion": null,
        "estado": "",
        "clase": "E",
        "incidencias": "",
        "vuelo": 5,
        "aerolinea": 1
    }
},
{
    "model": "apaeropuerto.vueloaerolinea",
    "pk": 14,
    "fields": {
        "fecha_operacion": null,
        "estado": "",
        "clase": "E",
        "incidencias": "",
        "vuelo": 5,
        "aerolinea": 13
    }
},
{
    "model": "apaeropuerto.vueloaerolinea",
    "pk": 15,
    "fields": {
        "fecha_operacion": null,
        "estado": "",
        "clase": "E",
        "incidencias": "",
        "vuelo": 5,
        "aerolinea": 20
    }
},
{
    "model": "apaeropuerto.vueloaerolinea",
    "pk": 16,
    "fields": {
        "fecha_operacion": null,
        "estado": "",
        "clase": "E",
        "incidencias": "",
        "vuelo": 5,
        "aerolinea": 4
    }
},
{
    "model": "apaeropuerto.vueloaerolinea",
    "pk": 17,
    "fields": {
        "fecha_operacion": null,
        "estado": "",
        "clase": "E",
        "incidencias": "",
        "vuelo": 6,
        "aerolinea": 11
    }
},
{
    "model": "apaeropuerto.vueloaerolinea",
    "pk": 18,
    "fields": {
        "fecha_operacion": null,
        "estado": "",
        "clase": "E",
        "incidencias": "",
        "vuelo": 6,
        "aerolinea": 12
    }
},
{
    "model": "apaeropuerto.vueloaerolinea",
    "pk": 19,
    "fields": {
        "fecha_operacion": null,
        "estado": "",
        "clase": "E",
        "incidencias": "",
        "vuelo": 6,
        "aerolinea": 16
    }
},
{
    "model": "apaeropuerto.vueloaerolinea",
    "pk": 20,
    "fields": {
        "fecha_operacion": null,
        "estado": "",
        "clase": "E",
        "incidencias": "",
        "vuelo": 6,
        "aerolinea": 18
    }
},
{
    "model": "apaeropuerto.vueloaerolinea",
    "pk": 21,
    "fields": {
        "fecha_operacion": null,
        "estado": "",
        "clase": "E",
        "incidencias": "",
        "vuelo": 7,
        "aerolinea": 11
    }
},
{
    "model": "apaeropuerto.vueloaerolinea",
    "pk": 22,
    "fields": {
        "fecha_operacion": null,
        "estado": "",
        "clase": "E",
        "incidencias": "",
        "vuelo": 7,
        "aerolinea": 6
    }
},
{
    "model": "apaeropuerto.vueloaerolinea",
    "pk": 23,
    "fields": {
        "fecha_operacion": null,
        "estado": "",
        "clase": "E",
        "incidencias": "",
        "vuelo": 7,
        "aerolinea": 13
    }
},
{
    "model": "apaeropuerto.vueloaerolinea",
    "pk": 24,
    "fields": {
        "fecha_operacion": null,
        "estado": "",
        "clase": "E",
        "incidencias": "",
        "vuelo": 8,
        "aerolinea": 10
    }
},
{
    "model": "apaeropuerto.vueloaerolinea",
    "pk": 25,
    "fields": {
        "fecha_operacion": null,
        "estado": "",
        "clase": "E",
        "incidencias": "",
        "vuelo": 8,
        "aerolinea": 15
    }
},
{
    "model": "apaeropuerto.vueloaerolinea",
    "pk": 26,
    "fields": {
        "fecha_operacion": null,
        "estado": "",
        "clase": "E",
        "incidencias": "",
        "vuelo": 8,
        "aerolinea": 14
    }
},
{
    "model": "apaeropuerto.vueloaerolinea",
    "pk": 27,
    "fields": {
        "fecha_operacion": null,
        "estado": "",
        "clase": "E",
        "incidencias": "",
        "vuelo": 8,
        "aerolinea": 7
    }
},
{
    "model": "apaeropuerto.vueloaerolinea",
    "pk": 28,
    "fields": {
        "fecha_operacion": null,
        "estado": "",
        "clase": "E",
        "incidencias": "",
        "vuelo": 9,
        "aerolinea": 18
    }
},
{
    "model": "apaeropuerto.vueloaerolinea",
    "pk": 29,
    "fields": {
        "fecha_operacion": null,
        "estado": "",
        "clase": "E",
        "incidencias": "",
        "vuelo": 9,
        "aerolinea": 3
    }
},
{
    "model": "apaeropuerto.vueloaerolinea",
    "pk": 30,
    "fields": {
        "fecha_operacion": null,
        "estado": "",
        "clase": "E",
        "incidencias": "",
        "vuelo": 10,
        "aerolinea": 3
    }
},
{
    "model": "apaeropuerto.vueloaerolinea",
    "pk": 31,
    "fields": {
        "fecha_operacion": null,
        "estado": "",
        "clase": "E",
        "incidencias": "",
        "vuelo": 10,
        "aerolinea": 1
    }
},
{
    "model": "apaeropuerto.vueloaerolinea",
    "pk": 32,
    "fields": {
        "fecha_operacion": null,
        "estado": "",
        "clase": "E",
        "incidencias": "",
        "vuelo": 10,
        "aerolinea": 9
    }
},
{
    "model": "apaeropuerto.vueloaerolinea",
    "pk": 33,
    "fields": {
        "fecha_operacion": null,
        "estado": "",
        "clase": "E",
        "incidencias": "",
        "vuelo": 11,
        "aerolinea": 14
    }
},
{
    "model": "apaeropuerto.vueloaerolinea",
    "pk": 34,
    "fields": {
        "fecha_operacion": null,
        "estado": "",
        "clase": "E",
        "incidencias": "",
        "vuelo": 11,
        "aerolinea": 1
    }
},
{
    "model": "apaeropuerto.vueloaerolinea",
    "pk": 35,
    "fields": {
        "fecha_operacion": null,
        "estado": "",
        "clase": "E",
        "incidencias": "",
        "vuelo": 11,
        "aerolinea": 2
    }
},
{
    "model": "apaeropuerto.vueloaerolinea",
    "pk": 36,
    "fields": {
        "fecha_operacion": null,
        "estado": "",
        "clase": "E",
        "incidencias": "",
        "vuelo": 11,
        "aerolinea": 11
    }
},
{
    "model": "apaeropuerto.vueloaerolinea",
    "pk": 37,
    "fields": {
        "fecha_operacion": null,
        "estado": "",
        "clase": "E",
        "incidencias": "",
        "vuelo": 11,
        "aerolinea": 10
    }
},
{
    "model": "apaeropuerto.vueloaerolinea",
    "pk": 38,
    "fields": {
        "fecha_operacion": null,
        "estado": "",
        "clase": "E",
        "incidencias": "",
        "vuelo": 12,
        "aerolinea": 19
    }
},
{
    "model": "apaeropuerto.vueloaerolinea",
    "pk": 39,
    "fields": {
        "fecha_operacion": null,
        "estado": "",
        "clase": "E",
        "incidencias": "",
        "vuelo": 13,
        "aerolinea": 18
    }
},
{
    "model": "apaeropuerto.vueloaerolinea",
    "pk": 40,
    "fields": {
        "fecha_operacion": null,
        "estado": "",
        "clase": "E",
        "incidencias": "",
        "vuelo": 13,
        "aerolinea": 11
    }
},
{
    "model": "apaeropuerto.vueloaerolinea",
    "pk": 41,
    "fields": {
        "fecha_operacion": null,
        "estado": "",
        "clase": "E",
        "incidencias": "",
        "vuelo": 13,
        "aerolinea": 19
    }
},
{
    "model": "apaeropuerto.vueloaerolinea",
    "pk": 42,
    "fields": {
        "fecha_operacion": null,
        "estado": "",
        "clase": "E",
        "incidencias": "",
        "vuelo": 13,
        "aerolinea": 6
    }
},
{
    "model": "apaeropuerto.vueloaerolinea",
    "pk": 43,
    "fields": {
        "fecha_operacion": null,
        "estado": "",
        "clase": "E",
        "incidencias": "",
        "vuelo": 13,
        "aerolinea": 10
    }
},
{
    "model": "apaeropuerto.vueloaerolinea",
    "pk": 44,
    "fields": {
        "fecha_operacion": null,
        "estado": "",
        "clase": "E",
        "incidencias": "",
        "vuelo": 14,
        "aerolinea": 7
    }
},
{
    "model": "apaeropuerto.vueloaerolinea",
    "pk": 45,
    "fields": {
        "fecha_operacion": null,
        "estado": "",
        "clase": "E",
        "incidencias": "",
        "vuelo": 15,
        "aerolinea": 7
    }
},
{
    "model": "apaeropuerto.vueloaerolinea",
    "pk": 46,
    "fields": {
        "fecha_operacion": null,
        "estado": "",
        "clase": "E",
        "incidencias": "",
        "vuelo": 16,
        "aerolinea": 6
    }
},
{
    "model": "apaeropuerto.vueloaerolinea",
    "pk": 47,
    "fields": {
        "fecha_operacion": null,
        "estado": "",
        "clase": "E",
        "incidencias": "",
        "vuelo": 16,
        "aerolinea": 15
    }
},
{
    "model": "apaeropuerto.vueloaerolinea",
    "pk": 48,
    "fields": {
        "fecha_operacion": null,
        "estado": "",
        "clase": "E",
        "incidencias": "",
        "vuelo": 16,
        "aerolinea": 13
    }
},
{
    "model": "apaeropuerto.vueloaerolinea",
    "pk": 49,
    "fields": {
        "fecha_operacion": null,
        "estado": "",
        "clase": "E",
        "incidencias": "",
        "vuelo": 16,
        "aerolinea": 8
    }
},
{
    "model": "apaeropuerto.vueloaerolinea",
    "pk": 50,
    "fields": {
        "fecha_operacion": null,
        "estado": "",
        "clase": "E",
        "incidencias": "",
        "vuelo": 16,
        "aerolinea": 19
    }
},
{
    "model": "apaeropuerto.vueloaerolinea",
    "pk": 51,
    "fields": {
        "fecha_operacion": null,
        "estado": "",
        "clase": "E",
        "incidencias": "",
        "vuelo": 17,
        "aerolinea": 6
    }
},
{
    "model": "apaeropuerto.vueloaerolinea",
    "pk": 52,
    "fields": {
        "fecha_operacion": null,
        "estado": "",
        "clase": "E",
        "incidencias": "",
        "vuelo": 17,
        "aerolinea": 12
    }
},
{
    "model": "apaeropuerto.vueloaerolinea",
    "pk": 53,
    "fields": {
        "fecha_operacion": null,
        "estado": "",
        "clase": "E",
        "incidencias": "",
        "vuelo": 18,
        "aerolinea": 10
    }
},
{
    "model": "apaeropuerto.vueloaerolinea",
    "pk": 54,
    "fields": {
        "fecha_operacion": null,
        "estado": "",
        "clase": "E",
        "incidencias": "",
        "vuelo": 18,
        "aerolinea": 17
    }
},
{
    "model": "apaeropuerto.vueloaerolinea",
    "pk": 55,
    "fields": {
        "fecha_operacion": null,
        "estado": "",
        "clase": "E",
        "incidencias": "",
        "vuelo": 18,
        "aerolinea": 4
    }
},
{
    "model": "apaeropuerto.vueloaerolinea",
    "pk": 56,
    "fields": {
        "fecha_operacion": null,
        "estado": "",
        "clase": "E",
        "incidencias": "",
        "vuelo": 19,
        "aerolinea": 16
    }
},
{
    "model": "apaeropuerto.vueloaerolinea",
    "pk": 57,
    "fields": {
        "fecha_operacion": null,
        "estado": "",
        "clase": "E",
        "incidencias": "",
        "vuelo": 19,
        "aerolinea": 20
    }
},
{
    "model": "apaeropuerto.vueloaerolinea",
    "pk": 58,
    "fields": {
        "fecha_operacion": null,
        "estado": "",
        "clase": "E",
        "incidencias": "",
        "vuelo": 19,
        "aerolinea": 5
    }
},
{
    "model": "apaeropuerto.vueloaerolinea",
    "pk": 59,
    "fields": {
        "fecha_operacion": null,
        "estado": "",
        "clase": "E",
        "incidencias": "",
        "vuelo": 20,
        "aerolinea": 18
    }
},
{
    "model": "apaeropuerto.vueloaerolinea",
    "pk": 60,
    "fields": {
        "fecha_operacion": null,
        "estado": "",
        "clase": "E",
        "incidencias": "",
        "vuelo": 20,
        "aerolinea": 3
    }
},
{
    "model": "apaeropuerto.vueloaerolinea",
    "pk": 61,
    "fields": {
        "fecha_operacion": null,
        "estado": "",
        "clase": "E",
        "incidencias": "",
        "vuelo": 20,
        "aerolinea": 14
    }
},
{
    "model": "apaeropuerto.vueloaerolinea",
    "pk": 62,
    "fields": {
        "fecha_operacion": "1996-08-21T11:43:48.620",
        "estado": "Mrs total sign drug federal look ability. Rise power institution already class. Herself decide will political draw order authority worry.\nAppear ball weight.",
        "clase": "E",
        "incidencias": "Beat point everything involve dinner a. Trip especially when.",
        "vuelo": 1,
        "aerolinea": 20
    }
},
{
    "model": "apaeropuerto.vueloaerolinea",
    "pk": 63,
    "fields": {
        "fecha_operacion": "2001-06-20T03:16:28.058",
        "estado": "Ask similar moment couple stock onto nation. Crime view management analysis turn. Newspaper buy ask plan put.\nTheory unit force race live current. Weight various able work.",
        "clase": "E",
        "incidencias": "Would lead send success figure girl. Others analysis national grow father picture leader.",
        "vuelo": 9,
        "aerolinea": 14
    }
},
{
    "model": "apaeropuerto.vueloaerolinea",
    "pk": 64,
    "fields": {
        "fecha_operacion": "1970-01-30T13:25:23.293",
        "estado": "Relationship that degree son general Congress certain. Population term view inside. Face hotel provide half establish as rate.\nArea smile down. Speech big decide worry sing avoid contain well.",
        "clase": "E",
        "incidencias": "Its unit consider. Police include design or stage share station. Every able the relate fight mean.",
        "vuelo": 12,
        "aerolinea": 14
    }
},
{
    "model": "apaeropuerto.vueloaerolinea",
    "pk": 65,
    "fields": {
        "fecha_operacion": "1976-07-05T15:02:10.564",
        "estado": "Song change itself ago evening. Want all challenge their. Other both star short series or.\nSecond guess response. Three plant newspaper herself.",
        "clase": "E",
        "incidencias": "Service try decade life medical decade. Certain fear possible important action future worker.",
        "vuelo": 6,
        "aerolinea": 16
    }
},
{
    "model": "apaeropuerto.vueloaerolinea",
    "pk": 66,
    "fields": {
        "fecha_operacion": "1979-07-14T10:06:49.065",
        "estado": "Probably practice task company degree enter professor. Wind send prove dream speak might for woman.\nProve attention total appear. Cut black ago Democrat.",
        "clase": "E",
        "incidencias": "Tend lead concern threat. Perhaps any including.",
        "vuelo": 1,
        "aerolinea": 1
    }
},
{
    "model": "apaeropuerto.vueloaerolinea",
    "pk": 67,
    "fields": {
        "fecha_operacion": "2004-10-05T22:14:26.891",
        "estado": "College now save. It third as left program station event. Letter financial form economy new risk compare.",
        "clase": "E",
        "incidencias": "Ask might me remember much. Game charge at your when agency really. What we lot mother money.",
        "vuelo": 4,
        "aerolinea": 7
    }
},
{
    "model": "apaeropuerto.vueloaerolinea",
    "pk": 68,
    "fields": {
        "fecha_operacion": "1985-03-18T07:31:33.290",
        "estado": "Box bring ever page sort various. Expert thank loss born issue. Southern arrive woman room pick approach. Game few game TV.",
        "clase": "E",
        "incidencias": "Event specific share modern protect newspaper fish. Hear marriage base near sport start.",
        "vuelo": 8,
        "aerolinea": 18
    }
},
{
    "model": "apaeropuerto.vueloaerolinea",
    "pk": 69,
    "fields": {
        "fecha_operacion": "2011-10-23T17:43:59.634",
        "estado": "Open child mission from large prevent future. Help north senior ground kind month be.",
        "clase": "E",
        "incidencias": "Want computer should fast. Will today where. Possible after tree however dark power minute medical.",
        "vuelo": 4,
        "aerolinea": 11
    }
},
{
    "model": "apaeropuerto.vueloaerolinea",
    "pk": 70,
    "fields": {
        "fecha_operacion": "1992-09-27T18:12:33.959",
        "estado": "Wonder early else see allow perhaps care run. Live through raise hold treatment feeling. Everybody officer fast soon.\nInterview here bill station half give second. Toward ago election population.",
        "clase": "E",
        "incidencias": "Phone approach subject Congress experience wish. Dinner wind range message.",
        "vuelo": 11,
        "aerolinea": 8
    }
},
{
    "model": "apaeropuerto.vueloaerolinea",
    "pk": 71,
    "fields": {
        "fecha_operacion": "1994-02-20T21:43:23.753",
        "estado": "Let particularly live ten detail scene. Describe special color miss interest when evidence. Player loss agree third world store even.",
        "clase": "E",
        "incidencias": "Game us official operation. Instead join call charge. Blood car my eye summer choice.",
        "vuelo": 16,
        "aerolinea": 2
    }
},
{
    "model": "apaeropuerto.vueloaerolinea",
    "pk": 72,
    "fields": {
        "fecha_operacion": "1977-10-12T19:35:05.146",
        "estado": "Series figure here class democratic party pass. Skin would budget far goal.\nPeace reality kid easy nice tonight condition gas. Financial player another player give memory area.",
        "clase": "E",
        "incidencias": "Sell of difference mean sing. Teach toward young education record.",
        "vuelo": 1,
        "aerolinea": 7
    }
},
{
    "model": "apaeropuerto.vueloaerolinea",
    "pk": 73,
    "fields": {
        "fecha_operacion": "2009-02-13T06:53:52.189",
        "estado": "Like low could authority they turn.\nProve letter suggest consumer. Pretty probably finish three suggest three. Trip where so.\nOther produce model low indeed. Class could side clear.",
        "clase": "E",
        "incidencias": "Ok final too enter air crime training. Economy simply travel my do south floor.",
        "vuelo": 15,
        "aerolinea": 11
    }
},
{
    "model": "apaeropuerto.vueloaerolinea",
    "pk": 74,
    "fields": {
        "fecha_operacion": "1999-06-08T09:29:23.578",
        "estado": "Free majority police particular. Body address world letter real discuss government. Lead finally whom off man decide return. Policy great act every face American.",
        "clase": "E",
        "incidencias": "Cut north capital actually same best Republican. Play house these wrong crime.",
        "vuelo": 2,
        "aerolinea": 4
    }
},
{
    "model": "apaeropuerto.vueloaerolinea",
    "pk": 75,
    "fields": {
        "fecha_operacion": "1972-11-01T06:37:21.710",
        "estado": "Party performance life position. Those themselves open might look.\nOpen edge statement minute pull. Although shoulder its age sing direction.",
        "clase": "E",
        "incidencias": "Game people him feeling. Similar cup quite music clearly bring.",
        "vuelo": 8,
        "aerolinea": 13
    }
},
{
    "model": "apaeropuerto.vueloaerolinea",
    "pk": 76,
    "fields": {
        "fecha_operacion": "2017-06-16T16:10:31.939",
        "estado": "Writer less want his store. Box bring ever author political.\nGlass store production deal everything. Easy believe score tend however. To throughout spend analysis level realize person every.",
        "clase": "E",
        "incidencias": "Instead difficult growth. Safe project hospital loss yard. Put card step.",
        "vuelo": 1,
        "aerolinea": 12
    }
},
{
    "model": "apaeropuerto.vueloaerolinea",
    "pk": 77,
    "fields": {
        "fecha_operacion": "2007-06-18T22:07:30.437",
        "estado": "Happen finally such bit. Challenge without choose.\nSkill other drug suddenly. By collection three matter argue.\nEvidence will speech stock office pick newspaper. Quickly meeting garden just.",
        "clase": "E",
        "incidencias": "Scientist cause everything administration seem born newspaper pay. Look sister likely.",
        "vuelo": 9,
        "aerolinea": 15
    }
},
{
    "model": "apaeropuerto.vueloaerolinea",
    "pk": 78,
    "fields": {
        "fecha_operacion": "1986-09-12T10:10:23.006",
        "estado": "Accept might small soon who east. Dinner discussion ten necessary.\nBehind control start. Structure history nature probably number economic.",
        "clase": "E",
        "incidencias": "Sit like thought sense ok class trial. Yet good fire water note owner organization.",
        "vuelo": 6,
        "aerolinea": 10
    }
},
{
    "model": "apaeropuerto.vueloaerolinea",
    "pk": 79,
    "fields": {
        "fecha_operacion": "2013-08-28T03:49:19.219",
        "estado": "Leader miss available then. Throughout no social increase.\nPlan boy dark firm including doctor. Choice authority home you. South build address weight.",
        "clase": "E",
        "incidencias": "Remember dog just kind among leader us record. Military far who television first growth agreement.",
        "vuelo": 7,
        "aerolinea": 13
    }
},
{
    "model": "apaeropuerto.vueloaerolinea",
    "pk": 80,
    "fields": {
        "fecha_operacion": "2017-02-01T02:44:22.572",
        "estado": "New everything produce growth miss sense dream company. Know audience debate free service white. Author water human wish special leave piece.",
        "clase": "E",
        "incidencias": "Be raise available notice approach. Try impact him speak weight. Get arrive cell light ago third.",
        "vuelo": 7,
        "aerolinea": 9
    }
},
{
    "model": "apaeropuerto.vueloaerolinea",
    "pk": 81,
    "fields": {
        "fecha_operacion": "1994-01-07T19:17:42.925",
        "estado": "According enjoy put market bag film than. Teach like specific state knowledge life about. Specific authority morning.\nPower beat oil once. South event treat include serve.",
        "clase": "E",
        "incidencias": "Yes product wish again though kitchen growth. Good approach teach.",
        "vuelo": 1,
        "aerolinea": 13
    }
},
{
    "model": "apaeropuerto.reserva",
    "pk": 1,
    "fields": {
        "fecha_reserva": "2025-01-20T12:56:20.623",
        "codigo_descueto": "Future need walk last. Ahead husband about step trip.",
        "metodo_pago": "tarjeta",
        "estado_de_pago": false,
        "pasajero": 4
    }
},
{
    "model": "apaeropuerto.reserva",
    "pk": 2,
    "fields": {
        "fecha_reserva": "2025-01-20T12:56:20.623",
        "codigo_descueto": "Authority painting make hear heavy consumer mind. Mrs pattern responsibility.",
        "metodo_pago": "tarjeta",
        "estado_de_pago": false,
        "pasajero": 10
    }
},
{
    "model": "apaeropuerto.reserva",
    "pk": 3,
    "fields": {
        "fecha_reserva": "2025-01-20T12:56:20.623",
        "codigo_descueto": "Yet that young available focus. Film bed prevent writer take among.",
        "metodo_pago": "tarjeta",
        "estado_de_pago": false,
        "pasajero": 5
    }
},
{
    "model": "apaeropuerto.reserva",
    "pk": 4,
    "fields": {
        "fecha_reserva": "2025-01-20T12:56:20.623",
        "codigo_descueto": "Event a your.\nRelationship show fund late hotel just. Small community build able value.",
        "metodo_pago": "tarjeta",
        "estado_de_pago": true,
        "pasajero": 4
    }
},
{
    "model": "apaeropuerto.reserva",
    "pk": 5,
    "fields": {
        "fecha_reserva": "2025-01-20T12:56:20.623",
        "codigo_descueto": "Thousand particularly a fact. Look just magazine.",
        "metodo_pago": "tarjeta",
        "estado_de_pago": true,
        "pasajero": 9
    }
},
{
    "model": "apaeropuerto.reserva",
    "pk": 6,
    "fields": {
        "fecha_reserva": "2025-01-20T12:56:20.623",
        "codigo_descueto": "Writer note television feel mouth near TV. Project blood purpose people imagine most personal up.",
        "metodo_pago": "tarjeta",
        "estado_de_pago": true,
        "pasajero": 5
    }
},
{
    "model": "apaeropuerto.reserva",
    "pk": 7,
    "fields": {
        "fecha_reserva": "2025-01-20T12:56:20.623",
        "codigo_descueto": "Participant main nothing identify. Say when and suffer catch.",
        "metodo_pago": "tarjeta",
        "estado_de_pago": true,
        "pasajero": 11
    }
},
{
    "model": "apaeropuerto.reserva",
    "pk": 8,
    "fields": {
        "fecha_reserva": "2025-01-20T12:56:20.623",
        "codigo_descueto": "Have threat fall medical poor ability. Even own happen movement church outside.",
        "metodo_pago": "tarjeta",
        "estado_de_pago": true,
        "pasajero": 14
    }
},
{
    "model": "apaeropuerto.reserva",
    "pk": 9,
    "fields": {
        "fecha_reserva": "2025-01-20T12:56:20.623",
        "codigo_descueto": "Travel team see. Discussion community least worker indicate.",
        "metodo_pago": "tarjeta",
        "estado_de_pago": true,
        "pasajero": 4
    }
},
{
    "model": "apaeropuerto.reserva",
    "pk": 10,
    "fields": {
        "fecha_reserva": "2025-01-20T12:56:20.623",
        "codigo_descueto": "Different rock help seem. Feeling weight by child.",
        "metodo_pago": "tarjeta",
        "estado_de_pago": false,
        "pasajero": 18
    }
},
{
    "model": "apaeropuerto.reserva",
    "pk": 11,
    "fields": {
        "fecha_reserva": "2025-01-20T12:56:20.623",
        "codigo_descueto": "Strategy wall within. Tend few safe and charge. Card child decision nice mouth.",
        "metodo_pago": "tarjeta",
        "estado_de_pago": false,
        "pasajero": 17
    }
},
{
    "model": "apaeropuerto.reserva",
    "pk": 12,
    "fields": {
        "fecha_reserva": "2025-01-20T12:56:20.623",
        "codigo_descueto": "Free suffer box west power green. International stage way court bar.",
        "metodo_pago": "tarjeta",
        "estado_de_pago": false,
        "pasajero": 2
    }
},
{
    "model": "apaeropuerto.reserva",
    "pk": 13,
    "fields": {
        "fecha_reserva": "2025-01-20T12:56:20.623",
        "codigo_descueto": "Kitchen should within room line. Particular property view set seat. Owner base respond the.",
        "metodo_pago": "tarjeta",
        "estado_de_pago": true,
        "pasajero": 16
    }
},
{
    "model": "apaeropuerto.reserva",
    "pk": 14,
    "fields": {
        "fecha_reserva": "2025-01-20T12:56:20.623",
        "codigo_descueto": "Might word prepare first. Physical image mission ten within every artist.",
        "metodo_pago": "tarjeta",
        "estado_de_pago": false,
        "pasajero": 1
    }
},
{
    "model": "apaeropuerto.reserva",
    "pk": 15,
    "fields": {
        "fecha_reserva": "2025-01-20T12:56:20.623",
        "codigo_descueto": "Entire field account including because project. Less begin protect movie.",
        "metodo_pago": "tarjeta",
        "estado_de_pago": false,
        "pasajero": 2
    }
},
{
    "model": "apaeropuerto.reserva",
    "pk": 16,
    "fields": {
        "fecha_reserva": "2025-01-20T12:56:20.623",
        "codigo_descueto": "Mother time half one. Challenge building surface myself gun. Anything mean international compare.",
        "metodo_pago": "tarjeta",
        "estado_de_pago": false,
        "pasajero": 16
    }
},
{
    "model": "apaeropuerto.reserva",
    "pk": 17,
    "fields": {
        "fecha_reserva": "2025-01-20T12:56:20.623",
        "codigo_descueto": "House tonight TV. Religious coach foot anyone involve across final.",
        "metodo_pago": "tarjeta",
        "estado_de_pago": false,
        "pasajero": 2
    }
},
{
    "model": "apaeropuerto.reserva",
    "pk": 18,
    "fields": {
        "fecha_reserva": "2025-01-20T12:56:20.623",
        "codigo_descueto": "Area fine by minute.",
        "metodo_pago": "tarjeta",
        "estado_de_pago": true,
        "pasajero": 3
    }
},
{
    "model": "apaeropuerto.reserva",
    "pk": 19,
    "fields": {
        "fecha_reserva": "2025-01-20T12:56:20.623",
        "codigo_descueto": "Control cup laugh fight. He prove budget will protect get fast. Know become choice guy.",
        "metodo_pago": "tarjeta",
        "estado_de_pago": false,
        "pasajero": 7
    }
},
{
    "model": "apaeropuerto.reserva",
    "pk": 20,
    "fields": {
        "fecha_reserva": "2025-01-20T12:56:20.623",
        "codigo_descueto": "Investment wonder produce blue avoid he artist. Remember whatever wind position.",
        "metodo_pago": "tarjeta",
        "estado_de_pago": true,
        "pasajero": 3
    }
},
{
    "model": "apaeropuerto.asiento",
    "pk": 1,
    "fields": {
        "clase": "E",
        "precio": "0.20",
        "posicion": "V",
        "sistema_entretenimiento": true,
        "vuelo": 16,
        "pasajero": 1
    }
},
{
    "model": "apaeropuerto.asiento",
    "pk": 2,
    "fields": {
        "clase": "E",
        "precio": "0.24",
        "posicion": "V",
        "sistema_entretenimiento": false,
        "vuelo": 6,
        "pasajero": 7
    }
},
{
    "model": "apaeropuerto.asiento",
    "pk": 3,
    "fields": {
        "clase": "E",
        "precio": "0.39",
        "posicion": "V",
        "sistema_entretenimiento": false,
        "vuelo": 19,
        "pasajero": 14
    }
},
{
    "model": "apaeropuerto.asiento",
    "pk": 4,
    "fields": {
        "clase": "E",
        "precio": "0.14",
        "posicion": "P",
        "sistema_entretenimiento": false,
        "vuelo": 14,
        "pasajero": 19
    }
},
{
    "model": "apaeropuerto.asiento",
    "pk": 5,
    "fields": {
        "clase": "E",
        "precio": "0.06",
        "posicion": "V",
        "sistema_entretenimiento": true,
        "vuelo": 13,
        "pasajero": 10
    }
},
{
    "model": "apaeropuerto.asiento",
    "pk": 6,
    "fields": {
        "clase": "E",
        "precio": "0.00",
        "posicion": "M",
        "sistema_entretenimiento": true,
        "vuelo": 15,
        "pasajero": 19
    }
},
{
    "model": "apaeropuerto.asiento",
    "pk": 7,
    "fields": {
        "clase": "E",
        "precio": "0.29",
        "posicion": "M",
        "sistema_entretenimiento": true,
        "vuelo": 11,
        "pasajero": 19
    }
},
{
    "model": "apaeropuerto.asiento",
    "pk": 8,
    "fields": {
        "clase": "E",
        "precio": "0.53",
        "posicion": "V",
        "sistema_entretenimiento": true,
        "vuelo": 17,
        "pasajero": 10
    }
},
{
    "model": "apaeropuerto.asiento",
    "pk": 9,
    "fields": {
        "clase": "E",
        "precio": "0.75",
        "posicion": "V",
        "sistema_entretenimiento": true,
        "vuelo": 17,
        "pasajero": 15
    }
},
{
    "model": "apaeropuerto.asiento",
    "pk": 10,
    "fields": {
        "clase": "E",
        "precio": "0.97",
        "posicion": "P",
        "sistema_entretenimiento": true,
        "vuelo": 7,
        "pasajero": 1
    }
},
{
    "model": "apaeropuerto.asiento",
    "pk": 11,
    "fields": {
        "clase": "E",
        "precio": "0.03",
        "posicion": "V",
        "sistema_entretenimiento": false,
        "vuelo": 1,
        "pasajero": 20
    }
},
{
    "model": "apaeropuerto.asiento",
    "pk": 12,
    "fields": {
        "clase": "E",
        "precio": "0.38",
        "posicion": "V",
        "sistema_entretenimiento": true,
        "vuelo": 1,
        "pasajero": 7
    }
},
{
    "model": "apaeropuerto.asiento",
    "pk": 13,
    "fields": {
        "clase": "E",
        "precio": "0.94",
        "posicion": "M",
        "sistema_entretenimiento": true,
        "vuelo": 13,
        "pasajero": 10
    }
},
{
    "model": "apaeropuerto.asiento",
    "pk": 14,
    "fields": {
        "clase": "E",
        "precio": "0.24",
        "posicion": "P",
        "sistema_entretenimiento": false,
        "vuelo": 4,
        "pasajero": 1
    }
},
{
    "model": "apaeropuerto.asiento",
    "pk": 15,
    "fields": {
        "clase": "E",
        "precio": "0.45",
        "posicion": "M",
        "sistema_entretenimiento": true,
        "vuelo": 8,
        "pasajero": 7
    }
},
{
    "model": "apaeropuerto.asiento",
    "pk": 16,
    "fields": {
        "clase": "E",
        "precio": "0.51",
        "posicion": "M",
        "sistema_entretenimiento": true,
        "vuelo": 17,
        "pasajero": 18
    }
},
{
    "model": "apaeropuerto.asiento",
    "pk": 17,
    "fields": {
        "clase": "E",
        "precio": "0.94",
        "posicion": "P",
        "sistema_entretenimiento": false,
        "vuelo": 5,
        "pasajero": 8
    }
},
{
    "model": "apaeropuerto.asiento",
    "pk": 18,
    "fields": {
        "clase": "E",
        "precio": "0.56",
        "posicion": "P",
        "sistema_entretenimiento": true,
        "vuelo": 11,
        "pasajero": 8
    }
},
{
    "model": "apaeropuerto.asiento",
    "pk": 19,
    "fields": {
        "clase": "E",
        "precio": "0.22",
        "posicion": "V",
        "sistema_entretenimiento": true,
        "vuelo": 18,
        "pasajero": 2
    }
},
{
    "model": "apaeropuerto.asiento",
    "pk": 20,
    "fields": {
        "clase": "E",
        "precio": "0.04",
        "posicion": "M",
        "sistema_entretenimiento": false,
        "vuelo": 18,
        "pasajero": 4
    }
},
{
    "model": "apaeropuerto.servicio",
    "pk": 1,
    "fields": {
        "tipo_servicio": "Near network approach they stop. Color meeting learn stay minute three.\nForward response writer.",
        "costo": 0.8440099984374541,
        "duracion_servicio": "14:00:05",
        "añadido": "Agree move daughter up far. Least appear Republican also safe letter hope across.",
        "aeropuerto": [
            11,
            16
        ]
    }
},
{
    "model": "apaeropuerto.servicio",
    "pk": 2,
    "fields": {
        "tipo_servicio": "Skin over doctor. Art they current. Will none reflect amount special cause write whose.",
        "costo": 0.2156004734828979,
        "duracion_servicio": "19:16:37",
        "añadido": "Ability mind trouble between city. Everything available message newspaper star.",
        "aeropuerto": [
            3,
            13,
            17
        ]
    }
},
{
    "model": "apaeropuerto.servicio",
    "pk": 3,
    "fields": {
        "tipo_servicio": "Organization memory about hear plan.",
        "costo": 0.8729851408291346,
        "duracion_servicio": "19:47:03",
        "añadido": "Director together great none Republican. Commercial else determine.",
        "aeropuerto": [
            2,
            6,
            14,
            17
        ]
    }
},
{
    "model": "apaeropuerto.servicio",
    "pk": 4,
    "fields": {
        "tipo_servicio": "None beat per something name difference receive. Important anything community go agent source.",
        "costo": 0.918679434183289,
        "duracion_servicio": "16:43:54",
        "añadido": "Style myself girl. Describe space bit which power.",
        "aeropuerto": [
            2,
            12,
            16,
            20
        ]
    }
},
{
    "model": "apaeropuerto.servicio",
    "pk": 5,
    "fields": {
        "tipo_servicio": "Response someone foot mean any peace. Structure far ball my certain interesting.",
        "costo": 0.11110605546984553,
        "duracion_servicio": "17:16:59",
        "añadido": "Receive do beat. Entire station race tree science carry foreign.",
        "aeropuerto": [
            1,
            2
        ]
    }
},
{
    "model": "apaeropuerto.servicio",
    "pk": 6,
    "fields": {
        "tipo_servicio": "Image dog above image.",
        "costo": 0.7765916108031419,
        "duracion_servicio": "10:04:43",
        "añadido": "Sell wife owner authority. Fine sign she check after none.",
        "aeropuerto": [
            18
        ]
    }
},
{
    "model": "apaeropuerto.servicio",
    "pk": 7,
    "fields": {
        "tipo_servicio": "Player recent north charge. Manage onto those there style away.",
        "costo": 0.6971350658453261,
        "duracion_servicio": "11:46:03",
        "añadido": "Standard by over list three at. Task analysis chance especially firm best especially.",
        "aeropuerto": [
            10
        ]
    }
},
{
    "model": "apaeropuerto.servicio",
    "pk": 8,
    "fields": {
        "tipo_servicio": "Along only indicate single forget work. Loss across small next.",
        "costo": 0.7609318189201683,
        "duracion_servicio": "10:55:56",
        "añadido": "Air star concern glass happen health. Through book any we.",
        "aeropuerto": [
            12,
            15
        ]
    }
},
{
    "model": "apaeropuerto.servicio",
    "pk": 9,
    "fields": {
        "tipo_servicio": "Baby increase court and. Answer note high present. Relate executive radio leader big hope.",
        "costo": 0.4315864333085049,
        "duracion_servicio": "13:48:42",
        "añadido": "Item give decade no culture. Sure everything throughout state family. Compare behind though speech.",
        "aeropuerto": [
            8,
            10,
            19
        ]
    }
},
{
    "model": "apaeropuerto.servicio",
    "pk": 10,
    "fields": {
        "tipo_servicio": "Matter actually operation war continue. Become point believe air.",
        "costo": 0.6289004005844918,
        "duracion_servicio": "15:29:57",
        "añadido": "Receive people understand way. Thank firm move play.",
        "aeropuerto": [
            9,
            15,
            17,
            18
        ]
    }
},
{
    "model": "apaeropuerto.servicio",
    "pk": 11,
    "fields": {
        "tipo_servicio": "Few rest yes boy. Reduce sing season choose scientist. Off character according.",
        "costo": 0.8864787646350427,
        "duracion_servicio": "22:39:09",
        "añadido": "Expert gun wrong leader unit leave stock. Gas realize area she system which writer student.",
        "aeropuerto": [
            1,
            5,
            15
        ]
    }
},
{
    "model": "apaeropuerto.servicio",
    "pk": 12,
    "fields": {
        "tipo_servicio": "Nor task sell painting child less. Medical your say middle want project.",
        "costo": 0.9627758127033319,
        "duracion_servicio": "03:54:04",
        "añadido": "Certain deal have full indicate within. Special computer which your spend art cover.",
        "aeropuerto": [
            14
        ]
    }
},
{
    "model": "apaeropuerto.servicio",
    "pk": 13,
    "fields": {
        "tipo_servicio": "Help bed station one agreement. This occur his claim cause. Trial natural father require.",
        "costo": 0.23566954614164293,
        "duracion_servicio": "08:46:58",
        "añadido": "Loss seek onto. Kid pull available job prove back. Can under write.\nWalk town order family lose.",
        "aeropuerto": [
            3,
            8,
            17,
            19
        ]
    }
},
{
    "model": "apaeropuerto.servicio",
    "pk": 14,
    "fields": {
        "tipo_servicio": "Must personal physical second them effort deal. Site various not most. Ground today herself use.",
        "costo": 0.4793706243522452,
        "duracion_servicio": "06:28:09",
        "añadido": "Mrs case whatever and. Include remember film such child like. Business air first president.",
        "aeropuerto": [
            16,
            19
        ]
    }
},
{
    "model": "apaeropuerto.servicio",
    "pk": 15,
    "fields": {
        "tipo_servicio": "Cut environment direction hand model left. Away money cut field entire experience case yes.",
        "costo": 0.4796339443558574,
        "duracion_servicio": "11:10:30",
        "añadido": "Nothing cell thank prevent coach. Election else compare attack democratic language late center.",
        "aeropuerto": [
            4
        ]
    }
},
{
    "model": "apaeropuerto.servicio",
    "pk": 16,
    "fields": {
        "tipo_servicio": "International green this. Recent decision center whether.",
        "costo": 0.7317783805073651,
        "duracion_servicio": "03:38:04",
        "añadido": "Seat position nearly both tax simple letter. Speech red green executive. Prepare those new present.",
        "aeropuerto": [
            20
        ]
    }
},
{
    "model": "apaeropuerto.servicio",
    "pk": 17,
    "fields": {
        "tipo_servicio": "People explain sea money west. Condition on improve parent I wish natural themselves.",
        "costo": 0.3124435703546492,
        "duracion_servicio": "17:43:26",
        "añadido": "Choice bring person interest. Sometimes suggest decision. Improve try management arrive.",
        "aeropuerto": [
            7,
            9,
            10,
            11,
            16
        ]
    }
},
{
    "model": "apaeropuerto.servicio",
    "pk": 18,
    "fields": {
        "tipo_servicio": "Ability news down. Central test which fear. Total game goal man feeling structure what.",
        "costo": 0.5453266705975172,
        "duracion_servicio": "09:55:55",
        "añadido": "Camera customer because whom collection practice group. Discover main approach budget central.",
        "aeropuerto": [
            3
        ]
    }
},
{
    "model": "apaeropuerto.servicio",
    "pk": 19,
    "fields": {
        "tipo_servicio": "Camera represent well rate. Box inside star own production.",
        "costo": 0.687563932241345,
        "duracion_servicio": "09:50:42",
        "añadido": "Such care speak more trouble dinner fear. With professional wall measure special life.",
        "aeropuerto": [
            5,
            6
        ]
    }
},
{
    "model": "apaeropuerto.servicio",
    "pk": 20,
    "fields": {
        "tipo_servicio": "West pick people opportunity seven interesting.",
        "costo": 0.7788418366666597,
        "duracion_servicio": "16:54:47",
        "añadido": "Fast perform always strong.",
        "aeropuerto": [
            2,
            12,
            18,
            19
        ]
    }
},
{
    "model": "apaeropuerto.empleado",
    "pk": 1,
    "fields": {
        "nombre": "Not personal contain maybe view place education. Newspaper what choice better writer adult thus.",
        "apellido": "Strong executive stock.",
        "cargo": "EM",
        "fecha_contratacion": "1997-02-07",
        "servicio": 15
    }
},
{
    "model": "apaeropuerto.empleado",
    "pk": 2,
    "fields": {
        "nombre": "Writer indeed less box doctor outside environmental. No if man such.",
        "apellido": "Career area best job tell. Return look term. Clearly girl democratic shoulder say so total.",
        "cargo": "EM",
        "fecha_contratacion": "1987-09-16",
        "servicio": 18
    }
},
{
    "model": "apaeropuerto.empleado",
    "pk": 3,
    "fields": {
        "nombre": "Movie skill until detail value sing. Read trade look inside.",
        "apellido": "Year matter cause call without Mr. Society central foreign better.",
        "cargo": "EM",
        "fecha_contratacion": "2000-03-12",
        "servicio": 2
    }
},
{
    "model": "apaeropuerto.empleado",
    "pk": 4,
    "fields": {
        "nombre": "Measure board media. Charge produce must.\nStand yes page owner little action.",
        "apellido": "Center discover beat water course actually sell. Law American trial air agency data purpose chance.",
        "cargo": "EM",
        "fecha_contratacion": "2006-08-28",
        "servicio": 17
    }
},
{
    "model": "apaeropuerto.empleado",
    "pk": 5,
    "fields": {
        "nombre": "Big establish news election suddenly low sister fund. Sea lot board unit.",
        "apellido": "Property usually work avoid recognize bring exist.",
        "cargo": "EM",
        "fecha_contratacion": "2010-04-14",
        "servicio": 6
    }
},
{
    "model": "apaeropuerto.empleado",
    "pk": 6,
    "fields": {
        "nombre": "Story control drop carry interview. Enough like early official.",
        "apellido": "Attack look unit enter decide. Near television develop maybe fine. Break guy east attention artist.",
        "cargo": "EM",
        "fecha_contratacion": "2010-04-20",
        "servicio": 12
    }
},
{
    "model": "apaeropuerto.empleado",
    "pk": 7,
    "fields": {
        "nombre": "Provide follow like data decision imagine. Authority nearly unit dinner purpose.",
        "apellido": "Card key debate southern little. Environmental claim stay lay imagine.",
        "cargo": "EM",
        "fecha_contratacion": "2019-06-10",
        "servicio": 17
    }
},
{
    "model": "apaeropuerto.empleado",
    "pk": 8,
    "fields": {
        "nombre": "Company artist must buy mother especially. Another necessary research. Spring might quickly check.",
        "apellido": "Final late opportunity up. Challenge sure air different. Than add sister.",
        "cargo": "EM",
        "fecha_contratacion": "2015-04-18",
        "servicio": 19
    }
},
{
    "model": "apaeropuerto.empleado",
    "pk": 9,
    "fields": {
        "nombre": "Edge more arrive style. Rate mouth run unit.",
        "apellido": "Kitchen ball above lawyer media. Civil truth approach woman. Poor hair same herself morning enjoy.",
        "cargo": "EM",
        "fecha_contratacion": "2021-02-21",
        "servicio": 6
    }
},
{
    "model": "apaeropuerto.empleado",
    "pk": 10,
    "fields": {
        "nombre": "Central article seven only board better feel.",
        "apellido": "Team line administration music page. Capital billion bed officer thousand.",
        "cargo": "EM",
        "fecha_contratacion": "2002-10-17",
        "servicio": 2
    }
},
{
    "model": "apaeropuerto.empleado",
    "pk": 11,
    "fields": {
        "nombre": "Seem college loss eight discussion. Although democratic direction not go task car.",
        "apellido": "Drug note order huge country live they. Rule cultural address street out who open.",
        "cargo": "EM",
        "fecha_contratacion": "2018-08-19",
        "servicio": 11
    }
},
{
    "model": "apaeropuerto.empleado",
    "pk": 12,
    "fields": {
        "nombre": "Industry how best anything discuss member likely. Position find data radio how sometimes meet.",
        "apellido": "Top performance me when. Land once represent into star. Claim arrive keep conference think carry.",
        "cargo": "EM",
        "fecha_contratacion": "2022-11-08",
        "servicio": 11
    }
},
{
    "model": "apaeropuerto.empleado",
    "pk": 13,
    "fields": {
        "nombre": "Alone court smile no beyond truth.",
        "apellido": "Show he candidate hotel every.",
        "cargo": "EM",
        "fecha_contratacion": "1993-02-18",
        "servicio": 18
    }
},
{
    "model": "apaeropuerto.empleado",
    "pk": 14,
    "fields": {
        "nombre": "Situation at open growth someone else investment. Send respond computer so step industry.",
        "apellido": "Accept west course conference. Anyone who result.",
        "cargo": "EM",
        "fecha_contratacion": "2020-05-19",
        "servicio": 16
    }
},
{
    "model": "apaeropuerto.empleado",
    "pk": 15,
    "fields": {
        "nombre": "Current believe television. Population million I difficult. Information break away cause.",
        "apellido": "Leave table whole suddenly. Form chance fly may. Young interview tend note score.",
        "cargo": "EM",
        "fecha_contratacion": "2023-10-31",
        "servicio": 13
    }
},
{
    "model": "apaeropuerto.empleado",
    "pk": 16,
    "fields": {
        "nombre": "Ahead land same campaign red lead. Girl decide usually spend. Their prevent evening main pull sure.",
        "apellido": "Leg need coach first interesting ready firm. Seem event effort big.\nSign son account car president.",
        "cargo": "EM",
        "fecha_contratacion": "2016-05-10",
        "servicio": 8
    }
},
{
    "model": "apaeropuerto.empleado",
    "pk": 17,
    "fields": {
        "nombre": "Quite determine professor eye. Community job drop agreement. High year life appear.",
        "apellido": "Ready executive strategy subject. Seven ability turn who fight.",
        "cargo": "EM",
        "fecha_contratacion": "2015-01-22",
        "servicio": 19
    }
},
{
    "model": "apaeropuerto.empleado",
    "pk": 18,
    "fields": {
        "nombre": "Position agent loss. First detail they from history hard.\nGun available top table great born.",
        "apellido": "Door budget different study. Term skill political.",
        "cargo": "EM",
        "fecha_contratacion": "2012-12-14",
        "servicio": 2
    }
},
{
    "model": "apaeropuerto.empleado",
    "pk": 19,
    "fields": {
        "nombre": "Despite nice mother put drive color. As computer indeed its clear age everybody ask.",
        "apellido": "Lawyer action newspaper stock certainly approach.",
        "cargo": "EM",
        "fecha_contratacion": "1973-10-12",
        "servicio": 10
    }
},
{
    "model": "apaeropuerto.empleado",
    "pk": 20,
    "fields": {
        "nombre": "Record deep well about. Through environment movement on popular care go.",
        "apellido": "Page have attorney fear new western. Manage late carry pressure.",
        "cargo": "EM",
        "fecha_contratacion": "2018-03-25",
        "servicio": 1
    }
}
]
