[
{
    "model": "admin.logentry",
    "pk": 1,
    "fields": {
        "action_time": "2024-11-04T18:15:53.422Z",
        "user": 1,
        "content_type": 11,
        "object_id": "21",
        "object_repr": "Votacion object (21)",
        "action_flag": 1,
        "change_message": "[{\"added\": {}}]"
    }
},
{
    "model": "admin.logentry",
    "pk": 2,
    "fields": {
        "action_time": "2024-11-04T18:16:14.528Z",
        "user": 1,
        "content_type": 11,
        "object_id": "22",
        "object_repr": "Votacion object (22)",
        "action_flag": 1,
        "change_message": "[{\"added\": {}}]"
    }
},
{
    "model": "admin.logentry",
    "pk": 3,
    "fields": {
        "action_time": "2024-11-04T18:17:38.893Z",
        "user": 1,
        "content_type": 11,
        "object_id": "23",
        "object_repr": "Votacion object (23)",
        "action_flag": 1,
        "change_message": "[{\"added\": {}}]"
    }
},
{
    "model": "admin.logentry",
    "pk": 4,
    "fields": {
        "action_time": "2024-11-04T18:17:54.090Z",
        "user": 1,
        "content_type": 11,
        "object_id": "24",
        "object_repr": "Votacion object (24)",
        "action_flag": 1,
        "change_message": "[{\"added\": {}}]"
    }
},
{
    "model": "admin.logentry",
    "pk": 5,
    "fields": {
        "action_time": "2024-11-04T18:18:11.846Z",
        "user": 1,
        "content_type": 11,
        "object_id": "25",
        "object_repr": "Votacion object (25)",
        "action_flag": 1,
        "change_message": "[{\"added\": {}}]"
    }
},
{
    "model": "auth.permission",
    "pk": 1,
    "fields": {
        "name": "Can add log entry",
        "content_type": 1,
        "codename": "add_logentry"
    }
},
{
    "model": "auth.permission",
    "pk": 2,
    "fields": {
        "name": "Can change log entry",
        "content_type": 1,
        "codename": "change_logentry"
    }
},
{
    "model": "auth.permission",
    "pk": 3,
    "fields": {
        "name": "Can delete log entry",
        "content_type": 1,
        "codename": "delete_logentry"
    }
},
{
    "model": "auth.permission",
    "pk": 4,
    "fields": {
        "name": "Can view log entry",
        "content_type": 1,
        "codename": "view_logentry"
    }
},
{
    "model": "auth.permission",
    "pk": 5,
    "fields": {
        "name": "Can add permission",
        "content_type": 2,
        "codename": "add_permission"
    }
},
{
    "model": "auth.permission",
    "pk": 6,
    "fields": {
        "name": "Can change permission",
        "content_type": 2,
        "codename": "change_permission"
    }
},
{
    "model": "auth.permission",
    "pk": 7,
    "fields": {
        "name": "Can delete permission",
        "content_type": 2,
        "codename": "delete_permission"
    }
},
{
    "model": "auth.permission",
    "pk": 8,
    "fields": {
        "name": "Can view permission",
        "content_type": 2,
        "codename": "view_permission"
    }
},
{
    "model": "auth.permission",
    "pk": 9,
    "fields": {
        "name": "Can add group",
        "content_type": 3,
        "codename": "add_group"
    }
},
{
    "model": "auth.permission",
    "pk": 10,
    "fields": {
        "name": "Can change group",
        "content_type": 3,
        "codename": "change_group"
    }
},
{
    "model": "auth.permission",
    "pk": 11,
    "fields": {
        "name": "Can delete group",
        "content_type": 3,
        "codename": "delete_group"
    }
},
{
    "model": "auth.permission",
    "pk": 12,
    "fields": {
        "name": "Can view group",
        "content_type": 3,
        "codename": "view_group"
    }
},
{
    "model": "auth.permission",
    "pk": 13,
    "fields": {
        "name": "Can add user",
        "content_type": 4,
        "codename": "add_user"
    }
},
{
    "model": "auth.permission",
    "pk": 14,
    "fields": {
        "name": "Can change user",
        "content_type": 4,
        "codename": "change_user"
    }
},
{
    "model": "auth.permission",
    "pk": 15,
    "fields": {
        "name": "Can delete user",
        "content_type": 4,
        "codename": "delete_user"
    }
},
{
    "model": "auth.permission",
    "pk": 16,
    "fields": {
        "name": "Can view user",
        "content_type": 4,
        "codename": "view_user"
    }
},
{
    "model": "auth.permission",
    "pk": 17,
    "fields": {
        "name": "Can add content type",
        "content_type": 5,
        "codename": "add_contenttype"
    }
},
{
    "model": "auth.permission",
    "pk": 18,
    "fields": {
        "name": "Can change content type",
        "content_type": 5,
        "codename": "change_contenttype"
    }
},
{
    "model": "auth.permission",
    "pk": 19,
    "fields": {
        "name": "Can delete content type",
        "content_type": 5,
        "codename": "delete_contenttype"
    }
},
{
    "model": "auth.permission",
    "pk": 20,
    "fields": {
        "name": "Can view content type",
        "content_type": 5,
        "codename": "view_contenttype"
    }
},
{
    "model": "auth.permission",
    "pk": 21,
    "fields": {
        "name": "Can add session",
        "content_type": 6,
        "codename": "add_session"
    }
},
{
    "model": "auth.permission",
    "pk": 22,
    "fields": {
        "name": "Can change session",
        "content_type": 6,
        "codename": "change_session"
    }
},
{
    "model": "auth.permission",
    "pk": 23,
    "fields": {
        "name": "Can delete session",
        "content_type": 6,
        "codename": "delete_session"
    }
},
{
    "model": "auth.permission",
    "pk": 24,
    "fields": {
        "name": "Can view session",
        "content_type": 6,
        "codename": "view_session"
    }
},
{
    "model": "auth.permission",
    "pk": 25,
    "fields": {
        "name": "Can add estadisticas vuelo",
        "content_type": 7,
        "codename": "add_estadisticasvuelo"
    }
},
{
    "model": "auth.permission",
    "pk": 26,
    "fields": {
        "name": "Can change estadisticas vuelo",
        "content_type": 7,
        "codename": "change_estadisticasvuelo"
    }
},
{
    "model": "auth.permission",
    "pk": 27,
    "fields": {
        "name": "Can delete estadisticas vuelo",
        "content_type": 7,
        "codename": "delete_estadisticasvuelo"
    }
},
{
    "model": "auth.permission",
    "pk": 28,
    "fields": {
        "name": "Can view estadisticas vuelo",
        "content_type": 7,
        "codename": "view_estadisticasvuelo"
    }
},
{
    "model": "auth.permission",
    "pk": 29,
    "fields": {
        "name": "Can add servicio",
        "content_type": 8,
        "codename": "add_servicio"
    }
},
{
    "model": "auth.permission",
    "pk": 30,
    "fields": {
        "name": "Can change servicio",
        "content_type": 8,
        "codename": "change_servicio"
    }
},
{
    "model": "auth.permission",
    "pk": 31,
    "fields": {
        "name": "Can delete servicio",
        "content_type": 8,
        "codename": "delete_servicio"
    }
},
{
    "model": "auth.permission",
    "pk": 32,
    "fields": {
        "name": "Can view servicio",
        "content_type": 8,
        "codename": "view_servicio"
    }
},
{
    "model": "auth.permission",
    "pk": 33,
    "fields": {
        "name": "Can add empleado",
        "content_type": 9,
        "codename": "add_empleado"
    }
},
{
    "model": "auth.permission",
    "pk": 34,
    "fields": {
        "name": "Can change empleado",
        "content_type": 9,
        "codename": "change_empleado"
    }
},
{
    "model": "auth.permission",
    "pk": 35,
    "fields": {
        "name": "Can delete empleado",
        "content_type": 9,
        "codename": "delete_empleado"
    }
},
{
    "model": "auth.permission",
    "pk": 36,
    "fields": {
        "name": "Can view empleado",
        "content_type": 9,
        "codename": "view_empleado"
    }
},
{
    "model": "auth.permission",
    "pk": 37,
    "fields": {
        "name": "Can add vuelo aerolinea",
        "content_type": 10,
        "codename": "add_vueloaerolinea"
    }
},
{
    "model": "auth.permission",
    "pk": 38,
    "fields": {
        "name": "Can change vuelo aerolinea",
        "content_type": 10,
        "codename": "change_vueloaerolinea"
    }
},
{
    "model": "auth.permission",
    "pk": 39,
    "fields": {
        "name": "Can delete vuelo aerolinea",
        "content_type": 10,
        "codename": "delete_vueloaerolinea"
    }
},
{
    "model": "auth.permission",
    "pk": 40,
    "fields": {
        "name": "Can view vuelo aerolinea",
        "content_type": 10,
        "codename": "view_vueloaerolinea"
    }
},
{
    "model": "auth.permission",
    "pk": 41,
    "fields": {
        "name": "Can add votacion",
        "content_type": 11,
        "codename": "add_votacion"
    }
},
{
    "model": "auth.permission",
    "pk": 42,
    "fields": {
        "name": "Can change votacion",
        "content_type": 11,
        "codename": "change_votacion"
    }
},
{
    "model": "auth.permission",
    "pk": 43,
    "fields": {
        "name": "Can delete votacion",
        "content_type": 11,
        "codename": "delete_votacion"
    }
},
{
    "model": "auth.permission",
    "pk": 44,
    "fields": {
        "name": "Can view votacion",
        "content_type": 11,
        "codename": "view_votacion"
    }
},
{
    "model": "auth.permission",
    "pk": 45,
    "fields": {
        "name": "Can add perfil pasajero",
        "content_type": 12,
        "codename": "add_perfilpasajero"
    }
},
{
    "model": "auth.permission",
    "pk": 46,
    "fields": {
        "name": "Can change perfil pasajero",
        "content_type": 12,
        "codename": "change_perfilpasajero"
    }
},
{
    "model": "auth.permission",
    "pk": 47,
    "fields": {
        "name": "Can delete perfil pasajero",
        "content_type": 12,
        "codename": "delete_perfilpasajero"
    }
},
{
    "model": "auth.permission",
    "pk": 48,
    "fields": {
        "name": "Can view perfil pasajero",
        "content_type": 12,
        "codename": "view_perfilpasajero"
    }
},
{
    "model": "auth.permission",
    "pk": 49,
    "fields": {
        "name": "Can add contacto aeropuerto",
        "content_type": 13,
        "codename": "add_contactoaeropuerto"
    }
},
{
    "model": "auth.permission",
    "pk": 50,
    "fields": {
        "name": "Can change contacto aeropuerto",
        "content_type": 13,
        "codename": "change_contactoaeropuerto"
    }
},
{
    "model": "auth.permission",
    "pk": 51,
    "fields": {
        "name": "Can delete contacto aeropuerto",
        "content_type": 13,
        "codename": "delete_contactoaeropuerto"
    }
},
{
    "model": "auth.permission",
    "pk": 52,
    "fields": {
        "name": "Can view contacto aeropuerto",
        "content_type": 13,
        "codename": "view_contactoaeropuerto"
    }
},
{
    "model": "auth.permission",
    "pk": 53,
    "fields": {
        "name": "Can add aeropuerto",
        "content_type": 14,
        "codename": "add_aeropuerto"
    }
},
{
    "model": "auth.permission",
    "pk": 54,
    "fields": {
        "name": "Can change aeropuerto",
        "content_type": 14,
        "codename": "change_aeropuerto"
    }
},
{
    "model": "auth.permission",
    "pk": 55,
    "fields": {
        "name": "Can delete aeropuerto",
        "content_type": 14,
        "codename": "delete_aeropuerto"
    }
},
{
    "model": "auth.permission",
    "pk": 56,
    "fields": {
        "name": "Can view aeropuerto",
        "content_type": 14,
        "codename": "view_aeropuerto"
    }
},
{
    "model": "auth.permission",
    "pk": 57,
    "fields": {
        "name": "Can add pasajero",
        "content_type": 15,
        "codename": "add_pasajero"
    }
},
{
    "model": "auth.permission",
    "pk": 58,
    "fields": {
        "name": "Can change pasajero",
        "content_type": 15,
        "codename": "change_pasajero"
    }
},
{
    "model": "auth.permission",
    "pk": 59,
    "fields": {
        "name": "Can delete pasajero",
        "content_type": 15,
        "codename": "delete_pasajero"
    }
},
{
    "model": "auth.permission",
    "pk": 60,
    "fields": {
        "name": "Can view pasajero",
        "content_type": 15,
        "codename": "view_pasajero"
    }
},
{
    "model": "auth.permission",
    "pk": 61,
    "fields": {
        "name": "Can add reserva",
        "content_type": 16,
        "codename": "add_reserva"
    }
},
{
    "model": "auth.permission",
    "pk": 62,
    "fields": {
        "name": "Can change reserva",
        "content_type": 16,
        "codename": "change_reserva"
    }
},
{
    "model": "auth.permission",
    "pk": 63,
    "fields": {
        "name": "Can delete reserva",
        "content_type": 16,
        "codename": "delete_reserva"
    }
},
{
    "model": "auth.permission",
    "pk": 64,
    "fields": {
        "name": "Can view reserva",
        "content_type": 16,
        "codename": "view_reserva"
    }
},
{
    "model": "auth.permission",
    "pk": 65,
    "fields": {
        "name": "Can add vuelo",
        "content_type": 17,
        "codename": "add_vuelo"
    }
},
{
    "model": "auth.permission",
    "pk": 66,
    "fields": {
        "name": "Can change vuelo",
        "content_type": 17,
        "codename": "change_vuelo"
    }
},
{
    "model": "auth.permission",
    "pk": 67,
    "fields": {
        "name": "Can delete vuelo",
        "content_type": 17,
        "codename": "delete_vuelo"
    }
},
{
    "model": "auth.permission",
    "pk": 68,
    "fields": {
        "name": "Can view vuelo",
        "content_type": 17,
        "codename": "view_vuelo"
    }
},
{
    "model": "auth.permission",
    "pk": 69,
    "fields": {
        "name": "Can add asiento",
        "content_type": 18,
        "codename": "add_asiento"
    }
},
{
    "model": "auth.permission",
    "pk": 70,
    "fields": {
        "name": "Can change asiento",
        "content_type": 18,
        "codename": "change_asiento"
    }
},
{
    "model": "auth.permission",
    "pk": 71,
    "fields": {
        "name": "Can delete asiento",
        "content_type": 18,
        "codename": "delete_asiento"
    }
},
{
    "model": "auth.permission",
    "pk": 72,
    "fields": {
        "name": "Can view asiento",
        "content_type": 18,
        "codename": "view_asiento"
    }
},
{
    "model": "auth.permission",
    "pk": 73,
    "fields": {
        "name": "Can add aerolinea",
        "content_type": 19,
        "codename": "add_aerolinea"
    }
},
{
    "model": "auth.permission",
    "pk": 74,
    "fields": {
        "name": "Can change aerolinea",
        "content_type": 19,
        "codename": "change_aerolinea"
    }
},
{
    "model": "auth.permission",
    "pk": 75,
    "fields": {
        "name": "Can delete aerolinea",
        "content_type": 19,
        "codename": "delete_aerolinea"
    }
},
{
    "model": "auth.permission",
    "pk": 76,
    "fields": {
        "name": "Can view aerolinea",
        "content_type": 19,
        "codename": "view_aerolinea"
    }
},
{
    "model": "auth.permission",
    "pk": 77,
    "fields": {
        "name": "Can add equipaje",
        "content_type": 20,
        "codename": "add_equipaje"
    }
},
{
    "model": "auth.permission",
    "pk": 78,
    "fields": {
        "name": "Can change equipaje",
        "content_type": 20,
        "codename": "change_equipaje"
    }
},
{
    "model": "auth.permission",
    "pk": 79,
    "fields": {
        "name": "Can delete equipaje",
        "content_type": 20,
        "codename": "delete_equipaje"
    }
},
{
    "model": "auth.permission",
    "pk": 80,
    "fields": {
        "name": "Can view equipaje",
        "content_type": 20,
        "codename": "view_equipaje"
    }
},
{
    "model": "auth.permission",
    "pk": 81,
    "fields": {
        "name": "Can add banco",
        "content_type": 21,
        "codename": "add_banco"
    }
},
{
    "model": "auth.permission",
    "pk": 82,
    "fields": {
        "name": "Can change banco",
        "content_type": 21,
        "codename": "change_banco"
    }
},
{
    "model": "auth.permission",
    "pk": 83,
    "fields": {
        "name": "Can delete banco",
        "content_type": 21,
        "codename": "delete_banco"
    }
},
{
    "model": "auth.permission",
    "pk": 84,
    "fields": {
        "name": "Can view banco",
        "content_type": 21,
        "codename": "view_banco"
    }
},
{
    "model": "auth.user",
    "pk": 1,
    "fields": {
        "password": "pbkdf2_sha256$870000$biHOCmcNH5pcbU6681eT3D$e//SrhvGbYZlWEq4TW2F52Ecn8fJAYm1hmPrXxp9tyQ=",
        "last_login": "2024-11-04T18:15:30.620Z",
        "is_superuser": true,
        "username": "ale",
        "first_name": "",
        "last_name": "",
        "email": "ale@i.com",
        "is_staff": true,
        "is_active": true,
        "date_joined": "2024-11-04T18:13:14.779Z",
        "groups": [],
        "user_permissions": []
    }
},
{
    "model": "sessions.session",
    "pk": "67k1fjc28ca7dm5nj5kcddv190485wti",
    "fields": {
        "session_data": ".eJxVjEEOwiAQRe_C2hBAyBSX7j0DGZgZqRqalHbVeHdt0oVu_3vvbyrhutS0dp7TSOqirDr9bhnLk9sO6IHtPukytWUes94VfdCubxPx63q4fwcVe_3WhjwFLJmkALIXJ5EFBgtFLEYAB4IhgB_IQzDsnJyJWGLOYIJQVO8PGAI5Dw:1t81bu:ea0TDfrxaW1B0fHM7BFo4QbLlzeLXV2APRJECFSa7mo",
        "expire_date": "2024-11-18T18:15:30.658Z"
    }
},
{
    "model": "apaeropuerto.aeropuerto",
    "pk": 1,
    "fields": {
        "nombre": "Large lose politics president. Approach same back.",
        "ciudades": "ES",
        "pais": "ES",
        "capacidad_maxima": 150
    }
},
{
    "model": "apaeropuerto.aeropuerto",
    "pk": 2,
    "fields": {
        "nombre": "Indicate strategy capital season. History bed well team address. Prove religious on cause level.",
        "ciudades": "ES",
        "pais": "ES",
        "capacidad_maxima": 150
    }
},
{
    "model": "apaeropuerto.aeropuerto",
    "pk": 3,
    "fields": {
        "nombre": "Dinner body teacher school see support management energy. Change tonight rich wall stand seven.",
        "ciudades": "ES",
        "pais": "ES",
        "capacidad_maxima": 150
    }
},
{
    "model": "apaeropuerto.aeropuerto",
    "pk": 4,
    "fields": {
        "nombre": "So leg media from. Dog treat feel over clearly third leave. Help time high their.",
        "ciudades": "ES",
        "pais": "ES",
        "capacidad_maxima": 150
    }
},
{
    "model": "apaeropuerto.aeropuerto",
    "pk": 5,
    "fields": {
        "nombre": "Keep nice follow media show wear turn. Cause then ready plant social cultural husband try.",
        "ciudades": "ES",
        "pais": "ES",
        "capacidad_maxima": 150
    }
},
{
    "model": "apaeropuerto.aeropuerto",
    "pk": 6,
    "fields": {
        "nombre": "Others prove class hotel have pay. Fight why affect community enough.",
        "ciudades": "ES",
        "pais": "ES",
        "capacidad_maxima": 150
    }
},
{
    "model": "apaeropuerto.aeropuerto",
    "pk": 7,
    "fields": {
        "nombre": "But support mean decade middle. Skin experience think interest treatment soon treat page.",
        "ciudades": "ES",
        "pais": "ES",
        "capacidad_maxima": 150
    }
},
{
    "model": "apaeropuerto.aeropuerto",
    "pk": 8,
    "fields": {
        "nombre": "Challenge give site turn ball history cover. Door affect even nature. Test live voice much.",
        "ciudades": "ES",
        "pais": "ES",
        "capacidad_maxima": 150
    }
},
{
    "model": "apaeropuerto.aeropuerto",
    "pk": 9,
    "fields": {
        "nombre": "Eye tough street try. Ten skill arm clearly thus field.",
        "ciudades": "ES",
        "pais": "ES",
        "capacidad_maxima": 150
    }
},
{
    "model": "apaeropuerto.aeropuerto",
    "pk": 10,
    "fields": {
        "nombre": "Peace art evening audience. Begin adult expect able develop will.",
        "ciudades": "ES",
        "pais": "ES",
        "capacidad_maxima": 150
    }
},
{
    "model": "apaeropuerto.aeropuerto",
    "pk": 11,
    "fields": {
        "nombre": "Institution happen southern kitchen member see vote fast. Down instead either society.",
        "ciudades": "ES",
        "pais": "ES",
        "capacidad_maxima": 150
    }
},
{
    "model": "apaeropuerto.aeropuerto",
    "pk": 12,
    "fields": {
        "nombre": "Focus our network respond follow go identify civil. Particularly should save.",
        "ciudades": "ES",
        "pais": "ES",
        "capacidad_maxima": 150
    }
},
{
    "model": "apaeropuerto.aeropuerto",
    "pk": 13,
    "fields": {
        "nombre": "Be onto resource protect crime positive organization. Just save explain often evening.",
        "ciudades": "ES",
        "pais": "ES",
        "capacidad_maxima": 150
    }
},
{
    "model": "apaeropuerto.aeropuerto",
    "pk": 14,
    "fields": {
        "nombre": "Dog long face go page blue. Sense coach somebody TV.",
        "ciudades": "ES",
        "pais": "ES",
        "capacidad_maxima": 150
    }
},
{
    "model": "apaeropuerto.aeropuerto",
    "pk": 15,
    "fields": {
        "nombre": "Be deep long quality party fight. Seek gas each.",
        "ciudades": "ES",
        "pais": "ES",
        "capacidad_maxima": 150
    }
},
{
    "model": "apaeropuerto.aeropuerto",
    "pk": 16,
    "fields": {
        "nombre": "More seem southern foot. Camera skin happy born own subject before. Often real return agent.",
        "ciudades": "ES",
        "pais": "ES",
        "capacidad_maxima": 150
    }
},
{
    "model": "apaeropuerto.aeropuerto",
    "pk": 17,
    "fields": {
        "nombre": "Site discussion should how. Hope before home none difficult.",
        "ciudades": "ES",
        "pais": "ES",
        "capacidad_maxima": 150
    }
},
{
    "model": "apaeropuerto.aeropuerto",
    "pk": 18,
    "fields": {
        "nombre": "Exactly run may sense sell sound century grow. Indicate data late yet charge practice least.",
        "ciudades": "ES",
        "pais": "ES",
        "capacidad_maxima": 150
    }
},
{
    "model": "apaeropuerto.aeropuerto",
    "pk": 19,
    "fields": {
        "nombre": "Special agent decision issue. Listen vote reality.\nEvening personal stuff end ready.",
        "ciudades": "ES",
        "pais": "ES",
        "capacidad_maxima": 150
    }
},
{
    "model": "apaeropuerto.aeropuerto",
    "pk": 20,
    "fields": {
        "nombre": "Drive us brother teacher card. Skill stuff call high. Traditional create continue home condition.",
        "ciudades": "ES",
        "pais": "ES",
        "capacidad_maxima": 150
    }
},
{
    "model": "apaeropuerto.aeropuerto",
    "pk": 21,
    "fields": {
        "nombre": "Name former attack prepare shoulder sound. Because country maybe tree.",
        "ciudades": "ES",
        "pais": "ES",
        "capacidad_maxima": 150
    }
},
{
    "model": "apaeropuerto.aeropuerto",
    "pk": 22,
    "fields": {
        "nombre": "Spring campaign feeling more so economic.",
        "ciudades": "ES",
        "pais": "ES",
        "capacidad_maxima": 150
    }
},
{
    "model": "apaeropuerto.aeropuerto",
    "pk": 23,
    "fields": {
        "nombre": "Case majority way. Every respond debate candidate. These its build during bill.",
        "ciudades": "ES",
        "pais": "ES",
        "capacidad_maxima": 150
    }
},
{
    "model": "apaeropuerto.aeropuerto",
    "pk": 24,
    "fields": {
        "nombre": "During you certainly number explain range better. Reason off its one when job us more.",
        "ciudades": "ES",
        "pais": "ES",
        "capacidad_maxima": 150
    }
},
{
    "model": "apaeropuerto.aeropuerto",
    "pk": 25,
    "fields": {
        "nombre": "Exist student Democrat professor. Possible will notice form expert.",
        "ciudades": "ES",
        "pais": "ES",
        "capacidad_maxima": 150
    }
},
{
    "model": "apaeropuerto.aeropuerto",
    "pk": 26,
    "fields": {
        "nombre": "Research particularly open. Loss memory image them pay since. Against second entire president.",
        "ciudades": "ES",
        "pais": "ES",
        "capacidad_maxima": 150
    }
},
{
    "model": "apaeropuerto.aeropuerto",
    "pk": 27,
    "fields": {
        "nombre": "Among foot daughter. Yeah front glass join language.",
        "ciudades": "ES",
        "pais": "ES",
        "capacidad_maxima": 150
    }
},
{
    "model": "apaeropuerto.aeropuerto",
    "pk": 28,
    "fields": {
        "nombre": "Point worry word sense ask main television. Seem lawyer up coach read heavy nice.",
        "ciudades": "ES",
        "pais": "ES",
        "capacidad_maxima": 150
    }
},
{
    "model": "apaeropuerto.aeropuerto",
    "pk": 29,
    "fields": {
        "nombre": "Rather power military ok choice. Fact front woman Republican.",
        "ciudades": "ES",
        "pais": "ES",
        "capacidad_maxima": 150
    }
},
{
    "model": "apaeropuerto.aeropuerto",
    "pk": 30,
    "fields": {
        "nombre": "Parent paper real measure. Fish help focus according.",
        "ciudades": "ES",
        "pais": "ES",
        "capacidad_maxima": 150
    }
},
{
    "model": "apaeropuerto.aeropuerto",
    "pk": 31,
    "fields": {
        "nombre": "Month order speech large ask. Let lawyer general.",
        "ciudades": "ES",
        "pais": "ES",
        "capacidad_maxima": 150
    }
},
{
    "model": "apaeropuerto.aeropuerto",
    "pk": 32,
    "fields": {
        "nombre": "Light interesting value debate enjoy capital view. Total usually pay matter whose.",
        "ciudades": "ES",
        "pais": "ES",
        "capacidad_maxima": 150
    }
},
{
    "model": "apaeropuerto.aeropuerto",
    "pk": 33,
    "fields": {
        "nombre": "Require not TV sister although.",
        "ciudades": "ES",
        "pais": "ES",
        "capacidad_maxima": 150
    }
},
{
    "model": "apaeropuerto.aeropuerto",
    "pk": 34,
    "fields": {
        "nombre": "Feeling section much important. Team service during office nice. Heart message break raise.",
        "ciudades": "ES",
        "pais": "ES",
        "capacidad_maxima": 150
    }
},
{
    "model": "apaeropuerto.aeropuerto",
    "pk": 35,
    "fields": {
        "nombre": "Often speech next bank even born hit very. Stay certain him practice take laugh involve teacher.",
        "ciudades": "ES",
        "pais": "ES",
        "capacidad_maxima": 150
    }
},
{
    "model": "apaeropuerto.aeropuerto",
    "pk": 36,
    "fields": {
        "nombre": "Speech born language economy work project quality.",
        "ciudades": "ES",
        "pais": "ES",
        "capacidad_maxima": 150
    }
},
{
    "model": "apaeropuerto.aeropuerto",
    "pk": 37,
    "fields": {
        "nombre": "Magazine provide this personal. Factor production street food rich. Forward may people poor.",
        "ciudades": "ES",
        "pais": "ES",
        "capacidad_maxima": 150
    }
},
{
    "model": "apaeropuerto.aeropuerto",
    "pk": 38,
    "fields": {
        "nombre": "Player half room.",
        "ciudades": "ES",
        "pais": "ES",
        "capacidad_maxima": 150
    }
},
{
    "model": "apaeropuerto.aeropuerto",
    "pk": 39,
    "fields": {
        "nombre": "Information total might new later baby. Market laugh treat cost.",
        "ciudades": "ES",
        "pais": "ES",
        "capacidad_maxima": 150
    }
},
{
    "model": "apaeropuerto.aeropuerto",
    "pk": 40,
    "fields": {
        "nombre": "Image save land not even. Cup activity goal.",
        "ciudades": "ES",
        "pais": "ES",
        "capacidad_maxima": 150
    }
},
{
    "model": "apaeropuerto.contactoaeropuerto",
    "pk": 1,
    "fields": {
        "nombre_contacto": "Very school where cut lead. Much several stuff win security.",
        "telefono_contacto": "Structure.",
        "email_contacto": "rodriguezlisa@example.org",
        "años_trabajados": 29290,
        "aeropuerto": 18
    }
},
{
    "model": "apaeropuerto.contactoaeropuerto",
    "pk": 2,
    "fields": {
        "nombre_contacto": "Song deal cultural card member senior. Expect lose tell ability catch then yard.",
        "telefono_contacto": "My but Mr.",
        "email_contacto": "rebecca50@example.net",
        "años_trabajados": -31531,
        "aeropuerto": 14
    }
},
{
    "model": "apaeropuerto.contactoaeropuerto",
    "pk": 3,
    "fields": {
        "nombre_contacto": "His television his interesting citizen. Speech form address your.",
        "telefono_contacto": "Inside night.",
        "email_contacto": "normanwendy@example.com",
        "años_trabajados": 28086,
        "aeropuerto": 6
    }
},
{
    "model": "apaeropuerto.contactoaeropuerto",
    "pk": 4,
    "fields": {
        "nombre_contacto": "Drive condition per cost group camera player.",
        "telefono_contacto": "Program.",
        "email_contacto": "cooleyamy@example.net",
        "años_trabajados": 14430,
        "aeropuerto": 19
    }
},
{
    "model": "apaeropuerto.contactoaeropuerto",
    "pk": 5,
    "fields": {
        "nombre_contacto": "Rate quite first party series go American. Young for that product.",
        "telefono_contacto": "Very late read.",
        "email_contacto": "hjensen@example.com",
        "años_trabajados": 31433,
        "aeropuerto": 11
    }
},
{
    "model": "apaeropuerto.contactoaeropuerto",
    "pk": 6,
    "fields": {
        "nombre_contacto": "Among sport late art. Research staff night six understand of.",
        "telefono_contacto": "Like.",
        "email_contacto": "martin45@example.net",
        "años_trabajados": 14229,
        "aeropuerto": 16
    }
},
{
    "model": "apaeropuerto.contactoaeropuerto",
    "pk": 7,
    "fields": {
        "nombre_contacto": "Dog over cultural everyone way enough. Happen small stand bank summer.",
        "telefono_contacto": "Beyond.",
        "email_contacto": "pbyrd@example.com",
        "años_trabajados": -13273,
        "aeropuerto": 9
    }
},
{
    "model": "apaeropuerto.contactoaeropuerto",
    "pk": 8,
    "fields": {
        "nombre_contacto": "Action there character support church while enjoy.",
        "telefono_contacto": "Next month.",
        "email_contacto": "townsendtanya@example.org",
        "años_trabajados": -87,
        "aeropuerto": 8
    }
},
{
    "model": "apaeropuerto.contactoaeropuerto",
    "pk": 9,
    "fields": {
        "nombre_contacto": "Prove interview forget final onto human. Describe role son speak bill for paper.",
        "telefono_contacto": "Quite hundred.",
        "email_contacto": "gibsonandrew@example.org",
        "años_trabajados": -23183,
        "aeropuerto": 7
    }
},
{
    "model": "apaeropuerto.contactoaeropuerto",
    "pk": 10,
    "fields": {
        "nombre_contacto": "Service race there help pattern. Paper consumer management million woman until wait have.",
        "telefono_contacto": "Area clearly.",
        "email_contacto": "vanessalopez@example.org",
        "años_trabajados": 13518,
        "aeropuerto": 3
    }
},
{
    "model": "apaeropuerto.contactoaeropuerto",
    "pk": 11,
    "fields": {
        "nombre_contacto": "Bit seat capital response. Beautiful full gas senior quickly prove there section.",
        "telefono_contacto": "For owner.",
        "email_contacto": "samanthajohnson@example.com",
        "años_trabajados": 22664,
        "aeropuerto": 20
    }
},
{
    "model": "apaeropuerto.contactoaeropuerto",
    "pk": 12,
    "fields": {
        "nombre_contacto": "Soon gun western off. Door into huge send cold analysis.",
        "telefono_contacto": "Question set.",
        "email_contacto": "suttonkimberly@example.org",
        "años_trabajados": 9153,
        "aeropuerto": 17
    }
},
{
    "model": "apaeropuerto.contactoaeropuerto",
    "pk": 13,
    "fields": {
        "nombre_contacto": "Plant window help require mother against. Cultural evening arm big you watch building.",
        "telefono_contacto": "Course read.",
        "email_contacto": "riveratimothy@example.net",
        "años_trabajados": 22850,
        "aeropuerto": 13
    }
},
{
    "model": "apaeropuerto.contactoaeropuerto",
    "pk": 14,
    "fields": {
        "nombre_contacto": "Tend onto military. For begin majority standard number. Score small father majority.",
        "telefono_contacto": "Few word.",
        "email_contacto": "joshuacarr@example.net",
        "años_trabajados": 8043,
        "aeropuerto": 10
    }
},
{
    "model": "apaeropuerto.contactoaeropuerto",
    "pk": 15,
    "fields": {
        "nombre_contacto": "Create wind fish still six. International upon large next all very.",
        "telefono_contacto": "Animal vote.",
        "email_contacto": "philip99@example.com",
        "años_trabajados": -3608,
        "aeropuerto": 1
    }
},
{
    "model": "apaeropuerto.contactoaeropuerto",
    "pk": 16,
    "fields": {
        "nombre_contacto": "Design technology nice pretty. Never summer reduce research.",
        "telefono_contacto": "Community.",
        "email_contacto": "rjimenez@example.net",
        "años_trabajados": -26593,
        "aeropuerto": 2
    }
},
{
    "model": "apaeropuerto.contactoaeropuerto",
    "pk": 17,
    "fields": {
        "nombre_contacto": "Operation foreign style sure when. Professor after according worry close.",
        "telefono_contacto": "Stand husband.",
        "email_contacto": "travissullivan@example.org",
        "años_trabajados": -20112,
        "aeropuerto": 15
    }
},
{
    "model": "apaeropuerto.contactoaeropuerto",
    "pk": 18,
    "fields": {
        "nombre_contacto": "Every use hard real. Sell herself piece word action technology will structure.",
        "telefono_contacto": "Why house town.",
        "email_contacto": "margaret43@example.org",
        "años_trabajados": 26317,
        "aeropuerto": 5
    }
},
{
    "model": "apaeropuerto.contactoaeropuerto",
    "pk": 19,
    "fields": {
        "nombre_contacto": "Many gas interesting notice reason themselves bank that.",
        "telefono_contacto": "Leave return.",
        "email_contacto": "ycook@example.net",
        "años_trabajados": 31752,
        "aeropuerto": 12
    }
},
{
    "model": "apaeropuerto.contactoaeropuerto",
    "pk": 20,
    "fields": {
        "nombre_contacto": "Very crime woman work some. Guess another out wrong watch job. Hair window agreement party.",
        "telefono_contacto": "Gun be real.",
        "email_contacto": "jeromehodges@example.org",
        "años_trabajados": -23565,
        "aeropuerto": 4
    }
},
{
    "model": "apaeropuerto.contactoaeropuerto",
    "pk": 21,
    "fields": {
        "nombre_contacto": "Involve economic everyone alone there could agree.",
        "telefono_contacto": "Road company.",
        "email_contacto": "joshuaknight@example.com",
        "años_trabajados": -29463,
        "aeropuerto": 39
    }
},
{
    "model": "apaeropuerto.contactoaeropuerto",
    "pk": 22,
    "fields": {
        "nombre_contacto": "Yeah hair similar may identify.\nSimply main carry class.",
        "telefono_contacto": "Message.",
        "email_contacto": "marcuswilcox@example.net",
        "años_trabajados": 24889,
        "aeropuerto": 23
    }
},
{
    "model": "apaeropuerto.contactoaeropuerto",
    "pk": 23,
    "fields": {
        "nombre_contacto": "Long author husband year. Actually training law weight guess none action.",
        "telefono_contacto": "Catch lawyer.",
        "email_contacto": "mayermichael@example.net",
        "años_trabajados": 3737,
        "aeropuerto": 32
    }
},
{
    "model": "apaeropuerto.contactoaeropuerto",
    "pk": 24,
    "fields": {
        "nombre_contacto": "Rule sister strong course. Pass PM story nice determine.",
        "telefono_contacto": "How dark hold.",
        "email_contacto": "kimberly15@example.org",
        "años_trabajados": -5689,
        "aeropuerto": 28
    }
},
{
    "model": "apaeropuerto.contactoaeropuerto",
    "pk": 25,
    "fields": {
        "nombre_contacto": "Experience agency then pass certain cup child.",
        "telefono_contacto": "Member.",
        "email_contacto": "mike15@example.com",
        "años_trabajados": 23568,
        "aeropuerto": 38
    }
},
{
    "model": "apaeropuerto.contactoaeropuerto",
    "pk": 26,
    "fields": {
        "nombre_contacto": "Career best responsibility idea lawyer seven. To case second four last.",
        "telefono_contacto": "Without trade.",
        "email_contacto": "michaelmcmahon@example.org",
        "años_trabajados": -12808,
        "aeropuerto": 30
    }
},
{
    "model": "apaeropuerto.contactoaeropuerto",
    "pk": 27,
    "fields": {
        "nombre_contacto": "Able guess ago realize across. Major camera show offer recent scientist north.",
        "telefono_contacto": "Near south.",
        "email_contacto": "bestmitchell@example.net",
        "años_trabajados": -13222,
        "aeropuerto": 22
    }
},
{
    "model": "apaeropuerto.contactoaeropuerto",
    "pk": 28,
    "fields": {
        "nombre_contacto": "Top lot third eye. Science audience half lay large chance.",
        "telefono_contacto": "Child.",
        "email_contacto": "alexiswade@example.org",
        "años_trabajados": 8466,
        "aeropuerto": 31
    }
},
{
    "model": "apaeropuerto.contactoaeropuerto",
    "pk": 29,
    "fields": {
        "nombre_contacto": "Scene explain radio think real. Past person window. Land service sing off lot represent huge.",
        "telefono_contacto": "Save indicate.",
        "email_contacto": "howellrobert@example.com",
        "años_trabajados": 1172,
        "aeropuerto": 40
    }
},
{
    "model": "apaeropuerto.contactoaeropuerto",
    "pk": 30,
    "fields": {
        "nombre_contacto": "Population rock week maintain east support pull interest. Follow itself practice along.",
        "telefono_contacto": "Bill throw.",
        "email_contacto": "kristilloyd@example.net",
        "años_trabajados": 26730,
        "aeropuerto": 35
    }
},
{
    "model": "apaeropuerto.contactoaeropuerto",
    "pk": 31,
    "fields": {
        "nombre_contacto": "Let rich allow might if. Heart win suddenly factor. Eight prove history major better these should.",
        "telefono_contacto": "Stage water.",
        "email_contacto": "dwilson@example.org",
        "años_trabajados": 30620,
        "aeropuerto": 37
    }
},
{
    "model": "apaeropuerto.contactoaeropuerto",
    "pk": 32,
    "fields": {
        "nombre_contacto": "Five scientist myself film. When simply across story everyone young owner care.",
        "telefono_contacto": "Shake fill.",
        "email_contacto": "msloan@example.net",
        "años_trabajados": -6472,
        "aeropuerto": 26
    }
},
{
    "model": "apaeropuerto.contactoaeropuerto",
    "pk": 33,
    "fields": {
        "nombre_contacto": "Can decision trouble avoid film. Our myself behind plan town stand.",
        "telefono_contacto": "Gas law father.",
        "email_contacto": "jlawrence@example.net",
        "años_trabajados": -23391,
        "aeropuerto": 25
    }
},
{
    "model": "apaeropuerto.contactoaeropuerto",
    "pk": 34,
    "fields": {
        "nombre_contacto": "Amount ask well or sell.\nEnjoy form discussion glass Mr machine.",
        "telefono_contacto": "Debate them.",
        "email_contacto": "donnalawson@example.com",
        "años_trabajados": 13800,
        "aeropuerto": 21
    }
},
{
    "model": "apaeropuerto.contactoaeropuerto",
    "pk": 35,
    "fields": {
        "nombre_contacto": "Her lot night woman sort forward. Industry seek across wish music point.",
        "telefono_contacto": "Woman film.",
        "email_contacto": "daniellecollins@example.net",
        "años_trabajados": 19046,
        "aeropuerto": 27
    }
},
{
    "model": "apaeropuerto.contactoaeropuerto",
    "pk": 36,
    "fields": {
        "nombre_contacto": "Staff player garden be nothing sport. Early organization human on individual as control.",
        "telefono_contacto": "Result food.",
        "email_contacto": "ejones@example.net",
        "años_trabajados": 23684,
        "aeropuerto": 24
    }
},
{
    "model": "apaeropuerto.contactoaeropuerto",
    "pk": 37,
    "fields": {
        "nombre_contacto": "Person heart short keep so. Degree parent fast share may nice.",
        "telefono_contacto": "Economic.",
        "email_contacto": "richardortiz@example.org",
        "años_trabajados": -9050,
        "aeropuerto": 34
    }
},
{
    "model": "apaeropuerto.contactoaeropuerto",
    "pk": 38,
    "fields": {
        "nombre_contacto": "They catch whatever us good. Forward letter become race western.",
        "telefono_contacto": "Especially a.",
        "email_contacto": "xmiller@example.net",
        "años_trabajados": -2473,
        "aeropuerto": 29
    }
},
{
    "model": "apaeropuerto.contactoaeropuerto",
    "pk": 39,
    "fields": {
        "nombre_contacto": "Late goal half small science create customer. Red something this agreement they for activity on.",
        "telefono_contacto": "Food water.",
        "email_contacto": "joel24@example.com",
        "años_trabajados": 17067,
        "aeropuerto": 33
    }
},
{
    "model": "apaeropuerto.contactoaeropuerto",
    "pk": 40,
    "fields": {
        "nombre_contacto": "Agree long all professional me create born. Yeah tell history buy available.",
        "telefono_contacto": "Magazine wear.",
        "email_contacto": "berrysherri@example.net",
        "años_trabajados": -25647,
        "aeropuerto": 36
    }
},
{
    "model": "apaeropuerto.aerolinea",
    "pk": 1,
    "fields": {
        "nombre": "Audience state key director different. Example light talk.\nEvening might poor wait black skill.",
        "codigo": "Total.",
        "fecha_fundacion": "2005-04-28",
        "pais": "ES",
        "aeropuerto": [
            8,
            11
        ]
    }
},
{
    "model": "apaeropuerto.aerolinea",
    "pk": 2,
    "fields": {
        "nombre": "Sea movie detail yourself technology. Expert common wide see from.",
        "codigo": "Case wide.",
        "fecha_fundacion": "1997-10-25",
        "pais": "ES",
        "aeropuerto": [
            5
        ]
    }
},
{
    "model": "apaeropuerto.aerolinea",
    "pk": 3,
    "fields": {
        "nombre": "Station enjoy vote will. Raise manager reveal forget central community new.",
        "codigo": "Theory.",
        "fecha_fundacion": "1976-12-28",
        "pais": "ES",
        "aeropuerto": [
            6,
            11
        ]
    }
},
{
    "model": "apaeropuerto.aerolinea",
    "pk": 4,
    "fields": {
        "nombre": "Close lead mean out. Around debate dog north enjoy.",
        "codigo": "Number.",
        "fecha_fundacion": "2011-03-15",
        "pais": "ES",
        "aeropuerto": [
            3,
            6,
            10,
            17
        ]
    }
},
{
    "model": "apaeropuerto.aerolinea",
    "pk": 5,
    "fields": {
        "nombre": "Draw fear it all save inside. Most all defense writer administration fund reduce PM.",
        "codigo": "Agency.",
        "fecha_fundacion": "1990-11-25",
        "pais": "ES",
        "aeropuerto": [
            2,
            17,
            19,
            20
        ]
    }
},
{
    "model": "apaeropuerto.aerolinea",
    "pk": 6,
    "fields": {
        "nombre": "Top guy Republican imagine music. Middle government onto single public center better street.",
        "codigo": "Practice.",
        "fecha_fundacion": "2023-01-30",
        "pais": "ES",
        "aeropuerto": [
            11,
            15
        ]
    }
},
{
    "model": "apaeropuerto.aerolinea",
    "pk": 7,
    "fields": {
        "nombre": "Line send others hospital girl the. Simple school rock air.",
        "codigo": "Sense.",
        "fecha_fundacion": "2004-06-02",
        "pais": "ES",
        "aeropuerto": [
            5,
            6,
            17
        ]
    }
},
{
    "model": "apaeropuerto.aerolinea",
    "pk": 8,
    "fields": {
        "nombre": "Address always federal language. Material entire discussion economy study.",
        "codigo": "Year.",
        "fecha_fundacion": "2008-02-09",
        "pais": "ES",
        "aeropuerto": [
            3,
            11
        ]
    }
},
{
    "model": "apaeropuerto.aerolinea",
    "pk": 9,
    "fields": {
        "nombre": "We security same mission beat. True behind action similar board.",
        "codigo": "Small.",
        "fecha_fundacion": "1981-03-17",
        "pais": "ES",
        "aeropuerto": [
            1,
            15,
            16
        ]
    }
},
{
    "model": "apaeropuerto.aerolinea",
    "pk": 10,
    "fields": {
        "nombre": "Fear clearly control law law born employee.",
        "codigo": "Establish.",
        "fecha_fundacion": "2021-07-19",
        "pais": "ES",
        "aeropuerto": [
            15,
            20
        ]
    }
},
{
    "model": "apaeropuerto.aerolinea",
    "pk": 11,
    "fields": {
        "nombre": "Perform community approach future move data.",
        "codigo": "Again.",
        "fecha_fundacion": "2021-01-22",
        "pais": "ES",
        "aeropuerto": [
            1,
            3,
            20
        ]
    }
},
{
    "model": "apaeropuerto.aerolinea",
    "pk": 12,
    "fields": {
        "nombre": "Series finish culture begin history both tell. Laugh free account physical thing.",
        "codigo": "Final.",
        "fecha_fundacion": "1980-06-26",
        "pais": "ES",
        "aeropuerto": [
            7,
            9,
            10,
            19
        ]
    }
},
{
    "model": "apaeropuerto.aerolinea",
    "pk": 13,
    "fields": {
        "nombre": "Whole long own create. Onto officer hospital however. Deal begin financial your including skill.",
        "codigo": "Worry.",
        "fecha_fundacion": "2006-07-07",
        "pais": "ES",
        "aeropuerto": [
            11
        ]
    }
},
{
    "model": "apaeropuerto.aerolinea",
    "pk": 14,
    "fields": {
        "nombre": "More second most doctor fine.",
        "codigo": "Newspaper.",
        "fecha_fundacion": "2020-06-23",
        "pais": "ES",
        "aeropuerto": [
            2,
            6,
            10,
            18
        ]
    }
},
{
    "model": "apaeropuerto.aerolinea",
    "pk": 15,
    "fields": {
        "nombre": "Leave unit without west husband.",
        "codigo": "Term.",
        "fecha_fundacion": "2003-04-16",
        "pais": "ES",
        "aeropuerto": [
            4
        ]
    }
},
{
    "model": "apaeropuerto.aerolinea",
    "pk": 16,
    "fields": {
        "nombre": "Play whatever require real. Computer old kind goal. Record baby surface family arm bag.",
        "codigo": "Again.",
        "fecha_fundacion": "1972-02-06",
        "pais": "ES",
        "aeropuerto": [
            1,
            3,
            11,
            14,
            16
        ]
    }
},
{
    "model": "apaeropuerto.aerolinea",
    "pk": 17,
    "fields": {
        "nombre": "Very bill lead hope protect draw.",
        "codigo": "Represent.",
        "fecha_fundacion": "1999-04-02",
        "pais": "ES",
        "aeropuerto": [
            2,
            4,
            9,
            18
        ]
    }
},
{
    "model": "apaeropuerto.aerolinea",
    "pk": 18,
    "fields": {
        "nombre": "Different bag degree free. Seem character impact over wish oil which. High outside member which.",
        "codigo": "Why it.",
        "fecha_fundacion": "2010-02-14",
        "pais": "ES",
        "aeropuerto": [
            3,
            13,
            17,
            18
        ]
    }
},
{
    "model": "apaeropuerto.aerolinea",
    "pk": 19,
    "fields": {
        "nombre": "Or dark reason beyond heavy. Box floor blue art sure black particular.",
        "codigo": "Line age.",
        "fecha_fundacion": "2010-08-01",
        "pais": "ES",
        "aeropuerto": [
            12,
            13,
            17,
            19
        ]
    }
},
{
    "model": "apaeropuerto.aerolinea",
    "pk": 20,
    "fields": {
        "nombre": "Suggest group small section city my wind. Environment ball call particularly show prevent.",
        "codigo": "Buy class.",
        "fecha_fundacion": "1996-01-22",
        "pais": "ES",
        "aeropuerto": [
            5
        ]
    }
},
{
    "model": "apaeropuerto.aerolinea",
    "pk": 21,
    "fields": {
        "nombre": "Enter discussion artist decade. Near I determine town involve small. Art live power white player.",
        "codigo": "Bill give.",
        "fecha_fundacion": "1992-10-08",
        "pais": "ES",
        "aeropuerto": [
            25,
            32,
            34,
            38,
            40
        ]
    }
},
{
    "model": "apaeropuerto.aerolinea",
    "pk": 22,
    "fields": {
        "nombre": "Character box safe suddenly itself. Very agent great music probably.",
        "codigo": "Boy.",
        "fecha_fundacion": "2013-12-29",
        "pais": "ES",
        "aeropuerto": [
            25
        ]
    }
},
{
    "model": "apaeropuerto.aerolinea",
    "pk": 23,
    "fields": {
        "nombre": "Medical two including indicate rich. Notice plant finish list bill technology.",
        "codigo": "Another.",
        "fecha_fundacion": "2002-07-07",
        "pais": "ES",
        "aeropuerto": [
            31,
            32,
            40
        ]
    }
},
{
    "model": "apaeropuerto.aerolinea",
    "pk": 24,
    "fields": {
        "nombre": "Member anyone pass page.",
        "codigo": "Mission.",
        "fecha_fundacion": "2020-01-30",
        "pais": "ES",
        "aeropuerto": [
            31,
            40
        ]
    }
},
{
    "model": "apaeropuerto.aerolinea",
    "pk": 25,
    "fields": {
        "nombre": "Forget agree federal property go drop. Series phone recent sing.",
        "codigo": "Staff.",
        "fecha_fundacion": "1991-12-08",
        "pais": "ES",
        "aeropuerto": [
            24
        ]
    }
},
{
    "model": "apaeropuerto.aerolinea",
    "pk": 26,
    "fields": {
        "nombre": "Despite share know bag our. Great my per cover. Box fly military already maintain.",
        "codigo": "Region.",
        "fecha_fundacion": "1985-11-27",
        "pais": "ES",
        "aeropuerto": [
            23,
            36
        ]
    }
},
{
    "model": "apaeropuerto.aerolinea",
    "pk": 27,
    "fields": {
        "nombre": "Economic step determine move wonder century.",
        "codigo": "How order.",
        "fecha_fundacion": "1996-07-26",
        "pais": "ES",
        "aeropuerto": [
            28,
            32,
            34,
            40
        ]
    }
},
{
    "model": "apaeropuerto.aerolinea",
    "pk": 28,
    "fields": {
        "nombre": "Run yes suddenly. Today free enter animal.",
        "codigo": "Image.",
        "fecha_fundacion": "2005-04-09",
        "pais": "ES",
        "aeropuerto": [
            24,
            25
        ]
    }
},
{
    "model": "apaeropuerto.aerolinea",
    "pk": 29,
    "fields": {
        "nombre": "Evidence surface red store real side trouble who. Five call control major end.\nJob over let page.",
        "codigo": "Smile.",
        "fecha_fundacion": "2003-03-17",
        "pais": "ES",
        "aeropuerto": [
            29,
            30,
            31,
            34
        ]
    }
},
{
    "model": "apaeropuerto.aerolinea",
    "pk": 30,
    "fields": {
        "nombre": "Field gas travel population. Instead energy fear center.",
        "codigo": "At.",
        "fecha_fundacion": "1987-03-05",
        "pais": "ES",
        "aeropuerto": [
            25,
            26,
            31
        ]
    }
},
{
    "model": "apaeropuerto.aerolinea",
    "pk": 31,
    "fields": {
        "nombre": "Present forget site color statement dinner full threat. Note nothing city benefit before.",
        "codigo": "Field.",
        "fecha_fundacion": "1985-12-04",
        "pais": "ES",
        "aeropuerto": [
            24,
            28,
            30,
            35,
            36
        ]
    }
},
{
    "model": "apaeropuerto.aerolinea",
    "pk": 32,
    "fields": {
        "nombre": "Oil leave another letter thus. Pay store relationship. Phone agree compare must.",
        "codigo": "Wrong.",
        "fecha_fundacion": "1981-08-28",
        "pais": "ES",
        "aeropuerto": [
            24
        ]
    }
},
{
    "model": "apaeropuerto.aerolinea",
    "pk": 33,
    "fields": {
        "nombre": "Sure home study truth. Less step security how enough.",
        "codigo": "Baby.",
        "fecha_fundacion": "1982-07-02",
        "pais": "ES",
        "aeropuerto": [
            25,
            26,
            29,
            30,
            31
        ]
    }
},
{
    "model": "apaeropuerto.aerolinea",
    "pk": 34,
    "fields": {
        "nombre": "Ok water bring leave official religious court. Walk back hot seem fill.",
        "codigo": "Purpose.",
        "fecha_fundacion": "2005-07-20",
        "pais": "ES",
        "aeropuerto": [
            31
        ]
    }
},
{
    "model": "apaeropuerto.aerolinea",
    "pk": 35,
    "fields": {
        "nombre": "Provide fire near effort that however. Hospital artist notice after Democrat future suddenly.",
        "codigo": "Plant.",
        "fecha_fundacion": "2010-05-20",
        "pais": "ES",
        "aeropuerto": [
            23,
            24,
            28,
            30,
            31
        ]
    }
},
{
    "model": "apaeropuerto.aerolinea",
    "pk": 36,
    "fields": {
        "nombre": "Blue nor teach hard. Decide big war protect south serve.",
        "codigo": "True deep.",
        "fecha_fundacion": "2019-07-20",
        "pais": "ES",
        "aeropuerto": [
            24,
            27,
            28,
            29,
            33
        ]
    }
},
{
    "model": "apaeropuerto.aerolinea",
    "pk": 37,
    "fields": {
        "nombre": "Several story whom example story. Put wear high. Old see new sound thank identify various throw.",
        "codigo": "Grow too.",
        "fecha_fundacion": "1993-02-28",
        "pais": "ES",
        "aeropuerto": [
            36
        ]
    }
},
{
    "model": "apaeropuerto.aerolinea",
    "pk": 38,
    "fields": {
        "nombre": "Democratic on response. Born avoid discuss accept significant. Carry represent idea edge.",
        "codigo": "True.",
        "fecha_fundacion": "1991-06-21",
        "pais": "ES",
        "aeropuerto": [
            22,
            31,
            38,
            40
        ]
    }
},
{
    "model": "apaeropuerto.aerolinea",
    "pk": 39,
    "fields": {
        "nombre": "Walk pattern network wrong. Mr collection toward phone direction firm town.",
        "codigo": "End.",
        "fecha_fundacion": "2016-10-25",
        "pais": "ES",
        "aeropuerto": [
            32
        ]
    }
},
{
    "model": "apaeropuerto.aerolinea",
    "pk": 40,
    "fields": {
        "nombre": "Letter model sing talk happen. Thought director reality in type official.",
        "codigo": "Candidate.",
        "fecha_fundacion": "1994-12-03",
        "pais": "ES",
        "aeropuerto": [
            23,
            24,
            26
        ]
    }
},
{
    "model": "apaeropuerto.vuelo",
    "pk": 1,
    "fields": {
        "hora_salida": "2015-02-04T18:41:23.400Z",
        "hora_llegada": "2024-08-25T04:01:43.887Z",
        "estado": true,
        "duracion": "3489 10:20:20.486607",
        "origen": 19,
        "destino": 12
    }
},
{
    "model": "apaeropuerto.vuelo",
    "pk": 2,
    "fields": {
        "hora_salida": "1991-11-06T01:56:09.558Z",
        "hora_llegada": "1983-12-01T15:14:04.078Z",
        "estado": true,
        "duracion": "-2897 13:17:54.519388",
        "origen": 4,
        "destino": 16
    }
},
{
    "model": "apaeropuerto.vuelo",
    "pk": 3,
    "fields": {
        "hora_salida": "1979-01-15T21:48:55.430Z",
        "hora_llegada": "1984-04-18T05:42:07.614Z",
        "estado": false,
        "duracion": "1919 08:53:12.184783",
        "origen": 12,
        "destino": 17
    }
},
{
    "model": "apaeropuerto.vuelo",
    "pk": 4,
    "fields": {
        "hora_salida": "1996-03-26T02:45:09.389Z",
        "hora_llegada": "2010-10-09T19:39:58.145Z",
        "estado": false,
        "duracion": "5310 17:54:48.756601",
        "origen": 12,
        "destino": 20
    }
},
{
    "model": "apaeropuerto.vuelo",
    "pk": 5,
    "fields": {
        "hora_salida": "1987-12-23T08:51:39.844Z",
        "hora_llegada": "1972-12-16T05:57:16.830Z",
        "estado": false,
        "duracion": "-5486 21:05:36.985816",
        "origen": 14,
        "destino": 1
    }
},
{
    "model": "apaeropuerto.vuelo",
    "pk": 6,
    "fields": {
        "hora_salida": "2000-02-12T21:26:20.984Z",
        "hora_llegada": "2001-04-13T10:44:13.874Z",
        "estado": true,
        "duracion": "425 14:17:52.890414",
        "origen": 15,
        "destino": 20
    }
},
{
    "model": "apaeropuerto.vuelo",
    "pk": 7,
    "fields": {
        "hora_salida": "1975-04-06T22:10:09.056Z",
        "hora_llegada": "1988-09-27T14:49:10.163Z",
        "estado": true,
        "duracion": "4922 16:39:01.107791",
        "origen": 2,
        "destino": 12
    }
},
{
    "model": "apaeropuerto.vuelo",
    "pk": 8,
    "fields": {
        "hora_salida": "2003-02-10T12:50:06.116Z",
        "hora_llegada": "1995-08-01T06:21:32.154Z",
        "estado": false,
        "duracion": "-2751 18:31:26.038539",
        "origen": 19,
        "destino": 2
    }
},
{
    "model": "apaeropuerto.vuelo",
    "pk": 9,
    "fields": {
        "hora_salida": "1982-12-18T11:58:24.388Z",
        "hora_llegada": "1992-07-11T14:38:37.318Z",
        "estado": false,
        "duracion": "3493 03:40:12.929995",
        "origen": 11,
        "destino": 10
    }
},
{
    "model": "apaeropuerto.vuelo",
    "pk": 10,
    "fields": {
        "hora_salida": "1978-01-09T17:21:30.888Z",
        "hora_llegada": "2010-10-07T03:52:21.868Z",
        "estado": true,
        "duracion": "11958 11:30:50.979951",
        "origen": 3,
        "destino": 14
    }
},
{
    "model": "apaeropuerto.vuelo",
    "pk": 11,
    "fields": {
        "hora_salida": "1983-11-05T03:35:47.507Z",
        "hora_llegada": "2020-10-28T03:13:06.692Z",
        "estado": true,
        "duracion": "13506 23:37:19.184385",
        "origen": 3,
        "destino": 3
    }
},
{
    "model": "apaeropuerto.vuelo",
    "pk": 12,
    "fields": {
        "hora_salida": "1998-02-28T03:35:06.783Z",
        "hora_llegada": "2017-03-24T03:35:47.337Z",
        "estado": false,
        "duracion": "6964 00:00:40.554510",
        "origen": 1,
        "destino": 1
    }
},
{
    "model": "apaeropuerto.vuelo",
    "pk": 13,
    "fields": {
        "hora_salida": "2022-12-17T02:27:28.922Z",
        "hora_llegada": "1982-03-31T02:21:04.742Z",
        "estado": false,
        "duracion": "-14871 00:53:35.819016",
        "origen": 14,
        "destino": 20
    }
},
{
    "model": "apaeropuerto.vuelo",
    "pk": 14,
    "fields": {
        "hora_salida": "1987-04-12T15:49:19.434Z",
        "hora_llegada": "2017-10-28T05:50:06.406Z",
        "estado": false,
        "duracion": "11156 14:00:46.972346",
        "origen": 20,
        "destino": 19
    }
},
{
    "model": "apaeropuerto.vuelo",
    "pk": 15,
    "fields": {
        "hora_salida": "1987-01-28T12:40:28.055Z",
        "hora_llegada": "1999-02-14T13:58:07.684Z",
        "estado": true,
        "duracion": "4400 01:17:39.629043",
        "origen": 10,
        "destino": 20
    }
},
{
    "model": "apaeropuerto.vuelo",
    "pk": 16,
    "fields": {
        "hora_salida": "1981-11-24T18:53:52.744Z",
        "hora_llegada": "2013-09-24T18:02:49.519Z",
        "estado": true,
        "duracion": "11627 00:08:56.774333",
        "origen": 16,
        "destino": 14
    }
},
{
    "model": "apaeropuerto.vuelo",
    "pk": 17,
    "fields": {
        "hora_salida": "1993-03-02T03:51:29.643Z",
        "hora_llegada": "2007-02-06T13:56:58.480Z",
        "estado": false,
        "duracion": "5089 10:05:28.836919",
        "origen": 17,
        "destino": 7
    }
},
{
    "model": "apaeropuerto.vuelo",
    "pk": 18,
    "fields": {
        "hora_salida": "1985-02-18T08:31:06.865Z",
        "hora_llegada": "2002-08-02T09:37:59.198Z",
        "estado": true,
        "duracion": "6374 02:06:52.332626",
        "origen": 6,
        "destino": 12
    }
},
{
    "model": "apaeropuerto.vuelo",
    "pk": 19,
    "fields": {
        "hora_salida": "2018-05-28T22:07:14.044Z",
        "hora_llegada": "1980-03-14T07:16:44.634Z",
        "estado": false,
        "duracion": "-13955 08:09:30.589897",
        "origen": 3,
        "destino": 5
    }
},
{
    "model": "apaeropuerto.vuelo",
    "pk": 20,
    "fields": {
        "hora_salida": "2010-08-03T20:24:13.345Z",
        "hora_llegada": "1980-07-07T09:01:30.376Z",
        "estado": true,
        "duracion": "-10985 12:37:17.031218",
        "origen": 7,
        "destino": 20
    }
},
{
    "model": "apaeropuerto.vuelo",
    "pk": 21,
    "fields": {
        "hora_salida": "2006-02-18T14:33:03.896Z",
        "hora_llegada": "2007-10-08T00:24:50.942Z",
        "estado": false,
        "duracion": "596 10:51:47.045600",
        "origen": 28,
        "destino": 37
    }
},
{
    "model": "apaeropuerto.vuelo",
    "pk": 22,
    "fields": {
        "hora_salida": "2020-09-23T00:43:26.744Z",
        "hora_llegada": "1991-01-04T13:27:17.755Z",
        "estado": true,
        "duracion": "-10855 11:43:51.011535",
        "origen": 36,
        "destino": 40
    }
},
{
    "model": "apaeropuerto.vuelo",
    "pk": 23,
    "fields": {
        "hora_salida": "2023-06-09T16:26:40.436Z",
        "hora_llegada": "1977-03-31T13:05:44.705Z",
        "estado": true,
        "duracion": "-16872 19:39:04.268897",
        "origen": 31,
        "destino": 26
    }
},
{
    "model": "apaeropuerto.vuelo",
    "pk": 24,
    "fields": {
        "hora_salida": "2000-11-02T03:32:06.791Z",
        "hora_llegada": "2005-05-29T16:14:32.798Z",
        "estado": false,
        "duracion": "1669 13:42:26.006561",
        "origen": 34,
        "destino": 32
    }
},
{
    "model": "apaeropuerto.vuelo",
    "pk": 25,
    "fields": {
        "hora_salida": "1990-01-26T09:55:10.708Z",
        "hora_llegada": "1980-09-08T17:18:49.326Z",
        "estado": false,
        "duracion": "-3427 08:23:38.617524",
        "origen": 37,
        "destino": 36
    }
},
{
    "model": "apaeropuerto.vuelo",
    "pk": 26,
    "fields": {
        "hora_salida": "1972-06-21T06:44:57.414Z",
        "hora_llegada": "1997-06-02T22:43:30.851Z",
        "estado": false,
        "duracion": "9112 16:58:33.437278",
        "origen": 34,
        "destino": 30
    }
},
{
    "model": "apaeropuerto.vuelo",
    "pk": 27,
    "fields": {
        "hora_salida": "1985-04-04T22:15:44.047Z",
        "hora_llegada": "2001-07-31T14:13:41.907Z",
        "estado": false,
        "duracion": "5961 15:57:57.860851",
        "origen": 28,
        "destino": 21
    }
},
{
    "model": "apaeropuerto.vuelo",
    "pk": 28,
    "fields": {
        "hora_salida": "1981-04-02T09:07:27.191Z",
        "hora_llegada": "1987-11-03T08:05:15.521Z",
        "estado": false,
        "duracion": "2405 21:57:48.330251",
        "origen": 33,
        "destino": 24
    }
},
{
    "model": "apaeropuerto.vuelo",
    "pk": 29,
    "fields": {
        "hora_salida": "2014-11-26T09:21:24.604Z",
        "hora_llegada": "2015-08-04T20:08:08.063Z",
        "estado": true,
        "duracion": "251 11:46:43.458497",
        "origen": 22,
        "destino": 24
    }
},
{
    "model": "apaeropuerto.vuelo",
    "pk": 30,
    "fields": {
        "hora_salida": "2007-09-18T06:02:16.626Z",
        "hora_llegada": "2023-05-17T14:08:22.326Z",
        "estado": true,
        "duracion": "5720 08:06:05.700451",
        "origen": 37,
        "destino": 35
    }
},
{
    "model": "apaeropuerto.vuelo",
    "pk": 31,
    "fields": {
        "hora_salida": "1977-10-28T01:56:30.656Z",
        "hora_llegada": "2021-01-08T17:39:10.928Z",
        "estado": true,
        "duracion": "15778 15:42:40.271783",
        "origen": 26,
        "destino": 23
    }
},
{
    "model": "apaeropuerto.vuelo",
    "pk": 32,
    "fields": {
        "hora_salida": "2014-07-11T22:30:58.436Z",
        "hora_llegada": "1979-04-11T16:34:06.918Z",
        "estado": false,
        "duracion": "-12876 18:03:08.481730",
        "origen": 22,
        "destino": 21
    }
},
{
    "model": "apaeropuerto.vuelo",
    "pk": 33,
    "fields": {
        "hora_salida": "1979-01-08T10:11:45.049Z",
        "hora_llegada": "1999-09-07T04:34:27.305Z",
        "estado": false,
        "duracion": "7546 19:22:42.255774",
        "origen": 36,
        "destino": 23
    }
},
{
    "model": "apaeropuerto.vuelo",
    "pk": 34,
    "fields": {
        "hora_salida": "2014-01-28T14:58:06.978Z",
        "hora_llegada": "2001-09-28T03:48:48.262Z",
        "estado": true,
        "duracion": "-4506 13:50:41.283493",
        "origen": 21,
        "destino": 28
    }
},
{
    "model": "apaeropuerto.vuelo",
    "pk": 35,
    "fields": {
        "hora_salida": "1989-09-28T04:31:48.037Z",
        "hora_llegada": "2005-01-13T23:45:08.006Z",
        "estado": false,
        "duracion": "5586 19:13:19.969073",
        "origen": 28,
        "destino": 30
    }
},
{
    "model": "apaeropuerto.vuelo",
    "pk": 36,
    "fields": {
        "hora_salida": "2001-05-27T13:28:15.243Z",
        "hora_llegada": "2016-06-08T16:50:45.672Z",
        "estado": false,
        "duracion": "5491 03:22:30.429432",
        "origen": 29,
        "destino": 32
    }
},
{
    "model": "apaeropuerto.vuelo",
    "pk": 37,
    "fields": {
        "hora_salida": "1970-02-28T21:44:31.110Z",
        "hora_llegada": "1985-02-24T18:49:51.773Z",
        "estado": false,
        "duracion": "5474 21:05:20.662207",
        "origen": 32,
        "destino": 34
    }
},
{
    "model": "apaeropuerto.vuelo",
    "pk": 38,
    "fields": {
        "hora_salida": "1977-10-29T06:49:12.418Z",
        "hora_llegada": "2022-07-21T20:23:56.107Z",
        "estado": true,
        "duracion": "16336 14:34:43.688536",
        "origen": 38,
        "destino": 29
    }
},
{
    "model": "apaeropuerto.vuelo",
    "pk": 39,
    "fields": {
        "hora_salida": "2003-11-29T01:53:56.623Z",
        "hora_llegada": "1977-05-21T16:28:05.301Z",
        "estado": false,
        "duracion": "-9688 15:34:08.678388",
        "origen": 37,
        "destino": 35
    }
},
{
    "model": "apaeropuerto.vuelo",
    "pk": 40,
    "fields": {
        "hora_salida": "1991-09-08T17:42:16.878Z",
        "hora_llegada": "2004-02-12T18:44:03.931Z",
        "estado": false,
        "duracion": "4540 00:01:47.052610",
        "origen": 24,
        "destino": 37
    }
},
{
    "model": "apaeropuerto.estadisticasvuelo",
    "pk": 1,
    "fields": {
        "fecha_estadisticas": "1984-10-21",
        "numero_asientos_vendidos": 2590,
        "numero_cancelaciones": -3594,
        "feedback_pasajeros": "Green speak theory. Forget physical learn series any machine.\nGeneral stop page perhaps son offer admit. Reality behavior enjoy court course other. Economy course probably manage actually water.",
        "vuelo": 7
    }
},
{
    "model": "apaeropuerto.estadisticasvuelo",
    "pk": 2,
    "fields": {
        "fecha_estadisticas": "1978-05-07",
        "numero_asientos_vendidos": 2594,
        "numero_cancelaciones": -8401,
        "feedback_pasajeros": "Think article east fact. With fill yard sing room result life. Visit policy parent big.\nChallenge open place voice station stay.\nEither poor study everyone heart. Two him American seven.",
        "vuelo": 8
    }
},
{
    "model": "apaeropuerto.estadisticasvuelo",
    "pk": 3,
    "fields": {
        "fecha_estadisticas": "1971-08-31",
        "numero_asientos_vendidos": -10155,
        "numero_cancelaciones": 15476,
        "feedback_pasajeros": "Expect course take game player after. Give board child meeting. Worry stage with drop simple suggest.\nForeign foreign cell since society collection choose. Authority wish plant.",
        "vuelo": 14
    }
},
{
    "model": "apaeropuerto.estadisticasvuelo",
    "pk": 4,
    "fields": {
        "fecha_estadisticas": "2007-06-09",
        "numero_asientos_vendidos": 13655,
        "numero_cancelaciones": -25146,
        "feedback_pasajeros": "Design way office including consumer rate memory. Too bar start that deep know especially poor. Open window even out question statement or.",
        "vuelo": 16
    }
},
{
    "model": "apaeropuerto.estadisticasvuelo",
    "pk": 5,
    "fields": {
        "fecha_estadisticas": "2004-02-22",
        "numero_asientos_vendidos": 21283,
        "numero_cancelaciones": 13415,
        "feedback_pasajeros": "Fire must you market positive everybody anything. Coach parent reality. Member their live ability thousand scientist. Herself well leader huge.\nOnto development collection standard project by.",
        "vuelo": 5
    }
},
{
    "model": "apaeropuerto.estadisticasvuelo",
    "pk": 6,
    "fields": {
        "fecha_estadisticas": "1982-03-31",
        "numero_asientos_vendidos": 17663,
        "numero_cancelaciones": -4901,
        "feedback_pasajeros": "Concern challenge player summer. Serious street section usually speech ball church. Make space less stage weight.",
        "vuelo": 1
    }
},
{
    "model": "apaeropuerto.estadisticasvuelo",
    "pk": 7,
    "fields": {
        "fecha_estadisticas": "1995-03-24",
        "numero_asientos_vendidos": -28129,
        "numero_cancelaciones": -4914,
        "feedback_pasajeros": "Hot them reach edge ago type forget sort. Buy idea learn reality cup some week. Machine class politics center leader Congress race. Medical provide us spend station pay run.",
        "vuelo": 18
    }
},
{
    "model": "apaeropuerto.estadisticasvuelo",
    "pk": 8,
    "fields": {
        "fecha_estadisticas": "1985-04-15",
        "numero_asientos_vendidos": 14526,
        "numero_cancelaciones": 9368,
        "feedback_pasajeros": "Debate letter office later manager coach prevent decision. Similar out many away explain moment suffer. Local contain meet per million any.",
        "vuelo": 12
    }
},
{
    "model": "apaeropuerto.estadisticasvuelo",
    "pk": 9,
    "fields": {
        "fecha_estadisticas": "2003-04-05",
        "numero_asientos_vendidos": -22731,
        "numero_cancelaciones": 7138,
        "feedback_pasajeros": "Understand world change prevent there far. Management two majority sport professor single always. Prepare environmental born child which shoulder site.",
        "vuelo": 4
    }
},
{
    "model": "apaeropuerto.estadisticasvuelo",
    "pk": 10,
    "fields": {
        "fecha_estadisticas": "1996-03-07",
        "numero_asientos_vendidos": -16876,
        "numero_cancelaciones": -2710,
        "feedback_pasajeros": "Event upon business food movement. Either best write interview imagine. Break may generation factor moment event agreement.",
        "vuelo": 19
    }
},
{
    "model": "apaeropuerto.estadisticasvuelo",
    "pk": 11,
    "fields": {
        "fecha_estadisticas": "1970-07-20",
        "numero_asientos_vendidos": 19611,
        "numero_cancelaciones": 25698,
        "feedback_pasajeros": "Accept center southern purpose program wall audience. Major response treatment. Job scientist until sell bank note religious.\nThrow him lead subject although tree and offer.",
        "vuelo": 9
    }
},
{
    "model": "apaeropuerto.estadisticasvuelo",
    "pk": 12,
    "fields": {
        "fecha_estadisticas": "2021-06-15",
        "numero_asientos_vendidos": 18001,
        "numero_cancelaciones": 13202,
        "feedback_pasajeros": "Safe plant rest perhaps rule grow create general. Attention already lay everybody able and pass.\nTelevision former different value. Debate sea bill.",
        "vuelo": 20
    }
},
{
    "model": "apaeropuerto.estadisticasvuelo",
    "pk": 13,
    "fields": {
        "fecha_estadisticas": "1981-01-18",
        "numero_asientos_vendidos": -32317,
        "numero_cancelaciones": 31835,
        "feedback_pasajeros": "Total trial six realize among. So indeed ever yard main game adult.\nSince more husband cup card visit address. Form can occur home this couple data. Fly right feeling it thousand.",
        "vuelo": 3
    }
},
{
    "model": "apaeropuerto.estadisticasvuelo",
    "pk": 14,
    "fields": {
        "fecha_estadisticas": "1990-04-29",
        "numero_asientos_vendidos": -3416,
        "numero_cancelaciones": -29950,
        "feedback_pasajeros": "A animal entire through laugh think. Along thousand training team back benefit.",
        "vuelo": 6
    }
},
{
    "model": "apaeropuerto.estadisticasvuelo",
    "pk": 15,
    "fields": {
        "fecha_estadisticas": "2018-11-05",
        "numero_asientos_vendidos": 13580,
        "numero_cancelaciones": 13065,
        "feedback_pasajeros": "Research statement father loss part reach common.\nRemain possible truth same movie others avoid. Point stay positive enough with.\nStore good total. Lose standard when operation no party whom.",
        "vuelo": 11
    }
},
{
    "model": "apaeropuerto.estadisticasvuelo",
    "pk": 16,
    "fields": {
        "fecha_estadisticas": "1998-06-05",
        "numero_asientos_vendidos": -4562,
        "numero_cancelaciones": 2895,
        "feedback_pasajeros": "Teacher base simply Congress hold claim born ball. Seek almost detail minute player data both thing. Lose back consider themselves standard. Campaign stage smile.",
        "vuelo": 2
    }
},
{
    "model": "apaeropuerto.estadisticasvuelo",
    "pk": 17,
    "fields": {
        "fecha_estadisticas": "1996-10-13",
        "numero_asientos_vendidos": 31401,
        "numero_cancelaciones": -23931,
        "feedback_pasajeros": "Film ground history camera wonder. Pass easy food individual note.\nMethod loss how thank loss page. President response wind somebody offer rate player. Upon six win inside.",
        "vuelo": 17
    }
},
{
    "model": "apaeropuerto.estadisticasvuelo",
    "pk": 18,
    "fields": {
        "fecha_estadisticas": "2002-04-07",
        "numero_asientos_vendidos": -15811,
        "numero_cancelaciones": -4791,
        "feedback_pasajeros": "Before film effect teach past. History house together service occur only.\nNorth blue site medical shake.",
        "vuelo": 13
    }
},
{
    "model": "apaeropuerto.estadisticasvuelo",
    "pk": 19,
    "fields": {
        "fecha_estadisticas": "2003-08-11",
        "numero_asientos_vendidos": 11487,
        "numero_cancelaciones": 13315,
        "feedback_pasajeros": "Level toward around another full compare everyone. Mean identify cultural nation support group.",
        "vuelo": 15
    }
},
{
    "model": "apaeropuerto.estadisticasvuelo",
    "pk": 20,
    "fields": {
        "fecha_estadisticas": "2003-08-18",
        "numero_asientos_vendidos": -31988,
        "numero_cancelaciones": 3694,
        "feedback_pasajeros": "Major clear money bad pass student. Through tonight however glass couple doctor.\nKnowledge perhaps computer involve door vote over. Believe or expect as west consider past. Operation none buy.",
        "vuelo": 10
    }
},
{
    "model": "apaeropuerto.estadisticasvuelo",
    "pk": 21,
    "fields": {
        "fecha_estadisticas": "2021-09-23",
        "numero_asientos_vendidos": -28450,
        "numero_cancelaciones": -31108,
        "feedback_pasajeros": "Personal community young how film future. Its likely already. Mrs the indeed long who smile.",
        "vuelo": 31
    }
},
{
    "model": "apaeropuerto.estadisticasvuelo",
    "pk": 22,
    "fields": {
        "fecha_estadisticas": "2018-08-08",
        "numero_asientos_vendidos": -4931,
        "numero_cancelaciones": -11471,
        "feedback_pasajeros": "Present action use specific long condition force.\nBill these join. Share investment tree argue among.\nLeg beat which prove place author. Shake capital us wind number alone institution.",
        "vuelo": 23
    }
},
{
    "model": "apaeropuerto.estadisticasvuelo",
    "pk": 23,
    "fields": {
        "fecha_estadisticas": "2023-05-30",
        "numero_asientos_vendidos": -12722,
        "numero_cancelaciones": -21271,
        "feedback_pasajeros": "Almost husband group old.\nMedical consumer race thank institution. Worker too around third provide page apply. Approach begin set.\nFace control yeah fill break charge art baby. Rule course later.",
        "vuelo": 21
    }
},
{
    "model": "apaeropuerto.estadisticasvuelo",
    "pk": 24,
    "fields": {
        "fecha_estadisticas": "1988-04-15",
        "numero_asientos_vendidos": 8402,
        "numero_cancelaciones": 21827,
        "feedback_pasajeros": "Form interview quickly. Community soon visit member team.\nPage investment each however five. Office practice door wear system. Part must table.",
        "vuelo": 40
    }
},
{
    "model": "apaeropuerto.estadisticasvuelo",
    "pk": 25,
    "fields": {
        "fecha_estadisticas": "2018-11-11",
        "numero_asientos_vendidos": 30587,
        "numero_cancelaciones": 7288,
        "feedback_pasajeros": "During safe glass up. Report discussion degree stop professional better rule. Much certain trip develop mission thousand must president. Century of sea benefit.",
        "vuelo": 26
    }
},
{
    "model": "apaeropuerto.estadisticasvuelo",
    "pk": 26,
    "fields": {
        "fecha_estadisticas": "2002-11-20",
        "numero_asientos_vendidos": -30342,
        "numero_cancelaciones": -19413,
        "feedback_pasajeros": "Picture company nor wide ball tend air. Central pass reason. Common shake member them.\nNearly rate common Mr task entire radio success. Other between such cover.",
        "vuelo": 32
    }
},
{
    "model": "apaeropuerto.estadisticasvuelo",
    "pk": 27,
    "fields": {
        "fecha_estadisticas": "1985-09-12",
        "numero_asientos_vendidos": 17150,
        "numero_cancelaciones": -6798,
        "feedback_pasajeros": "Section pull someone responsibility heart. Hand just letter organization.\nSo someone blood she. Produce figure onto suffer and smile.",
        "vuelo": 30
    }
},
{
    "model": "apaeropuerto.estadisticasvuelo",
    "pk": 28,
    "fields": {
        "fecha_estadisticas": "2013-06-18",
        "numero_asientos_vendidos": -10668,
        "numero_cancelaciones": 26773,
        "feedback_pasajeros": "Save level carry and loss outside argue. Month your agent quality mission raise but.\nWeek ok local nice sometimes. Card among Mr reality question officer coach to. Who would buy.",
        "vuelo": 27
    }
},
{
    "model": "apaeropuerto.estadisticasvuelo",
    "pk": 29,
    "fields": {
        "fecha_estadisticas": "2011-06-01",
        "numero_asientos_vendidos": 18789,
        "numero_cancelaciones": -7031,
        "feedback_pasajeros": "Fund catch finish. Police card effort. Let style beautiful.\nSure pay system per summer series. Gas million ball different live school. From message write left control.",
        "vuelo": 36
    }
},
{
    "model": "apaeropuerto.estadisticasvuelo",
    "pk": 30,
    "fields": {
        "fecha_estadisticas": "1970-02-09",
        "numero_asientos_vendidos": -26558,
        "numero_cancelaciones": 22118,
        "feedback_pasajeros": "Since require a red stop some. Car use understand above mother report stock. Window hotel job most big crime than.",
        "vuelo": 25
    }
},
{
    "model": "apaeropuerto.estadisticasvuelo",
    "pk": 31,
    "fields": {
        "fecha_estadisticas": "2022-05-15",
        "numero_asientos_vendidos": 19844,
        "numero_cancelaciones": 9450,
        "feedback_pasajeros": "Yourself rather almost thought nor. As down art writer order move.\nOff order ago occur. Official accept understand thought. Later federal sort step.",
        "vuelo": 28
    }
},
{
    "model": "apaeropuerto.estadisticasvuelo",
    "pk": 32,
    "fields": {
        "fecha_estadisticas": "2011-01-07",
        "numero_asientos_vendidos": 14439,
        "numero_cancelaciones": 24815,
        "feedback_pasajeros": "However left many itself step. Action after woman paper experience.\nOther sometimes citizen image along organization. Recognize meeting structure benefit low score.",
        "vuelo": 39
    }
},
{
    "model": "apaeropuerto.estadisticasvuelo",
    "pk": 33,
    "fields": {
        "fecha_estadisticas": "2005-06-17",
        "numero_asientos_vendidos": 20722,
        "numero_cancelaciones": 30249,
        "feedback_pasajeros": "Sell work must lead item might. Scene right son station drug. Same here site central benefit guess hot. Generation among Democrat reflect good season safe future.",
        "vuelo": 24
    }
},
{
    "model": "apaeropuerto.estadisticasvuelo",
    "pk": 34,
    "fields": {
        "fecha_estadisticas": "1970-08-31",
        "numero_asientos_vendidos": -29515,
        "numero_cancelaciones": 22726,
        "feedback_pasajeros": "Candidate social spring step. Religious hand rich close stage represent. Always participant sell before middle blue east.",
        "vuelo": 34
    }
},
{
    "model": "apaeropuerto.estadisticasvuelo",
    "pk": 35,
    "fields": {
        "fecha_estadisticas": "1988-07-12",
        "numero_asientos_vendidos": -13292,
        "numero_cancelaciones": 13724,
        "feedback_pasajeros": "Computer activity because treat door. Get moment seem expect them watch.\nCreate career weight carry within itself crime suggest. Film others game thank. Health write break four offer.",
        "vuelo": 35
    }
},
{
    "model": "apaeropuerto.estadisticasvuelo",
    "pk": 36,
    "fields": {
        "fecha_estadisticas": "1978-12-17",
        "numero_asientos_vendidos": 32462,
        "numero_cancelaciones": 20681,
        "feedback_pasajeros": "Agent poor hair tough development two peace myself. Store him guy year.",
        "vuelo": 29
    }
},
{
    "model": "apaeropuerto.estadisticasvuelo",
    "pk": 37,
    "fields": {
        "fecha_estadisticas": "2024-07-12",
        "numero_asientos_vendidos": -11444,
        "numero_cancelaciones": 31855,
        "feedback_pasajeros": "Together defense friend tonight wait. Pretty visit white success drug magazine knowledge. Few star there behind ability mean impact. So second car stock choice build.",
        "vuelo": 22
    }
},
{
    "model": "apaeropuerto.estadisticasvuelo",
    "pk": 38,
    "fields": {
        "fecha_estadisticas": "2016-04-26",
        "numero_asientos_vendidos": 30437,
        "numero_cancelaciones": -17536,
        "feedback_pasajeros": "There do service. Land what doctor low glass foot.\nMillion short marriage maintain. Measure none hour team beyond.",
        "vuelo": 38
    }
},
{
    "model": "apaeropuerto.estadisticasvuelo",
    "pk": 39,
    "fields": {
        "fecha_estadisticas": "1989-02-26",
        "numero_asientos_vendidos": -22716,
        "numero_cancelaciones": -21897,
        "feedback_pasajeros": "Join item fear against student. Issue shake actually stand.\nImportant area writer form myself career. Air television pass necessary tax toward option fire. Organization guess research pay hard.",
        "vuelo": 37
    }
},
{
    "model": "apaeropuerto.estadisticasvuelo",
    "pk": 40,
    "fields": {
        "fecha_estadisticas": "2007-02-19",
        "numero_asientos_vendidos": -17631,
        "numero_cancelaciones": -8074,
        "feedback_pasajeros": "Be it surface especially. Continue fill develop administration office feel among. Or of central deal there.",
        "vuelo": 33
    }
},
{
    "model": "apaeropuerto.pasajero",
    "pk": 1,
    "fields": {
        "nombre": "Half pay happy ask.",
        "apellido": "Next both process.",
        "email": "phughes@example.org",
        "telefono": -17986,
        "fecha_nacimiento": "1985-10-01",
        "vuelo": [
            10,
            12
        ]
    }
},
{
    "model": "apaeropuerto.pasajero",
    "pk": 2,
    "fields": {
        "nombre": "Accept whole.",
        "apellido": "Major purpose meet.",
        "email": "andrew87@example.org",
        "telefono": 1948,
        "fecha_nacimiento": "1971-02-15",
        "vuelo": [
            2,
            13
        ]
    }
},
{
    "model": "apaeropuerto.pasajero",
    "pk": 3,
    "fields": {
        "nombre": "Toward lead.",
        "apellido": "Other national.",
        "email": "barbara84@example.org",
        "telefono": 31511,
        "fecha_nacimiento": "1970-10-24",
        "vuelo": [
            20
        ]
    }
},
{
    "model": "apaeropuerto.pasajero",
    "pk": 4,
    "fields": {
        "nombre": "Seek factor dinner.",
        "apellido": "Ask piece group.",
        "email": "daviderickson@example.com",
        "telefono": 12566,
        "fecha_nacimiento": "2016-09-10",
        "vuelo": [
            9
        ]
    }
},
{
    "model": "apaeropuerto.pasajero",
    "pk": 5,
    "fields": {
        "nombre": "Animal present.",
        "apellido": "Democrat get.",
        "email": "kristaelliott@example.com",
        "telefono": -31765,
        "fecha_nacimiento": "1984-06-27",
        "vuelo": [
            1,
            16
        ]
    }
},
{
    "model": "apaeropuerto.pasajero",
    "pk": 6,
    "fields": {
        "nombre": "Doctor woman road.",
        "apellido": "Sing similar area.",
        "email": "rbrennan@example.com",
        "telefono": -13876,
        "fecha_nacimiento": "1998-06-19",
        "vuelo": [
            8,
            9,
            16,
            18
        ]
    }
},
{
    "model": "apaeropuerto.pasajero",
    "pk": 7,
    "fields": {
        "nombre": "Season fish.",
        "apellido": "Course quickly.",
        "email": "fisherjacqueline@example.com",
        "telefono": 20699,
        "fecha_nacimiento": "2006-02-08",
        "vuelo": [
            14
        ]
    }
},
{
    "model": "apaeropuerto.pasajero",
    "pk": 8,
    "fields": {
        "nombre": "Western lot.",
        "apellido": "Risk newspaper.",
        "email": "masonmark@example.com",
        "telefono": -13607,
        "fecha_nacimiento": "2007-11-27",
        "vuelo": [
            1,
            3,
            15,
            19
        ]
    }
},
{
    "model": "apaeropuerto.pasajero",
    "pk": 9,
    "fields": {
        "nombre": "Reality management.",
        "apellido": "Institution top.",
        "email": "jeffreyadams@example.net",
        "telefono": 26826,
        "fecha_nacimiento": "1987-03-08",
        "vuelo": [
            2,
            6,
            15,
            20
        ]
    }
},
{
    "model": "apaeropuerto.pasajero",
    "pk": 10,
    "fields": {
        "nombre": "Which financial.",
        "apellido": "Building bit.",
        "email": "ujohnson@example.com",
        "telefono": -11207,
        "fecha_nacimiento": "1979-01-20",
        "vuelo": [
            1,
            4,
            13,
            14
        ]
    }
},
{
    "model": "apaeropuerto.pasajero",
    "pk": 11,
    "fields": {
        "nombre": "Fill quality such.",
        "apellido": "Physical beat hour.",
        "email": "katie19@example.org",
        "telefono": -2738,
        "fecha_nacimiento": "1983-03-15",
        "vuelo": [
            7,
            16,
            19
        ]
    }
},
{
    "model": "apaeropuerto.pasajero",
    "pk": 12,
    "fields": {
        "nombre": "End cut chance.",
        "apellido": "My exist cold be.",
        "email": "nacosta@example.com",
        "telefono": -25925,
        "fecha_nacimiento": "1975-08-28",
        "vuelo": [
            8,
            9
        ]
    }
},
{
    "model": "apaeropuerto.pasajero",
    "pk": 13,
    "fields": {
        "nombre": "Capital glass day.",
        "apellido": "Toward respond pick.",
        "email": "melendezkaren@example.com",
        "telefono": 16805,
        "fecha_nacimiento": "2003-02-21",
        "vuelo": [
            7,
            12,
            14,
            16
        ]
    }
},
{
    "model": "apaeropuerto.pasajero",
    "pk": 14,
    "fields": {
        "nombre": "Mind vote month.",
        "apellido": "For want security.",
        "email": "uharris@example.net",
        "telefono": -30532,
        "fecha_nacimiento": "1998-01-26",
        "vuelo": [
            4,
            9
        ]
    }
},
{
    "model": "apaeropuerto.pasajero",
    "pk": 15,
    "fields": {
        "nombre": "Finally star.",
        "apellido": "Education nearly.",
        "email": "davidrobinson@example.com",
        "telefono": -6337,
        "fecha_nacimiento": "2018-04-12",
        "vuelo": [
            1,
            16
        ]
    }
},
{
    "model": "apaeropuerto.pasajero",
    "pk": 16,
    "fields": {
        "nombre": "Through together.",
        "apellido": "Attention hot.",
        "email": "jenniferwilliams@example.net",
        "telefono": 15448,
        "fecha_nacimiento": "1983-07-20",
        "vuelo": [
            4,
            7,
            10,
            13
        ]
    }
},
{
    "model": "apaeropuerto.pasajero",
    "pk": 17,
    "fields": {
        "nombre": "Large them nice.",
        "apellido": "Necessary expect.",
        "email": "rbrowning@example.net",
        "telefono": -18392,
        "fecha_nacimiento": "1972-02-27",
        "vuelo": [
            12
        ]
    }
},
{
    "model": "apaeropuerto.pasajero",
    "pk": 18,
    "fields": {
        "nombre": "Song hour.",
        "apellido": "Expert industry too.",
        "email": "tammy14@example.com",
        "telefono": 31507,
        "fecha_nacimiento": "2017-08-20",
        "vuelo": [
            2,
            6,
            16
        ]
    }
},
{
    "model": "apaeropuerto.pasajero",
    "pk": 19,
    "fields": {
        "nombre": "Grow party describe.",
        "apellido": "Too hair.",
        "email": "hermanjeffery@example.net",
        "telefono": -12463,
        "fecha_nacimiento": "2006-07-07",
        "vuelo": [
            2,
            13,
            14,
            17
        ]
    }
},
{
    "model": "apaeropuerto.pasajero",
    "pk": 20,
    "fields": {
        "nombre": "Too author say.",
        "apellido": "What become picture.",
        "email": "wellschristy@example.net",
        "telefono": 30938,
        "fecha_nacimiento": "1989-10-07",
        "vuelo": [
            1,
            4,
            15
        ]
    }
},
{
    "model": "apaeropuerto.pasajero",
    "pk": 21,
    "fields": {
        "nombre": "Have some page.",
        "apellido": "Degree bill beyond.",
        "email": "matthewsangela@example.org",
        "telefono": -8448,
        "fecha_nacimiento": "1973-02-19",
        "vuelo": [
            22,
            24,
            25
        ]
    }
},
{
    "model": "apaeropuerto.pasajero",
    "pk": 22,
    "fields": {
        "nombre": "People like section.",
        "apellido": "Plant mean parent.",
        "email": "olivia30@example.net",
        "telefono": 31698,
        "fecha_nacimiento": "2024-06-16",
        "vuelo": [
            23,
            33
        ]
    }
},
{
    "model": "apaeropuerto.pasajero",
    "pk": 23,
    "fields": {
        "nombre": "Mr story community.",
        "apellido": "Nothing society.",
        "email": "nicholssophia@example.com",
        "telefono": 17208,
        "fecha_nacimiento": "1995-03-08",
        "vuelo": [
            25,
            28,
            35
        ]
    }
},
{
    "model": "apaeropuerto.pasajero",
    "pk": 24,
    "fields": {
        "nombre": "Wind true staff.",
        "apellido": "Page property white.",
        "email": "foleyjason@example.org",
        "telefono": -2899,
        "fecha_nacimiento": "1988-11-06",
        "vuelo": [
            22,
            27,
            33,
            37
        ]
    }
},
{
    "model": "apaeropuerto.pasajero",
    "pk": 25,
    "fields": {
        "nombre": "Help here her party.",
        "apellido": "Art entire must up.",
        "email": "stephanie45@example.net",
        "telefono": 22190,
        "fecha_nacimiento": "1981-10-14",
        "vuelo": [
            30,
            35,
            38,
            39
        ]
    }
},
{
    "model": "apaeropuerto.pasajero",
    "pk": 26,
    "fields": {
        "nombre": "Challenge measure.",
        "apellido": "Put black despite.",
        "email": "fjennings@example.net",
        "telefono": 18204,
        "fecha_nacimiento": "2000-04-19",
        "vuelo": [
            29,
            35,
            37
        ]
    }
},
{
    "model": "apaeropuerto.pasajero",
    "pk": 27,
    "fields": {
        "nombre": "Show visit training.",
        "apellido": "Report federal.",
        "email": "alvaradolisa@example.org",
        "telefono": -11461,
        "fecha_nacimiento": "2009-10-29",
        "vuelo": [
            22,
            26,
            27,
            31,
            37
        ]
    }
},
{
    "model": "apaeropuerto.pasajero",
    "pk": 28,
    "fields": {
        "nombre": "Dream structure.",
        "apellido": "Admit our case thus.",
        "email": "angelabray@example.net",
        "telefono": -26467,
        "fecha_nacimiento": "1983-06-22",
        "vuelo": [
            22,
            37
        ]
    }
},
{
    "model": "apaeropuerto.pasajero",
    "pk": 29,
    "fields": {
        "nombre": "Help old lose.",
        "apellido": "Contain black.",
        "email": "lisabradley@example.org",
        "telefono": 29651,
        "fecha_nacimiento": "1976-04-22",
        "vuelo": [
            22,
            26,
            30,
            40
        ]
    }
},
{
    "model": "apaeropuerto.pasajero",
    "pk": 30,
    "fields": {
        "nombre": "None writer indeed.",
        "apellido": "TV national out.",
        "email": "gary49@example.com",
        "telefono": -7624,
        "fecha_nacimiento": "2003-10-16",
        "vuelo": [
            30,
            39
        ]
    }
},
{
    "model": "apaeropuerto.pasajero",
    "pk": 31,
    "fields": {
        "nombre": "Large continue.",
        "apellido": "Catch information.",
        "email": "ecruz@example.org",
        "telefono": 12984,
        "fecha_nacimiento": "1971-04-06",
        "vuelo": [
            35
        ]
    }
},
{
    "model": "apaeropuerto.pasajero",
    "pk": 32,
    "fields": {
        "nombre": "Room something song.",
        "apellido": "Husband start begin.",
        "email": "ubowman@example.org",
        "telefono": -10621,
        "fecha_nacimiento": "1998-11-23",
        "vuelo": [
            22,
            25,
            30
        ]
    }
},
{
    "model": "apaeropuerto.pasajero",
    "pk": 33,
    "fields": {
        "nombre": "Wide president.",
        "apellido": "Form really week.",
        "email": "loriboyd@example.com",
        "telefono": 30124,
        "fecha_nacimiento": "2016-02-11",
        "vuelo": [
            25,
            39
        ]
    }
},
{
    "model": "apaeropuerto.pasajero",
    "pk": 34,
    "fields": {
        "nombre": "Want single away.",
        "apellido": "Control receive it.",
        "email": "juarezjoanna@example.org",
        "telefono": -9588,
        "fecha_nacimiento": "2019-05-06",
        "vuelo": [
            27,
            30,
            32,
            35
        ]
    }
},
{
    "model": "apaeropuerto.pasajero",
    "pk": 35,
    "fields": {
        "nombre": "Church identify act.",
        "apellido": "Bring think do.",
        "email": "cindymiller@example.net",
        "telefono": -29092,
        "fecha_nacimiento": "1981-04-10",
        "vuelo": [
            23,
            33,
            39
        ]
    }
},
{
    "model": "apaeropuerto.pasajero",
    "pk": 36,
    "fields": {
        "nombre": "Bad here how.",
        "apellido": "Site growth.",
        "email": "timothy12@example.org",
        "telefono": 484,
        "fecha_nacimiento": "1998-12-23",
        "vuelo": [
            27,
            37,
            38
        ]
    }
},
{
    "model": "apaeropuerto.pasajero",
    "pk": 37,
    "fields": {
        "nombre": "Fill itself animal.",
        "apellido": "There he camera.",
        "email": "ashley19@example.com",
        "telefono": -696,
        "fecha_nacimiento": "2009-11-01",
        "vuelo": [
            23,
            38,
            40
        ]
    }
},
{
    "model": "apaeropuerto.pasajero",
    "pk": 38,
    "fields": {
        "nombre": "Sure let item.",
        "apellido": "Over fine most gun.",
        "email": "jose86@example.org",
        "telefono": 30909,
        "fecha_nacimiento": "1985-05-05",
        "vuelo": [
            28,
            29,
            38
        ]
    }
},
{
    "model": "apaeropuerto.pasajero",
    "pk": 39,
    "fields": {
        "nombre": "Guy building top.",
        "apellido": "Particularly month.",
        "email": "evalenzuela@example.org",
        "telefono": 23639,
        "fecha_nacimiento": "1974-05-10",
        "vuelo": [
            34
        ]
    }
},
{
    "model": "apaeropuerto.pasajero",
    "pk": 40,
    "fields": {
        "nombre": "Recognize.",
        "apellido": "Three provide.",
        "email": "zbooth@example.net",
        "telefono": -6679,
        "fecha_nacimiento": "2021-11-12",
        "vuelo": [
            28,
            36
        ]
    }
},
{
    "model": "apaeropuerto.perfilpasajero",
    "pk": 1,
    "fields": {
        "direccion": "Born seven third hour. Travel though effort. Sure edge voice direction.\nWriter hard keep security church only. This say describe learn.\nDifferent goal leg never debate institution. Laugh religious bed travel interesting.",
        "documento_identidad": "Wide.",
        "nacionalidad": "Happy rule camera business. Light within word.",
        "vivienda": "Brother kid low parent alone suddenly.",
        "pasajero": 16
    }
},
{
    "model": "apaeropuerto.perfilpasajero",
    "pk": 2,
    "fields": {
        "direccion": "Impact avoid structure remember voice group. Play table piece local myself happen. Also data group my view book.\nFly stock while record foot everybody consumer. Film affect put pressure lay.",
        "documento_identidad": "Outside.",
        "nacionalidad": "Newspaper help get range.",
        "vivienda": "Well else appear player president.",
        "pasajero": 7
    }
},
{
    "model": "apaeropuerto.perfilpasajero",
    "pk": 3,
    "fields": {
        "direccion": "Agency have service government western cell action.\nMarriage beyond could. Become pretty try need down. Human some bar help.\nProduce business author argue. Skill worker school owner.",
        "documento_identidad": "School.",
        "nacionalidad": "Door whom important really whether as not.",
        "vivienda": "Spring garden hope cover marriage.",
        "pasajero": 8
    }
},
{
    "model": "apaeropuerto.perfilpasajero",
    "pk": 4,
    "fields": {
        "direccion": "Back place administration positive company will worker. Former contain civil positive mean long instead.\nNothing painting financial something administration right. You let a piece it.",
        "documento_identidad": "Man.",
        "nacionalidad": "Anyone camera very whether cost.",
        "vivienda": "Control finish bed past set month.",
        "pasajero": 15
    }
},
{
    "model": "apaeropuerto.perfilpasajero",
    "pk": 5,
    "fields": {
        "direccion": "Campaign hand why kitchen man leave.\nMatter range other sell just. Fill price property police seem.\nGrow town avoid look ground main man. Throw every amount employee four six style four.",
        "documento_identidad": "Will.",
        "nacionalidad": "Sell cut memory role.",
        "vivienda": "Name agency third that beat rest.",
        "pasajero": 5
    }
},
{
    "model": "apaeropuerto.perfilpasajero",
    "pk": 6,
    "fields": {
        "direccion": "Whose meeting establish mouth Mr thus. Two floor improve every.\nCampaign information provide week doctor example rise report. Size or when certainly organization cup talk. Manager long feel.\nBeyond open indicate against. On order little find.",
        "documento_identidad": "My.",
        "nacionalidad": "Simple nor thousand recent stay writer.",
        "vivienda": "Tv whether blood discussion argue.",
        "pasajero": 14
    }
},
{
    "model": "apaeropuerto.perfilpasajero",
    "pk": 7,
    "fields": {
        "direccion": "Dream real threat property should democratic memory. Then ready middle early ever.\nJoin cup garden strong key. Material last fall scene if two international. Because these lot reach election house baby how.",
        "documento_identidad": "Build.",
        "nacionalidad": "Future view well rock five.",
        "vivienda": "Player gas position discuss reach employee.",
        "pasajero": 1
    }
},
{
    "model": "apaeropuerto.perfilpasajero",
    "pk": 8,
    "fields": {
        "direccion": "Charge arm area same. Population huge rather cover. Free lead camera line black tree evening science.\nSeries create herself data board. Relate seek action management product. Difficult best when return white.",
        "documento_identidad": "Bit.",
        "nacionalidad": "Product arm anyone entire plan Democrat spend.",
        "vivienda": "Away serve career.",
        "pasajero": 9
    }
},
{
    "model": "apaeropuerto.perfilpasajero",
    "pk": 9,
    "fields": {
        "direccion": "Visit young religious rock. Use development key quickly soldier large. Yourself since health.\nTrouble same evening leave tax cultural certain.\nRadio per past send hot then. Yet agency far left large defense. Pass short simply discover standard.",
        "documento_identidad": "Out.",
        "nacionalidad": "Letter myself interest former leave decide.",
        "vivienda": "Company add ground our resource ground could.",
        "pasajero": 13
    }
},
{
    "model": "apaeropuerto.perfilpasajero",
    "pk": 10,
    "fields": {
        "direccion": "Peace difference population go. Ten interest test relate surface own. Often soldier store perform area.\nHappy nearly blood resource. Tell event detail response.\nPhone huge join job always old service. Series official use.",
        "documento_identidad": "Prove.",
        "nacionalidad": "Task door area point life free.",
        "vivienda": "Maybe room happy make bank keep.",
        "pasajero": 17
    }
},
{
    "model": "apaeropuerto.perfilpasajero",
    "pk": 11,
    "fields": {
        "direccion": "Thank strong group worker try piece notice. Soon majority debate act scientist wrong offer.\nLetter money door deal. Condition grow size pay certain ahead.",
        "documento_identidad": "Thus art.",
        "nacionalidad": "Hear computer kid black around.",
        "vivienda": "Final others begin myself relationship.",
        "pasajero": 19
    }
},
{
    "model": "apaeropuerto.perfilpasajero",
    "pk": 12,
    "fields": {
        "direccion": "Yeah not be buy PM always. Religious listen major meeting decade arrive sport. Quite exist coach would five stage.\nAdmit five remember wife onto. Task produce difficult teacher. Foot base design yard result partner pattern go.",
        "documento_identidad": "Camera.",
        "nacionalidad": "Before what table wait popular media.",
        "vivienda": "Game across could black focus never.",
        "pasajero": 2
    }
},
{
    "model": "apaeropuerto.perfilpasajero",
    "pk": 13,
    "fields": {
        "direccion": "Source foot hear save soldier. Every main time set soldier personal general. Themselves south party gas game.\nKind wish town on.\nGroup above collection day require role nearly share. Price stay major only. Cut least trade let detail resource.",
        "documento_identidad": "I might.",
        "nacionalidad": "Laugh discuss prevent time.",
        "vivienda": "Writer even culture east investment site tree.",
        "pasajero": 12
    }
},
{
    "model": "apaeropuerto.perfilpasajero",
    "pk": 14,
    "fields": {
        "direccion": "North wish reality save. Him generation third most south society performance follow. Discuss child this issue hope house that.",
        "documento_identidad": "News.",
        "nacionalidad": "Week camera nearly finish.",
        "vivienda": "Reflect involve back rather director.",
        "pasajero": 20
    }
},
{
    "model": "apaeropuerto.perfilpasajero",
    "pk": 15,
    "fields": {
        "direccion": "Story establish evening him win. Bed this scientist deep money adult.\nChurch record new also against as. Management small now bed admit good.\nAgreement allow alone wind. Along store evening.",
        "documento_identidad": "Oil war.",
        "nacionalidad": "Song cost concern seem marriage event protect.",
        "vivienda": "Simply because country control.",
        "pasajero": 4
    }
},
{
    "model": "apaeropuerto.perfilpasajero",
    "pk": 16,
    "fields": {
        "direccion": "Become price tend treat level. Company common Congress care.\nHouse then manage. Compare participant page future evening research great. Name under wall degree writer one.",
        "documento_identidad": "Then.",
        "nacionalidad": "Phone physical degree always green.",
        "vivienda": "His character international knowledge.",
        "pasajero": 18
    }
},
{
    "model": "apaeropuerto.perfilpasajero",
    "pk": 17,
    "fields": {
        "direccion": "Knowledge need collection mother citizen. Quality two first across. Give rich model business less suddenly about stage.\nNot high deal room. People participant language street list word continue. Kid think newspaper natural.",
        "documento_identidad": "Affect.",
        "nacionalidad": "Usually church style.",
        "vivienda": "Visit which whether product just.",
        "pasajero": 10
    }
},
{
    "model": "apaeropuerto.perfilpasajero",
    "pk": 18,
    "fields": {
        "direccion": "Wish PM book. Popular some all must word. Make vote occur body.\nWhich likely movie church social forward recent. Everyone food choice everyone interview yourself last. Material Republican water degree cost stand.",
        "documento_identidad": "Capital.",
        "nacionalidad": "For easy heavy lose. Best store trouble usually.",
        "vivienda": "Beautiful which than option exist.",
        "pasajero": 11
    }
},
{
    "model": "apaeropuerto.perfilpasajero",
    "pk": 19,
    "fields": {
        "direccion": "Beautiful push sound without official billion heart. Size eye partner operation light movement.\nEven cultural choose should such. Hope will opportunity. Which character including tell series entire matter.\nBetter too learn finally exist then situation.",
        "documento_identidad": "Research.",
        "nacionalidad": "Ability prove sign often management key.",
        "vivienda": "Usually his certainly necessary true college Mr.",
        "pasajero": 6
    }
},
{
    "model": "apaeropuerto.perfilpasajero",
    "pk": 20,
    "fields": {
        "direccion": "Also officer instead. Theory accept threat bar choice suggest professor. Power three everyone suggest arm no official.\nEnergy new partner partner unit individual. Fill policy property another painting. Price school approach anyone during already.",
        "documento_identidad": "Six.",
        "nacionalidad": "Once step rule imagine bring skill movement than.",
        "vivienda": "Account baby herself study.",
        "pasajero": 24
    }
},
{
    "model": "apaeropuerto.perfilpasajero",
    "pk": 21,
    "fields": {
        "direccion": "Page civil job cold single. Less party maintain away up administration budget. Spring should school sort of measure.",
        "documento_identidad": "Bill.",
        "nacionalidad": "Figure her certainly they.",
        "vivienda": "Adult design cover their list task her.",
        "pasajero": 25
    }
},
{
    "model": "apaeropuerto.perfilpasajero",
    "pk": 22,
    "fields": {
        "direccion": "Back news amount research security trip prove. Likely society trouble analysis.\nProject stay of operation fine meet identify. Deal include democratic form road great. Evening fund air sea sit should.",
        "documento_identidad": "Cell.",
        "nacionalidad": "Author give break plant.",
        "vivienda": "Political star card strategy crime contain.",
        "pasajero": 21
    }
},
{
    "model": "apaeropuerto.perfilpasajero",
    "pk": 23,
    "fields": {
        "direccion": "Require owner power very show. Others carry drive church affect full region bring.\nRoom best gas suddenly purpose become. Five hot seem my wish possible.",
        "documento_identidad": "Room.",
        "nacionalidad": "Fight add list general movement after check.",
        "vivienda": "First as dog hear.",
        "pasajero": 37
    }
},
{
    "model": "apaeropuerto.perfilpasajero",
    "pk": 24,
    "fields": {
        "direccion": "Window over message television popular plan. Rock our choose pick development such success. System southern number power environmental whose.",
        "documento_identidad": "Food.",
        "nacionalidad": "Country difference yourself score recognize.",
        "vivienda": "Stuff social him top from finish TV.",
        "pasajero": 28
    }
},
{
    "model": "apaeropuerto.perfilpasajero",
    "pk": 25,
    "fields": {
        "direccion": "Film already line stand economic among some. Month campaign prepare realize.\nArrive prove certain should finally wife toward small. White game decade human young site. Week country about age this later home.",
        "documento_identidad": "Himself.",
        "nacionalidad": "Ground everything necessary else machine you.",
        "vivienda": "Just everyone which fact floor particular mother.",
        "pasajero": 33
    }
},
{
    "model": "apaeropuerto.perfilpasajero",
    "pk": 26,
    "fields": {
        "direccion": "Year near one air it control. Theory woman age scene second clear rule.\nAnother southern beyond. Course summer likely.\nAble night effort hot line reveal should. Catch whom not maybe know military. There catch current wish she.",
        "documento_identidad": "Central.",
        "nacionalidad": "Seem account true mission.",
        "vivienda": "By as film whole. After rich store.",
        "pasajero": 22
    }
},
{
    "model": "apaeropuerto.perfilpasajero",
    "pk": 27,
    "fields": {
        "direccion": "Suggest outside score girl kind wall. Pick general receive create section house up.",
        "documento_identidad": "Them.",
        "nacionalidad": "Us me choose ball space difficult citizen.",
        "vivienda": "Idea country hour. Fire leg field trip feeling.",
        "pasajero": 36
    }
},
{
    "model": "apaeropuerto.perfilpasajero",
    "pk": 28,
    "fields": {
        "direccion": "Tell study third rule meet positive. Travel place morning few.\nManager allow call agree single.\nIndeed manager another much word. Finish name job sit allow. Those none indicate candidate face.",
        "documento_identidad": "Learn.",
        "nacionalidad": "Our population family weight.",
        "vivienda": "Total chance anyone cultural.",
        "pasajero": 23
    }
},
{
    "model": "apaeropuerto.perfilpasajero",
    "pk": 29,
    "fields": {
        "direccion": "Action subject government meeting. So positive miss which. The how information a ball.\nImagine on human. Smile church pay receive pay event no.",
        "documento_identidad": "Modern.",
        "nacionalidad": "Risk create industry evening dark change plan.",
        "vivienda": "Huge last her light.",
        "pasajero": 27
    }
},
{
    "model": "apaeropuerto.perfilpasajero",
    "pk": 30,
    "fields": {
        "direccion": "National economic officer mean. Drive modern fall beat one.\nMemory doctor simply live statement another. Push wife across anyone pattern computer society.\nSave film top third. Behavior professor degree any.",
        "documento_identidad": "Crime.",
        "nacionalidad": "Argue safe purpose himself young heavy.",
        "vivienda": "Bar station boy attention.",
        "pasajero": 38
    }
},
{
    "model": "apaeropuerto.perfilpasajero",
    "pk": 31,
    "fields": {
        "direccion": "Play one medical record evening. Peace here none word high. End war action nothing. Fact speech significant door model the.",
        "documento_identidad": "Day.",
        "nacionalidad": "Improve perform rise fear well eye offer.",
        "vivienda": "Name explain push Mr apply. Story job eight same.",
        "pasajero": 29
    }
},
{
    "model": "apaeropuerto.perfilpasajero",
    "pk": 32,
    "fields": {
        "direccion": "Edge none price send focus town. Take series thus magazine sea. Executive trouble yes simple dog also training. Young bad list assume another heart.\nAlso father number deep what. Carry so anyone always go man during.",
        "documento_identidad": "White.",
        "nacionalidad": "Build learn story middle billion look city week.",
        "vivienda": "Their toward full when.",
        "pasajero": 30
    }
},
{
    "model": "apaeropuerto.perfilpasajero",
    "pk": 33,
    "fields": {
        "direccion": "West garden your. Fund perhaps treat similar have.\nSend wish well American teacher. About morning question young go foot race. Miss amount firm simple policy prove true.",
        "documento_identidad": "Prepare.",
        "nacionalidad": "Couple sign room major course offer.",
        "vivienda": "Would best small black financial cut often sure.",
        "pasajero": 26
    }
},
{
    "model": "apaeropuerto.perfilpasajero",
    "pk": 34,
    "fields": {
        "direccion": "Project body trip have field perhaps always those. Hold assume general rock wear may summer. Open determine boy pressure ahead size.\nMaintain night carry economic however center.",
        "documento_identidad": "Suddenly.",
        "nacionalidad": "Boy oil word indicate.",
        "vivienda": "Big manage accept matter.",
        "pasajero": 32
    }
},
{
    "model": "apaeropuerto.perfilpasajero",
    "pk": 35,
    "fields": {
        "direccion": "Require capital board government identify move middle security. Us expect parent production.\nList part former serve age statement. Walk actually music collection oil.",
        "documento_identidad": "Reveal.",
        "nacionalidad": "Idea agent prevent popular class feel defense.",
        "vivienda": "Ten treat gun.",
        "pasajero": 39
    }
},
{
    "model": "apaeropuerto.perfilpasajero",
    "pk": 36,
    "fields": {
        "direccion": "Final ready reach method ten store. Within summer nothing minute goal.\nIndeed success site later center officer. Collection have girl degree wait hand point ahead. Write too could brother hit operation answer. Trip discuss seven learn room.",
        "documento_identidad": "Between.",
        "nacionalidad": "Next middle house hospital the exactly boy.",
        "vivienda": "Education happy how.",
        "pasajero": 31
    }
},
{
    "model": "apaeropuerto.perfilpasajero",
    "pk": 37,
    "fields": {
        "direccion": "Manager wide design research fight down strategy. Shoulder magazine nature speech work.\nYard few force summer despite. Report this address owner individual concern early. Wish budget car wear blood safe.",
        "documento_identidad": "Billion.",
        "nacionalidad": "Father person tax morning.",
        "vivienda": "Big professor model.",
        "pasajero": 34
    }
},
{
    "model": "apaeropuerto.perfilpasajero",
    "pk": 38,
    "fields": {
        "direccion": "Site front manage do society read institution. Kind employee down hotel food turn weight.\nAgainst final theory easy government its shoulder. Note modern story great if pattern early. Quickly deal toward be exactly fine great.",
        "documento_identidad": "Book.",
        "nacionalidad": "Else third industry. Born similar car training.",
        "vivienda": "During party stock back.",
        "pasajero": 35
    }
},
{
    "model": "apaeropuerto.perfilpasajero",
    "pk": 39,
    "fields": {
        "direccion": "Director quality must change follow. Politics yard perform employee water region final. Enjoy hand become environmental participant glass wide everyone. President paper instead company concern threat go.",
        "documento_identidad": "Look.",
        "nacionalidad": "Our join program dog outside.",
        "vivienda": "Throw including of again.",
        "pasajero": 40
    }
},
{
    "model": "apaeropuerto.equipaje",
    "pk": 1,
    "fields": {
        "peso": 0.827691824027884,
        "dimensiones": "International change yard admit.",
        "tipo_material": "How gun choose read.",
        "color": "Hear time might.",
        "pasajero": 19
    }
},
{
    "model": "apaeropuerto.equipaje",
    "pk": 2,
    "fields": {
        "peso": 0.6130365124575202,
        "dimensiones": "Fire able enter national late treat.",
        "tipo_material": "Rich score stuff hold crime.",
        "color": "Local court able rich write reality.",
        "pasajero": 10
    }
},
{
    "model": "apaeropuerto.equipaje",
    "pk": 3,
    "fields": {
        "peso": 0.7272813987729625,
        "dimensiones": "Western pressure speech through.",
        "tipo_material": "Wall our speak to.",
        "color": "Arrive rise consumer major bring establish.",
        "pasajero": 3
    }
},
{
    "model": "apaeropuerto.equipaje",
    "pk": 4,
    "fields": {
        "peso": 0.06456851381914808,
        "dimensiones": "Box pretty relate wind. Lay student value clear.",
        "tipo_material": "Series very research role.",
        "color": "Order computer civil.",
        "pasajero": 9
    }
},
{
    "model": "apaeropuerto.equipaje",
    "pk": 5,
    "fields": {
        "peso": 0.8548016651867865,
        "dimensiones": "At crime kid deep safe if practice leader.",
        "tipo_material": "Bring possible since.",
        "color": "Concern teach fast raise.",
        "pasajero": 12
    }
},
{
    "model": "apaeropuerto.equipaje",
    "pk": 6,
    "fields": {
        "peso": 0.8085175679959671,
        "dimensiones": "Eye game ground though reality card job.",
        "tipo_material": "Town who pay our laugh.",
        "color": "Specific interesting management teach.",
        "pasajero": 9
    }
},
{
    "model": "apaeropuerto.equipaje",
    "pk": 7,
    "fields": {
        "peso": 0.6028253095408803,
        "dimensiones": "Challenge case easy tree race.",
        "tipo_material": "Represent must these ever.",
        "color": "Wall anything imagine head.",
        "pasajero": 4
    }
},
{
    "model": "apaeropuerto.equipaje",
    "pk": 8,
    "fields": {
        "peso": 0.7864986530615028,
        "dimensiones": "Drop money available relationship.",
        "tipo_material": "Card claim property pay hot.",
        "color": "Song political professor consumer place kind.",
        "pasajero": 14
    }
},
{
    "model": "apaeropuerto.equipaje",
    "pk": 9,
    "fields": {
        "peso": 0.1997796787822267,
        "dimensiones": "Trade both too piece rise.",
        "tipo_material": "Rock kind right move admit.",
        "color": "Fine leave drug accept present carry special.",
        "pasajero": 7
    }
},
{
    "model": "apaeropuerto.equipaje",
    "pk": 10,
    "fields": {
        "peso": 0.9480704741010193,
        "dimensiones": "Energy benefit indeed attention thought now.",
        "tipo_material": "With article all forward.",
        "color": "All positive resource item.",
        "pasajero": 16
    }
},
{
    "model": "apaeropuerto.equipaje",
    "pk": 11,
    "fields": {
        "peso": 0.8624783697499898,
        "dimensiones": "Create from second drive pretty.",
        "tipo_material": "Book church board occur.",
        "color": "Network beautiful course billion.",
        "pasajero": 16
    }
},
{
    "model": "apaeropuerto.equipaje",
    "pk": 12,
    "fields": {
        "peso": 0.6785111570438628,
        "dimensiones": "History against open garden miss.",
        "tipo_material": "Every say total director.",
        "color": "Music finish chair through report position.",
        "pasajero": 17
    }
},
{
    "model": "apaeropuerto.equipaje",
    "pk": 13,
    "fields": {
        "peso": 0.15450337874529707,
        "dimensiones": "Or office visit fast worry road anyone water.",
        "tipo_material": "A possible hold phone.",
        "color": "Relationship back tax amount Democrat.",
        "pasajero": 14
    }
},
{
    "model": "apaeropuerto.equipaje",
    "pk": 14,
    "fields": {
        "peso": 0.3999239619514928,
        "dimensiones": "Practice win or politics some major.",
        "tipo_material": "Certain gun score threat bit.",
        "color": "Feel man truth name quite including hour.",
        "pasajero": 13
    }
},
{
    "model": "apaeropuerto.equipaje",
    "pk": 15,
    "fields": {
        "peso": 0.24797300890669238,
        "dimensiones": "Drug allow management sit yes.",
        "tipo_material": "Financial win raise step.",
        "color": "Call same yard attention wall.",
        "pasajero": 12
    }
},
{
    "model": "apaeropuerto.equipaje",
    "pk": 16,
    "fields": {
        "peso": 0.40552869154191784,
        "dimensiones": "Party ago four answer might.",
        "tipo_material": "Ok option purpose very.",
        "color": "Know week family put member item quality cold.",
        "pasajero": 2
    }
},
{
    "model": "apaeropuerto.equipaje",
    "pk": 17,
    "fields": {
        "peso": 0.07329086546700703,
        "dimensiones": "Agree fill short himself lot join.",
        "tipo_material": "Agreement include play where.",
        "color": "Maybe describe seven chair lose consumer.",
        "pasajero": 17
    }
},
{
    "model": "apaeropuerto.equipaje",
    "pk": 18,
    "fields": {
        "peso": 0.4024725771410955,
        "dimensiones": "Strategy support laugh cut last.",
        "tipo_material": "Rest each hour PM account.",
        "color": "Per hot itself.",
        "pasajero": 14
    }
},
{
    "model": "apaeropuerto.equipaje",
    "pk": 19,
    "fields": {
        "peso": 0.24839774983633667,
        "dimensiones": "Seven when always arm could wish buy.",
        "tipo_material": "Perform season drop father.",
        "color": "Foot environmental statement not.",
        "pasajero": 9
    }
},
{
    "model": "apaeropuerto.equipaje",
    "pk": 20,
    "fields": {
        "peso": 0.32253029269472056,
        "dimensiones": "War month Mrs focus represent whom.",
        "tipo_material": "Strong age person situation.",
        "color": "Matter television rule born early personal share.",
        "pasajero": 18
    }
},
{
    "model": "apaeropuerto.equipaje",
    "pk": 21,
    "fields": {
        "peso": 0.8124027524926368,
        "dimensiones": "Southern occur home quality.",
        "tipo_material": "Simple paper create change.",
        "color": "One door discuss guy.",
        "pasajero": 32
    }
},
{
    "model": "apaeropuerto.equipaje",
    "pk": 22,
    "fields": {
        "peso": 0.3352539508331326,
        "dimensiones": "Material word reach prepare.",
        "tipo_material": "And guess position.",
        "color": "Provide task drive. Baby back key know have.",
        "pasajero": 23
    }
},
{
    "model": "apaeropuerto.equipaje",
    "pk": 23,
    "fields": {
        "peso": 0.47589440983294307,
        "dimensiones": "War piece ready kitchen ahead.",
        "tipo_material": "Voice what second green its.",
        "color": "Note design meeting pass entire walk reach role.",
        "pasajero": 35
    }
},
{
    "model": "apaeropuerto.equipaje",
    "pk": 24,
    "fields": {
        "peso": 0.04202237796618302,
        "dimensiones": "Ago tax rule.",
        "tipo_material": "Young system wish yet.",
        "color": "Age pull trial white staff.",
        "pasajero": 21
    }
},
{
    "model": "apaeropuerto.equipaje",
    "pk": 25,
    "fields": {
        "peso": 0.24012447421537453,
        "dimensiones": "See door machine.",
        "tipo_material": "Air theory order still.",
        "color": "Career into address child bill side.",
        "pasajero": 32
    }
},
{
    "model": "apaeropuerto.equipaje",
    "pk": 26,
    "fields": {
        "peso": 0.10402011383876397,
        "dimensiones": "Key product thousand edge vote baby go.",
        "tipo_material": "Vote once me he school.",
        "color": "Man camera job want save.",
        "pasajero": 31
    }
},
{
    "model": "apaeropuerto.equipaje",
    "pk": 27,
    "fields": {
        "peso": 0.6793073368981744,
        "dimensiones": "Structure bar court career cultural task.",
        "tipo_material": "Just happen consider media.",
        "color": "Door pick partner writer clear series arrive.",
        "pasajero": 23
    }
},
{
    "model": "apaeropuerto.equipaje",
    "pk": 28,
    "fields": {
        "peso": 0.7503476445880103,
        "dimensiones": "Operation phone no know economy marriage.",
        "tipo_material": "Employee town physical good.",
        "color": "Three wish might understand early.",
        "pasajero": 30
    }
},
{
    "model": "apaeropuerto.equipaje",
    "pk": 29,
    "fields": {
        "peso": 0.7053542222706486,
        "dimensiones": "Front second especially administration.",
        "tipo_material": "Us account from will.",
        "color": "Take city together success story.",
        "pasajero": 39
    }
},
{
    "model": "apaeropuerto.equipaje",
    "pk": 30,
    "fields": {
        "peso": 0.4208824529622057,
        "dimensiones": "Now turn stay over.",
        "tipo_material": "Manage high property then.",
        "color": "The them way walk.",
        "pasajero": 24
    }
},
{
    "model": "apaeropuerto.equipaje",
    "pk": 31,
    "fields": {
        "peso": 0.5382858500407859,
        "dimensiones": "Important purpose side few soldier feel.",
        "tipo_material": "Pick great international.",
        "color": "Knowledge ahead well put rich after play many.",
        "pasajero": 36
    }
},
{
    "model": "apaeropuerto.equipaje",
    "pk": 32,
    "fields": {
        "peso": 0.21596439934577571,
        "dimensiones": "Manager day rich business star feeling.",
        "tipo_material": "Whose accept anyone church.",
        "color": "Win team others unit finish hope.",
        "pasajero": 34
    }
},
{
    "model": "apaeropuerto.equipaje",
    "pk": 33,
    "fields": {
        "peso": 0.820008764662008,
        "dimensiones": "Instead region sport institution.",
        "tipo_material": "Republican heart there.",
        "color": "Deep music respond daughter gas ball.",
        "pasajero": 25
    }
},
{
    "model": "apaeropuerto.equipaje",
    "pk": 34,
    "fields": {
        "peso": 0.8594491888460525,
        "dimensiones": "Side piece wife should cut statement culture.",
        "tipo_material": "Meeting life lay cell.",
        "color": "Top military magazine follow.",
        "pasajero": 38
    }
},
{
    "model": "apaeropuerto.equipaje",
    "pk": 35,
    "fields": {
        "peso": 0.8080797895404447,
        "dimensiones": "Skin figure instead official prove.",
        "tipo_material": "Order statement fear detail.",
        "color": "Learn even wall interest else.",
        "pasajero": 37
    }
},
{
    "model": "apaeropuerto.equipaje",
    "pk": 36,
    "fields": {
        "peso": 0.8505665530806253,
        "dimensiones": "Glass author support way and result.",
        "tipo_material": "Let home ok yourself recent.",
        "color": "Exactly worker feeling new analysis after hour.",
        "pasajero": 25
    }
},
{
    "model": "apaeropuerto.equipaje",
    "pk": 37,
    "fields": {
        "peso": 0.282215975738484,
        "dimensiones": "Four the treatment task better.",
        "tipo_material": "Way whether politics affect.",
        "color": "Range situation rate respond listen represent.",
        "pasajero": 26
    }
},
{
    "model": "apaeropuerto.equipaje",
    "pk": 38,
    "fields": {
        "peso": 0.2295003145045873,
        "dimensiones": "Four market young from chair member.",
        "tipo_material": "Again player mother strategy.",
        "color": "Interest economic option enjoy.",
        "pasajero": 31
    }
},
{
    "model": "apaeropuerto.equipaje",
    "pk": 39,
    "fields": {
        "peso": 0.9640487047142556,
        "dimensiones": "Attack poor those. Region study say.",
        "tipo_material": "Affect car drive perhaps.",
        "color": "Represent carry field character.",
        "pasajero": 36
    }
},
{
    "model": "apaeropuerto.equipaje",
    "pk": 40,
    "fields": {
        "peso": 0.6589861744830158,
        "dimensiones": "Good argue great big.",
        "tipo_material": "Them meet why game condition.",
        "color": "Trip call style grow magazine goal act.",
        "pasajero": 39
    }
},
{
    "model": "apaeropuerto.vueloaerolinea",
    "pk": 1,
    "fields": {
        "fecha_operacion": null,
        "estado": "",
        "clase": "E",
        "incidencias": "",
        "vuelo": 1,
        "aerolinea": 7
    }
},
{
    "model": "apaeropuerto.vueloaerolinea",
    "pk": 2,
    "fields": {
        "fecha_operacion": null,
        "estado": "",
        "clase": "E",
        "incidencias": "",
        "vuelo": 1,
        "aerolinea": 1
    }
},
{
    "model": "apaeropuerto.vueloaerolinea",
    "pk": 3,
    "fields": {
        "fecha_operacion": null,
        "estado": "",
        "clase": "E",
        "incidencias": "",
        "vuelo": 1,
        "aerolinea": 4
    }
},
{
    "model": "apaeropuerto.vueloaerolinea",
    "pk": 4,
    "fields": {
        "fecha_operacion": null,
        "estado": "",
        "clase": "E",
        "incidencias": "",
        "vuelo": 2,
        "aerolinea": 18
    }
},
{
    "model": "apaeropuerto.vueloaerolinea",
    "pk": 5,
    "fields": {
        "fecha_operacion": null,
        "estado": "",
        "clase": "E",
        "incidencias": "",
        "vuelo": 2,
        "aerolinea": 10
    }
},
{
    "model": "apaeropuerto.vueloaerolinea",
    "pk": 6,
    "fields": {
        "fecha_operacion": null,
        "estado": "",
        "clase": "E",
        "incidencias": "",
        "vuelo": 2,
        "aerolinea": 7
    }
},
{
    "model": "apaeropuerto.vueloaerolinea",
    "pk": 7,
    "fields": {
        "fecha_operacion": null,
        "estado": "",
        "clase": "E",
        "incidencias": "",
        "vuelo": 3,
        "aerolinea": 10
    }
},
{
    "model": "apaeropuerto.vueloaerolinea",
    "pk": 8,
    "fields": {
        "fecha_operacion": null,
        "estado": "",
        "clase": "E",
        "incidencias": "",
        "vuelo": 3,
        "aerolinea": 20
    }
},
{
    "model": "apaeropuerto.vueloaerolinea",
    "pk": 9,
    "fields": {
        "fecha_operacion": null,
        "estado": "",
        "clase": "E",
        "incidencias": "",
        "vuelo": 4,
        "aerolinea": 1
    }
},
{
    "model": "apaeropuerto.vueloaerolinea",
    "pk": 10,
    "fields": {
        "fecha_operacion": null,
        "estado": "",
        "clase": "E",
        "incidencias": "",
        "vuelo": 4,
        "aerolinea": 14
    }
},
{
    "model": "apaeropuerto.vueloaerolinea",
    "pk": 11,
    "fields": {
        "fecha_operacion": null,
        "estado": "",
        "clase": "E",
        "incidencias": "",
        "vuelo": 4,
        "aerolinea": 4
    }
},
{
    "model": "apaeropuerto.vueloaerolinea",
    "pk": 12,
    "fields": {
        "fecha_operacion": null,
        "estado": "",
        "clase": "E",
        "incidencias": "",
        "vuelo": 4,
        "aerolinea": 11
    }
},
{
    "model": "apaeropuerto.vueloaerolinea",
    "pk": 13,
    "fields": {
        "fecha_operacion": null,
        "estado": "",
        "clase": "E",
        "incidencias": "",
        "vuelo": 5,
        "aerolinea": 10
    }
},
{
    "model": "apaeropuerto.vueloaerolinea",
    "pk": 14,
    "fields": {
        "fecha_operacion": null,
        "estado": "",
        "clase": "E",
        "incidencias": "",
        "vuelo": 6,
        "aerolinea": 19
    }
},
{
    "model": "apaeropuerto.vueloaerolinea",
    "pk": 15,
    "fields": {
        "fecha_operacion": null,
        "estado": "",
        "clase": "E",
        "incidencias": "",
        "vuelo": 6,
        "aerolinea": 9
    }
},
{
    "model": "apaeropuerto.vueloaerolinea",
    "pk": 16,
    "fields": {
        "fecha_operacion": null,
        "estado": "",
        "clase": "E",
        "incidencias": "",
        "vuelo": 6,
        "aerolinea": 8
    }
},
{
    "model": "apaeropuerto.vueloaerolinea",
    "pk": 17,
    "fields": {
        "fecha_operacion": null,
        "estado": "",
        "clase": "E",
        "incidencias": "",
        "vuelo": 6,
        "aerolinea": 12
    }
},
{
    "model": "apaeropuerto.vueloaerolinea",
    "pk": 18,
    "fields": {
        "fecha_operacion": null,
        "estado": "",
        "clase": "E",
        "incidencias": "",
        "vuelo": 7,
        "aerolinea": 6
    }
},
{
    "model": "apaeropuerto.vueloaerolinea",
    "pk": 19,
    "fields": {
        "fecha_operacion": null,
        "estado": "",
        "clase": "E",
        "incidencias": "",
        "vuelo": 7,
        "aerolinea": 2
    }
},
{
    "model": "apaeropuerto.vueloaerolinea",
    "pk": 20,
    "fields": {
        "fecha_operacion": null,
        "estado": "",
        "clase": "E",
        "incidencias": "",
        "vuelo": 8,
        "aerolinea": 3
    }
},
{
    "model": "apaeropuerto.vueloaerolinea",
    "pk": 21,
    "fields": {
        "fecha_operacion": null,
        "estado": "",
        "clase": "E",
        "incidencias": "",
        "vuelo": 8,
        "aerolinea": 13
    }
},
{
    "model": "apaeropuerto.vueloaerolinea",
    "pk": 22,
    "fields": {
        "fecha_operacion": null,
        "estado": "",
        "clase": "E",
        "incidencias": "",
        "vuelo": 9,
        "aerolinea": 3
    }
},
{
    "model": "apaeropuerto.vueloaerolinea",
    "pk": 23,
    "fields": {
        "fecha_operacion": null,
        "estado": "",
        "clase": "E",
        "incidencias": "",
        "vuelo": 9,
        "aerolinea": 18
    }
},
{
    "model": "apaeropuerto.vueloaerolinea",
    "pk": 24,
    "fields": {
        "fecha_operacion": null,
        "estado": "",
        "clase": "E",
        "incidencias": "",
        "vuelo": 9,
        "aerolinea": 15
    }
},
{
    "model": "apaeropuerto.vueloaerolinea",
    "pk": 25,
    "fields": {
        "fecha_operacion": null,
        "estado": "",
        "clase": "E",
        "incidencias": "",
        "vuelo": 9,
        "aerolinea": 5
    }
},
{
    "model": "apaeropuerto.vueloaerolinea",
    "pk": 26,
    "fields": {
        "fecha_operacion": null,
        "estado": "",
        "clase": "E",
        "incidencias": "",
        "vuelo": 9,
        "aerolinea": 10
    }
},
{
    "model": "apaeropuerto.vueloaerolinea",
    "pk": 27,
    "fields": {
        "fecha_operacion": null,
        "estado": "",
        "clase": "E",
        "incidencias": "",
        "vuelo": 10,
        "aerolinea": 4
    }
},
{
    "model": "apaeropuerto.vueloaerolinea",
    "pk": 28,
    "fields": {
        "fecha_operacion": null,
        "estado": "",
        "clase": "E",
        "incidencias": "",
        "vuelo": 10,
        "aerolinea": 20
    }
},
{
    "model": "apaeropuerto.vueloaerolinea",
    "pk": 29,
    "fields": {
        "fecha_operacion": null,
        "estado": "",
        "clase": "E",
        "incidencias": "",
        "vuelo": 11,
        "aerolinea": 2
    }
},
{
    "model": "apaeropuerto.vueloaerolinea",
    "pk": 30,
    "fields": {
        "fecha_operacion": null,
        "estado": "",
        "clase": "E",
        "incidencias": "",
        "vuelo": 11,
        "aerolinea": 18
    }
},
{
    "model": "apaeropuerto.vueloaerolinea",
    "pk": 31,
    "fields": {
        "fecha_operacion": null,
        "estado": "",
        "clase": "E",
        "incidencias": "",
        "vuelo": 11,
        "aerolinea": 20
    }
},
{
    "model": "apaeropuerto.vueloaerolinea",
    "pk": 32,
    "fields": {
        "fecha_operacion": null,
        "estado": "",
        "clase": "E",
        "incidencias": "",
        "vuelo": 11,
        "aerolinea": 3
    }
},
{
    "model": "apaeropuerto.vueloaerolinea",
    "pk": 33,
    "fields": {
        "fecha_operacion": null,
        "estado": "",
        "clase": "E",
        "incidencias": "",
        "vuelo": 12,
        "aerolinea": 2
    }
},
{
    "model": "apaeropuerto.vueloaerolinea",
    "pk": 34,
    "fields": {
        "fecha_operacion": null,
        "estado": "",
        "clase": "E",
        "incidencias": "",
        "vuelo": 13,
        "aerolinea": 7
    }
},
{
    "model": "apaeropuerto.vueloaerolinea",
    "pk": 35,
    "fields": {
        "fecha_operacion": null,
        "estado": "",
        "clase": "E",
        "incidencias": "",
        "vuelo": 13,
        "aerolinea": 13
    }
},
{
    "model": "apaeropuerto.vueloaerolinea",
    "pk": 36,
    "fields": {
        "fecha_operacion": null,
        "estado": "",
        "clase": "E",
        "incidencias": "",
        "vuelo": 13,
        "aerolinea": 15
    }
},
{
    "model": "apaeropuerto.vueloaerolinea",
    "pk": 37,
    "fields": {
        "fecha_operacion": null,
        "estado": "",
        "clase": "E",
        "incidencias": "",
        "vuelo": 13,
        "aerolinea": 3
    }
},
{
    "model": "apaeropuerto.vueloaerolinea",
    "pk": 38,
    "fields": {
        "fecha_operacion": null,
        "estado": "",
        "clase": "E",
        "incidencias": "",
        "vuelo": 13,
        "aerolinea": 17
    }
},
{
    "model": "apaeropuerto.vueloaerolinea",
    "pk": 39,
    "fields": {
        "fecha_operacion": null,
        "estado": "",
        "clase": "E",
        "incidencias": "",
        "vuelo": 14,
        "aerolinea": 8
    }
},
{
    "model": "apaeropuerto.vueloaerolinea",
    "pk": 40,
    "fields": {
        "fecha_operacion": null,
        "estado": "",
        "clase": "E",
        "incidencias": "",
        "vuelo": 14,
        "aerolinea": 3
    }
},
{
    "model": "apaeropuerto.vueloaerolinea",
    "pk": 41,
    "fields": {
        "fecha_operacion": null,
        "estado": "",
        "clase": "E",
        "incidencias": "",
        "vuelo": 14,
        "aerolinea": 12
    }
},
{
    "model": "apaeropuerto.vueloaerolinea",
    "pk": 42,
    "fields": {
        "fecha_operacion": null,
        "estado": "",
        "clase": "E",
        "incidencias": "",
        "vuelo": 14,
        "aerolinea": 9
    }
},
{
    "model": "apaeropuerto.vueloaerolinea",
    "pk": 43,
    "fields": {
        "fecha_operacion": null,
        "estado": "",
        "clase": "E",
        "incidencias": "",
        "vuelo": 14,
        "aerolinea": 2
    }
},
{
    "model": "apaeropuerto.vueloaerolinea",
    "pk": 44,
    "fields": {
        "fecha_operacion": null,
        "estado": "",
        "clase": "E",
        "incidencias": "",
        "vuelo": 15,
        "aerolinea": 5
    }
},
{
    "model": "apaeropuerto.vueloaerolinea",
    "pk": 45,
    "fields": {
        "fecha_operacion": null,
        "estado": "",
        "clase": "E",
        "incidencias": "",
        "vuelo": 16,
        "aerolinea": 8
    }
},
{
    "model": "apaeropuerto.vueloaerolinea",
    "pk": 46,
    "fields": {
        "fecha_operacion": null,
        "estado": "",
        "clase": "E",
        "incidencias": "",
        "vuelo": 16,
        "aerolinea": 4
    }
},
{
    "model": "apaeropuerto.vueloaerolinea",
    "pk": 47,
    "fields": {
        "fecha_operacion": null,
        "estado": "",
        "clase": "E",
        "incidencias": "",
        "vuelo": 16,
        "aerolinea": 16
    }
},
{
    "model": "apaeropuerto.vueloaerolinea",
    "pk": 48,
    "fields": {
        "fecha_operacion": null,
        "estado": "",
        "clase": "E",
        "incidencias": "",
        "vuelo": 16,
        "aerolinea": 12
    }
},
{
    "model": "apaeropuerto.vueloaerolinea",
    "pk": 49,
    "fields": {
        "fecha_operacion": null,
        "estado": "",
        "clase": "E",
        "incidencias": "",
        "vuelo": 17,
        "aerolinea": 14
    }
},
{
    "model": "apaeropuerto.vueloaerolinea",
    "pk": 50,
    "fields": {
        "fecha_operacion": null,
        "estado": "",
        "clase": "E",
        "incidencias": "",
        "vuelo": 17,
        "aerolinea": 1
    }
},
{
    "model": "apaeropuerto.vueloaerolinea",
    "pk": 51,
    "fields": {
        "fecha_operacion": null,
        "estado": "",
        "clase": "E",
        "incidencias": "",
        "vuelo": 17,
        "aerolinea": 20
    }
},
{
    "model": "apaeropuerto.vueloaerolinea",
    "pk": 52,
    "fields": {
        "fecha_operacion": null,
        "estado": "",
        "clase": "E",
        "incidencias": "",
        "vuelo": 17,
        "aerolinea": 13
    }
},
{
    "model": "apaeropuerto.vueloaerolinea",
    "pk": 53,
    "fields": {
        "fecha_operacion": null,
        "estado": "",
        "clase": "E",
        "incidencias": "",
        "vuelo": 17,
        "aerolinea": 9
    }
},
{
    "model": "apaeropuerto.vueloaerolinea",
    "pk": 54,
    "fields": {
        "fecha_operacion": null,
        "estado": "",
        "clase": "E",
        "incidencias": "",
        "vuelo": 18,
        "aerolinea": 10
    }
},
{
    "model": "apaeropuerto.vueloaerolinea",
    "pk": 55,
    "fields": {
        "fecha_operacion": null,
        "estado": "",
        "clase": "E",
        "incidencias": "",
        "vuelo": 18,
        "aerolinea": 5
    }
},
{
    "model": "apaeropuerto.vueloaerolinea",
    "pk": 56,
    "fields": {
        "fecha_operacion": null,
        "estado": "",
        "clase": "E",
        "incidencias": "",
        "vuelo": 18,
        "aerolinea": 2
    }
},
{
    "model": "apaeropuerto.vueloaerolinea",
    "pk": 57,
    "fields": {
        "fecha_operacion": null,
        "estado": "",
        "clase": "E",
        "incidencias": "",
        "vuelo": 18,
        "aerolinea": 11
    }
},
{
    "model": "apaeropuerto.vueloaerolinea",
    "pk": 58,
    "fields": {
        "fecha_operacion": null,
        "estado": "",
        "clase": "E",
        "incidencias": "",
        "vuelo": 19,
        "aerolinea": 7
    }
},
{
    "model": "apaeropuerto.vueloaerolinea",
    "pk": 59,
    "fields": {
        "fecha_operacion": null,
        "estado": "",
        "clase": "E",
        "incidencias": "",
        "vuelo": 19,
        "aerolinea": 15
    }
},
{
    "model": "apaeropuerto.vueloaerolinea",
    "pk": 60,
    "fields": {
        "fecha_operacion": null,
        "estado": "",
        "clase": "E",
        "incidencias": "",
        "vuelo": 19,
        "aerolinea": 8
    }
},
{
    "model": "apaeropuerto.vueloaerolinea",
    "pk": 61,
    "fields": {
        "fecha_operacion": null,
        "estado": "",
        "clase": "E",
        "incidencias": "",
        "vuelo": 20,
        "aerolinea": 1
    }
},
{
    "model": "apaeropuerto.vueloaerolinea",
    "pk": 62,
    "fields": {
        "fecha_operacion": null,
        "estado": "",
        "clase": "E",
        "incidencias": "",
        "vuelo": 20,
        "aerolinea": 18
    }
},
{
    "model": "apaeropuerto.vueloaerolinea",
    "pk": 63,
    "fields": {
        "fecha_operacion": null,
        "estado": "",
        "clase": "E",
        "incidencias": "",
        "vuelo": 20,
        "aerolinea": 16
    }
},
{
    "model": "apaeropuerto.vueloaerolinea",
    "pk": 64,
    "fields": {
        "fecha_operacion": null,
        "estado": "",
        "clase": "E",
        "incidencias": "",
        "vuelo": 20,
        "aerolinea": 4
    }
},
{
    "model": "apaeropuerto.vueloaerolinea",
    "pk": 65,
    "fields": {
        "fecha_operacion": null,
        "estado": "",
        "clase": "E",
        "incidencias": "",
        "vuelo": 20,
        "aerolinea": 2
    }
},
{
    "model": "apaeropuerto.vueloaerolinea",
    "pk": 66,
    "fields": {
        "fecha_operacion": "1996-03-06T15:19:08.777Z",
        "estado": "Tax appear through serve ask. Under wife energy along hundred theory. Be successful evening impact more either.\nMajor light choice. Visit together chance word pick.",
        "clase": "E",
        "incidencias": "Baby bill night miss president card. Wind positive source effort. Card seem suffer wonder worry.",
        "vuelo": 11,
        "aerolinea": 8
    }
},
{
    "model": "apaeropuerto.vueloaerolinea",
    "pk": 67,
    "fields": {
        "fecha_operacion": "2001-02-02T06:29:22.709Z",
        "estado": "Machine three send road him. Glass discussion call citizen. Amount school account happy maintain whom prepare.\nGeneral think box rise bad. Soon return us mean son.",
        "clase": "E",
        "incidencias": "Very sure leave. Under especially thing while. Today public professor create as.",
        "vuelo": 6,
        "aerolinea": 14
    }
},
{
    "model": "apaeropuerto.vueloaerolinea",
    "pk": 68,
    "fields": {
        "fecha_operacion": "2009-03-09T03:41:47.303Z",
        "estado": "Simply method heart might. Level since activity offer small federal.\nLay only behind pick nor institution. Positive perform play growth. Or personal must. Local still sense phone give.",
        "clase": "E",
        "incidencias": "Water red music rate.",
        "vuelo": 4,
        "aerolinea": 10
    }
},
{
    "model": "apaeropuerto.vueloaerolinea",
    "pk": 69,
    "fields": {
        "fecha_operacion": "2023-03-10T17:46:11.784Z",
        "estado": "Describe argue city case stop. Mother Democrat camera travel home yeah. Right pull others heavy within group.\nProduct figure production. Draw take position. Officer even start star threat.",
        "clase": "E",
        "incidencias": "Democratic particularly top oil. Song common west economy you company control.",
        "vuelo": 19,
        "aerolinea": 3
    }
},
{
    "model": "apaeropuerto.vueloaerolinea",
    "pk": 70,
    "fields": {
        "fecha_operacion": "1999-02-22T23:58:24.221Z",
        "estado": "Outside such husband after home least current. Form wait strong cell decision report. Surface official future few.\nHead rich central have. Can travel theory beautiful fear point.",
        "clase": "E",
        "incidencias": "Painting new seven. Our whose property point clearly.",
        "vuelo": 10,
        "aerolinea": 1
    }
},
{
    "model": "apaeropuerto.vueloaerolinea",
    "pk": 71,
    "fields": {
        "fecha_operacion": "1983-09-09T20:43:54.714Z",
        "estado": "Trouble agent could determine reach. Government sell lead budget indicate mind sometimes.\nTax goal little much.",
        "clase": "E",
        "incidencias": "Expect feel give natural sound. Free suggest public. So beyond might war money development.",
        "vuelo": 14,
        "aerolinea": 2
    }
},
{
    "model": "apaeropuerto.vueloaerolinea",
    "pk": 72,
    "fields": {
        "fecha_operacion": "1974-09-28T13:26:49.385Z",
        "estado": "Health financial major she huge nation. Might Democrat month chance add. With clearly store. Learn place school light close.\nWhen accept cost day against. Answer next dark drive.",
        "clase": "E",
        "incidencias": "Us chair really wife brother argue. See relate sell person amount book experience.",
        "vuelo": 19,
        "aerolinea": 17
    }
},
{
    "model": "apaeropuerto.vueloaerolinea",
    "pk": 73,
    "fields": {
        "fecha_operacion": "2000-12-02T06:33:46.179Z",
        "estado": "World already reflect these since feel. Difference something others front sister know. Eight chair today war impact at high their.",
        "clase": "E",
        "incidencias": "Family positive lot edge experience. Pattern use each. Art let old prevent ok face provide.",
        "vuelo": 5,
        "aerolinea": 9
    }
},
{
    "model": "apaeropuerto.vueloaerolinea",
    "pk": 74,
    "fields": {
        "fecha_operacion": "1980-05-15T15:26:31.739Z",
        "estado": "Kid star one person. Often he north others ask final three produce. Still we thought rest yourself more.\nMeeting film finally thus. Pick through citizen politics growth. Popular during add even fly.",
        "clase": "E",
        "incidencias": "Couple score then adult. Shake in well audience thing. Once law happy.",
        "vuelo": 5,
        "aerolinea": 8
    }
},
{
    "model": "apaeropuerto.vueloaerolinea",
    "pk": 75,
    "fields": {
        "fecha_operacion": "2011-11-20T04:08:29.674Z",
        "estado": "Gas away vote mean. Authority record drop agreement religious. Thus four reason personal address.\nBetter identify drug land create outside. North type very listen. Each also claim best.",
        "clase": "E",
        "incidencias": "Wait employee first within few explain.\nArm common despite eight. Capital north challenge want.",
        "vuelo": 12,
        "aerolinea": 16
    }
},
{
    "model": "apaeropuerto.vueloaerolinea",
    "pk": 76,
    "fields": {
        "fecha_operacion": "1994-02-03T03:18:32.126Z",
        "estado": "Effort investment tend security. Move church worker seem. Record fight figure base recently. Situation follow specific probably toward particular high.",
        "clase": "E",
        "incidencias": "Want white some life pretty fish discover design. Author happen do threat level.",
        "vuelo": 10,
        "aerolinea": 18
    }
},
{
    "model": "apaeropuerto.vueloaerolinea",
    "pk": 77,
    "fields": {
        "fecha_operacion": "2020-08-20T03:26:49.623Z",
        "estado": "Young certain light community out democratic. Rather mind poor north subject.\nFine performance many war others expert. Career two skin see make. Subject international five consider.",
        "clase": "E",
        "incidencias": "Lose debate success player relationship into tend. Tell present oil cover.",
        "vuelo": 14,
        "aerolinea": 16
    }
},
{
    "model": "apaeropuerto.vueloaerolinea",
    "pk": 78,
    "fields": {
        "fecha_operacion": "2011-10-28T21:55:21.676Z",
        "estado": "Realize magazine focus marriage ago. Hope leg peace. Buy drug woman commercial.\nMrs find high site form capital. Painting represent rest hot significant catch.",
        "clase": "E",
        "incidencias": "Agent firm close your next. Organization across note industry.",
        "vuelo": 2,
        "aerolinea": 6
    }
},
{
    "model": "apaeropuerto.vueloaerolinea",
    "pk": 79,
    "fields": {
        "fecha_operacion": "1971-04-06T19:19:57.082Z",
        "estado": "Camera ask total executive everybody. Improve establish cup relate indeed least far. Well short pressure grow street.\nMaintain situation to own town likely. Good feeling here laugh news look.",
        "clase": "E",
        "incidencias": "East job authority Democrat box economy. Law down region. Same Republican off ago.",
        "vuelo": 3,
        "aerolinea": 16
    }
},
{
    "model": "apaeropuerto.vueloaerolinea",
    "pk": 80,
    "fields": {
        "fecha_operacion": "1984-03-25T23:19:08.850Z",
        "estado": "Management high detail special. Later inside our choose why customer hotel.",
        "clase": "E",
        "incidencias": "Campaign road authority simply its look. Build although day blood activity real.",
        "vuelo": 5,
        "aerolinea": 20
    }
},
{
    "model": "apaeropuerto.vueloaerolinea",
    "pk": 81,
    "fields": {
        "fecha_operacion": "2000-02-17T01:19:17.424Z",
        "estado": "Effect necessary fact hospital. None yard rock.\nHalf draw quite. Partner interview run fight sort interesting.\nEast least apply while win unit. May set between rule paper.",
        "clase": "E",
        "incidencias": "Letter team professional than. Interesting travel tend. Notice no decision cultural.",
        "vuelo": 1,
        "aerolinea": 10
    }
},
{
    "model": "apaeropuerto.vueloaerolinea",
    "pk": 82,
    "fields": {
        "fecha_operacion": "1982-07-07T05:17:30.627Z",
        "estado": "Production least truth since. Occur particular performance case. Deep others trade size summer.",
        "clase": "E",
        "incidencias": "Responsibility apply great street professor. Drug arrive just structure describe space.",
        "vuelo": 8,
        "aerolinea": 8
    }
},
{
    "model": "apaeropuerto.vueloaerolinea",
    "pk": 83,
    "fields": {
        "fecha_operacion": "2020-05-07T21:03:46.698Z",
        "estado": "Anything tonight clearly agent off can energy better. Oil system important everyone adult garden approach.",
        "clase": "E",
        "incidencias": "Commercial why majority during. Whose finish happen. Save government body second message here.",
        "vuelo": 15,
        "aerolinea": 8
    }
},
{
    "model": "apaeropuerto.vueloaerolinea",
    "pk": 84,
    "fields": {
        "fecha_operacion": "1980-08-16T12:39:26.508Z",
        "estado": "Challenge about government region not. Little ready employee stop.\nFigure medical force capital Congress use. Bill hear give carry clearly set science.",
        "clase": "E",
        "incidencias": "Claim fire various measure least. Security see listen case collection a garden story.",
        "vuelo": 10,
        "aerolinea": 2
    }
},
{
    "model": "apaeropuerto.vueloaerolinea",
    "pk": 85,
    "fields": {
        "fecha_operacion": "1994-08-21T13:49:45.807Z",
        "estado": "Conference something agency. Different line democratic suddenly method. Candidate yet summer particularly whole stock fast.",
        "clase": "E",
        "incidencias": "Personal television born occur sort. Culture nearly miss risk their student.",
        "vuelo": 15,
        "aerolinea": 8
    }
},
{
    "model": "apaeropuerto.vueloaerolinea",
    "pk": 86,
    "fields": {
        "fecha_operacion": null,
        "estado": "",
        "clase": "E",
        "incidencias": "",
        "vuelo": 21,
        "aerolinea": 30
    }
},
{
    "model": "apaeropuerto.vueloaerolinea",
    "pk": 87,
    "fields": {
        "fecha_operacion": null,
        "estado": "",
        "clase": "E",
        "incidencias": "",
        "vuelo": 21,
        "aerolinea": 33
    }
},
{
    "model": "apaeropuerto.vueloaerolinea",
    "pk": 88,
    "fields": {
        "fecha_operacion": null,
        "estado": "",
        "clase": "E",
        "incidencias": "",
        "vuelo": 21,
        "aerolinea": 32
    }
},
{
    "model": "apaeropuerto.vueloaerolinea",
    "pk": 89,
    "fields": {
        "fecha_operacion": null,
        "estado": "",
        "clase": "E",
        "incidencias": "",
        "vuelo": 22,
        "aerolinea": 38
    }
},
{
    "model": "apaeropuerto.vueloaerolinea",
    "pk": 90,
    "fields": {
        "fecha_operacion": null,
        "estado": "",
        "clase": "E",
        "incidencias": "",
        "vuelo": 23,
        "aerolinea": 33
    }
},
{
    "model": "apaeropuerto.vueloaerolinea",
    "pk": 91,
    "fields": {
        "fecha_operacion": null,
        "estado": "",
        "clase": "E",
        "incidencias": "",
        "vuelo": 23,
        "aerolinea": 25
    }
},
{
    "model": "apaeropuerto.vueloaerolinea",
    "pk": 92,
    "fields": {
        "fecha_operacion": null,
        "estado": "",
        "clase": "E",
        "incidencias": "",
        "vuelo": 23,
        "aerolinea": 40
    }
},
{
    "model": "apaeropuerto.vueloaerolinea",
    "pk": 93,
    "fields": {
        "fecha_operacion": null,
        "estado": "",
        "clase": "E",
        "incidencias": "",
        "vuelo": 23,
        "aerolinea": 34
    }
},
{
    "model": "apaeropuerto.vueloaerolinea",
    "pk": 94,
    "fields": {
        "fecha_operacion": null,
        "estado": "",
        "clase": "E",
        "incidencias": "",
        "vuelo": 24,
        "aerolinea": 24
    }
},
{
    "model": "apaeropuerto.vueloaerolinea",
    "pk": 95,
    "fields": {
        "fecha_operacion": null,
        "estado": "",
        "clase": "E",
        "incidencias": "",
        "vuelo": 24,
        "aerolinea": 22
    }
},
{
    "model": "apaeropuerto.vueloaerolinea",
    "pk": 96,
    "fields": {
        "fecha_operacion": null,
        "estado": "",
        "clase": "E",
        "incidencias": "",
        "vuelo": 24,
        "aerolinea": 32
    }
},
{
    "model": "apaeropuerto.vueloaerolinea",
    "pk": 97,
    "fields": {
        "fecha_operacion": null,
        "estado": "",
        "clase": "E",
        "incidencias": "",
        "vuelo": 24,
        "aerolinea": 40
    }
},
{
    "model": "apaeropuerto.vueloaerolinea",
    "pk": 98,
    "fields": {
        "fecha_operacion": null,
        "estado": "",
        "clase": "E",
        "incidencias": "",
        "vuelo": 25,
        "aerolinea": 22
    }
},
{
    "model": "apaeropuerto.vueloaerolinea",
    "pk": 99,
    "fields": {
        "fecha_operacion": null,
        "estado": "",
        "clase": "E",
        "incidencias": "",
        "vuelo": 25,
        "aerolinea": 33
    }
},
{
    "model": "apaeropuerto.vueloaerolinea",
    "pk": 100,
    "fields": {
        "fecha_operacion": null,
        "estado": "",
        "clase": "E",
        "incidencias": "",
        "vuelo": 25,
        "aerolinea": 35
    }
},
{
    "model": "apaeropuerto.vueloaerolinea",
    "pk": 101,
    "fields": {
        "fecha_operacion": null,
        "estado": "",
        "clase": "E",
        "incidencias": "",
        "vuelo": 26,
        "aerolinea": 38
    }
},
{
    "model": "apaeropuerto.vueloaerolinea",
    "pk": 102,
    "fields": {
        "fecha_operacion": null,
        "estado": "",
        "clase": "E",
        "incidencias": "",
        "vuelo": 27,
        "aerolinea": 27
    }
},
{
    "model": "apaeropuerto.vueloaerolinea",
    "pk": 103,
    "fields": {
        "fecha_operacion": null,
        "estado": "",
        "clase": "E",
        "incidencias": "",
        "vuelo": 27,
        "aerolinea": 32
    }
},
{
    "model": "apaeropuerto.vueloaerolinea",
    "pk": 104,
    "fields": {
        "fecha_operacion": null,
        "estado": "",
        "clase": "E",
        "incidencias": "",
        "vuelo": 27,
        "aerolinea": 40
    }
},
{
    "model": "apaeropuerto.vueloaerolinea",
    "pk": 105,
    "fields": {
        "fecha_operacion": null,
        "estado": "",
        "clase": "E",
        "incidencias": "",
        "vuelo": 27,
        "aerolinea": 21
    }
},
{
    "model": "apaeropuerto.vueloaerolinea",
    "pk": 106,
    "fields": {
        "fecha_operacion": null,
        "estado": "",
        "clase": "E",
        "incidencias": "",
        "vuelo": 28,
        "aerolinea": 33
    }
},
{
    "model": "apaeropuerto.vueloaerolinea",
    "pk": 107,
    "fields": {
        "fecha_operacion": null,
        "estado": "",
        "clase": "E",
        "incidencias": "",
        "vuelo": 28,
        "aerolinea": 40
    }
},
{
    "model": "apaeropuerto.vueloaerolinea",
    "pk": 108,
    "fields": {
        "fecha_operacion": null,
        "estado": "",
        "clase": "E",
        "incidencias": "",
        "vuelo": 28,
        "aerolinea": 37
    }
},
{
    "model": "apaeropuerto.vueloaerolinea",
    "pk": 109,
    "fields": {
        "fecha_operacion": null,
        "estado": "",
        "clase": "E",
        "incidencias": "",
        "vuelo": 28,
        "aerolinea": 27
    }
},
{
    "model": "apaeropuerto.vueloaerolinea",
    "pk": 110,
    "fields": {
        "fecha_operacion": null,
        "estado": "",
        "clase": "E",
        "incidencias": "",
        "vuelo": 29,
        "aerolinea": 21
    }
},
{
    "model": "apaeropuerto.vueloaerolinea",
    "pk": 111,
    "fields": {
        "fecha_operacion": null,
        "estado": "",
        "clase": "E",
        "incidencias": "",
        "vuelo": 29,
        "aerolinea": 37
    }
},
{
    "model": "apaeropuerto.vueloaerolinea",
    "pk": 112,
    "fields": {
        "fecha_operacion": null,
        "estado": "",
        "clase": "E",
        "incidencias": "",
        "vuelo": 29,
        "aerolinea": 31
    }
},
{
    "model": "apaeropuerto.vueloaerolinea",
    "pk": 113,
    "fields": {
        "fecha_operacion": null,
        "estado": "",
        "clase": "E",
        "incidencias": "",
        "vuelo": 30,
        "aerolinea": 25
    }
},
{
    "model": "apaeropuerto.vueloaerolinea",
    "pk": 114,
    "fields": {
        "fecha_operacion": null,
        "estado": "",
        "clase": "E",
        "incidencias": "",
        "vuelo": 31,
        "aerolinea": 34
    }
},
{
    "model": "apaeropuerto.vueloaerolinea",
    "pk": 115,
    "fields": {
        "fecha_operacion": null,
        "estado": "",
        "clase": "E",
        "incidencias": "",
        "vuelo": 31,
        "aerolinea": 29
    }
},
{
    "model": "apaeropuerto.vueloaerolinea",
    "pk": 116,
    "fields": {
        "fecha_operacion": null,
        "estado": "",
        "clase": "E",
        "incidencias": "",
        "vuelo": 31,
        "aerolinea": 37
    }
},
{
    "model": "apaeropuerto.vueloaerolinea",
    "pk": 117,
    "fields": {
        "fecha_operacion": null,
        "estado": "",
        "clase": "E",
        "incidencias": "",
        "vuelo": 32,
        "aerolinea": 37
    }
},
{
    "model": "apaeropuerto.vueloaerolinea",
    "pk": 118,
    "fields": {
        "fecha_operacion": null,
        "estado": "",
        "clase": "E",
        "incidencias": "",
        "vuelo": 33,
        "aerolinea": 33
    }
},
{
    "model": "apaeropuerto.vueloaerolinea",
    "pk": 119,
    "fields": {
        "fecha_operacion": null,
        "estado": "",
        "clase": "E",
        "incidencias": "",
        "vuelo": 33,
        "aerolinea": 39
    }
},
{
    "model": "apaeropuerto.vueloaerolinea",
    "pk": 120,
    "fields": {
        "fecha_operacion": null,
        "estado": "",
        "clase": "E",
        "incidencias": "",
        "vuelo": 33,
        "aerolinea": 25
    }
},
{
    "model": "apaeropuerto.vueloaerolinea",
    "pk": 121,
    "fields": {
        "fecha_operacion": null,
        "estado": "",
        "clase": "E",
        "incidencias": "",
        "vuelo": 34,
        "aerolinea": 28
    }
},
{
    "model": "apaeropuerto.vueloaerolinea",
    "pk": 122,
    "fields": {
        "fecha_operacion": null,
        "estado": "",
        "clase": "E",
        "incidencias": "",
        "vuelo": 34,
        "aerolinea": 37
    }
},
{
    "model": "apaeropuerto.vueloaerolinea",
    "pk": 123,
    "fields": {
        "fecha_operacion": null,
        "estado": "",
        "clase": "E",
        "incidencias": "",
        "vuelo": 34,
        "aerolinea": 33
    }
},
{
    "model": "apaeropuerto.vueloaerolinea",
    "pk": 124,
    "fields": {
        "fecha_operacion": null,
        "estado": "",
        "clase": "E",
        "incidencias": "",
        "vuelo": 34,
        "aerolinea": 25
    }
},
{
    "model": "apaeropuerto.vueloaerolinea",
    "pk": 125,
    "fields": {
        "fecha_operacion": null,
        "estado": "",
        "clase": "E",
        "incidencias": "",
        "vuelo": 34,
        "aerolinea": 40
    }
},
{
    "model": "apaeropuerto.vueloaerolinea",
    "pk": 126,
    "fields": {
        "fecha_operacion": null,
        "estado": "",
        "clase": "E",
        "incidencias": "",
        "vuelo": 35,
        "aerolinea": 32
    }
},
{
    "model": "apaeropuerto.vueloaerolinea",
    "pk": 127,
    "fields": {
        "fecha_operacion": null,
        "estado": "",
        "clase": "E",
        "incidencias": "",
        "vuelo": 35,
        "aerolinea": 28
    }
},
{
    "model": "apaeropuerto.vueloaerolinea",
    "pk": 128,
    "fields": {
        "fecha_operacion": null,
        "estado": "",
        "clase": "E",
        "incidencias": "",
        "vuelo": 35,
        "aerolinea": 37
    }
},
{
    "model": "apaeropuerto.vueloaerolinea",
    "pk": 129,
    "fields": {
        "fecha_operacion": null,
        "estado": "",
        "clase": "E",
        "incidencias": "",
        "vuelo": 35,
        "aerolinea": 34
    }
},
{
    "model": "apaeropuerto.vueloaerolinea",
    "pk": 130,
    "fields": {
        "fecha_operacion": null,
        "estado": "",
        "clase": "E",
        "incidencias": "",
        "vuelo": 35,
        "aerolinea": 26
    }
},
{
    "model": "apaeropuerto.vueloaerolinea",
    "pk": 131,
    "fields": {
        "fecha_operacion": null,
        "estado": "",
        "clase": "E",
        "incidencias": "",
        "vuelo": 36,
        "aerolinea": 21
    }
},
{
    "model": "apaeropuerto.vueloaerolinea",
    "pk": 132,
    "fields": {
        "fecha_operacion": null,
        "estado": "",
        "clase": "E",
        "incidencias": "",
        "vuelo": 37,
        "aerolinea": 27
    }
},
{
    "model": "apaeropuerto.vueloaerolinea",
    "pk": 133,
    "fields": {
        "fecha_operacion": null,
        "estado": "",
        "clase": "E",
        "incidencias": "",
        "vuelo": 38,
        "aerolinea": 40
    }
},
{
    "model": "apaeropuerto.vueloaerolinea",
    "pk": 134,
    "fields": {
        "fecha_operacion": null,
        "estado": "",
        "clase": "E",
        "incidencias": "",
        "vuelo": 38,
        "aerolinea": 38
    }
},
{
    "model": "apaeropuerto.vueloaerolinea",
    "pk": 135,
    "fields": {
        "fecha_operacion": null,
        "estado": "",
        "clase": "E",
        "incidencias": "",
        "vuelo": 39,
        "aerolinea": 25
    }
},
{
    "model": "apaeropuerto.vueloaerolinea",
    "pk": 136,
    "fields": {
        "fecha_operacion": null,
        "estado": "",
        "clase": "E",
        "incidencias": "",
        "vuelo": 40,
        "aerolinea": 30
    }
},
{
    "model": "apaeropuerto.vueloaerolinea",
    "pk": 137,
    "fields": {
        "fecha_operacion": null,
        "estado": "",
        "clase": "E",
        "incidencias": "",
        "vuelo": 40,
        "aerolinea": 31
    }
},
{
    "model": "apaeropuerto.vueloaerolinea",
    "pk": 138,
    "fields": {
        "fecha_operacion": null,
        "estado": "",
        "clase": "E",
        "incidencias": "",
        "vuelo": 40,
        "aerolinea": 35
    }
},
{
    "model": "apaeropuerto.vueloaerolinea",
    "pk": 139,
    "fields": {
        "fecha_operacion": null,
        "estado": "",
        "clase": "E",
        "incidencias": "",
        "vuelo": 40,
        "aerolinea": 38
    }
},
{
    "model": "apaeropuerto.vueloaerolinea",
    "pk": 140,
    "fields": {
        "fecha_operacion": "1985-10-23T23:31:55.879Z",
        "estado": "Well marriage environmental indeed. First former each break.\nConsumer fight trade. Find may about adult require always wear former. Claim resource group possible.",
        "clase": "E",
        "incidencias": "Where human feeling enjoy.\nRecord treat street. Data after shake. Dark population cover offer view.",
        "vuelo": 39,
        "aerolinea": 31
    }
},
{
    "model": "apaeropuerto.vueloaerolinea",
    "pk": 141,
    "fields": {
        "fecha_operacion": "1992-11-03T16:00:08.649Z",
        "estado": "Character them then interest full. Everything kid whether.\nOf interview wait. Page prevent role notice themselves country party gas. Some military current situation billion.",
        "clase": "E",
        "incidencias": "Another mission board huge middle will pattern part. Anyone fund project I song staff.",
        "vuelo": 37,
        "aerolinea": 39
    }
},
{
    "model": "apaeropuerto.vueloaerolinea",
    "pk": 142,
    "fields": {
        "fecha_operacion": "1981-03-07T15:27:18.697Z",
        "estado": "Similar sit lay three others. Series go material card per. Stock there must.\nResource rate where eat side happen feeling. Nearly family listen improve general view.",
        "clase": "E",
        "incidencias": "About above rise boy thought. Southern once final available car. Finally reach life tell far bit.",
        "vuelo": 30,
        "aerolinea": 23
    }
},
{
    "model": "apaeropuerto.vueloaerolinea",
    "pk": 143,
    "fields": {
        "fecha_operacion": "1995-02-20T02:17:46.433Z",
        "estado": "Such someone cut. Defense hand must tax that rate. Never necessary team billion agent write real.\nLead report half hope goal friend final. Statement prevent phone get alone.",
        "clase": "E",
        "incidencias": "Identify particularly edge quite color. Next land trade answer movement open.",
        "vuelo": 29,
        "aerolinea": 34
    }
},
{
    "model": "apaeropuerto.vueloaerolinea",
    "pk": 144,
    "fields": {
        "fecha_operacion": "2011-10-26T09:38:00.604Z",
        "estado": "Almost choose address win phone value factor. Difference stand individual close movie personal oil.\nFund represent how reduce goal simply. Particularly successful finally whether president inside.",
        "clase": "E",
        "incidencias": "No race recent participant owner small. Different war feel present bag under.",
        "vuelo": 27,
        "aerolinea": 30
    }
},
{
    "model": "apaeropuerto.vueloaerolinea",
    "pk": 145,
    "fields": {
        "fecha_operacion": "1981-10-05T18:41:23.581Z",
        "estado": "Safe spring who discussion parent. Whose evidence during indeed mean fast way describe. Beautiful yard case necessary red compare follow know.",
        "clase": "E",
        "incidencias": "Last senior happy rich lead crime. Success occur guy central board. Can use today among data.",
        "vuelo": 28,
        "aerolinea": 22
    }
},
{
    "model": "apaeropuerto.vueloaerolinea",
    "pk": 146,
    "fields": {
        "fecha_operacion": "1998-11-10T09:08:04.378Z",
        "estado": "Church leave character. Western business threat appear. That industry reach.\nCouple same course religious half. Maintain realize front always under. Month final check thank garden keep often.",
        "clase": "E",
        "incidencias": "Economy key sense. Arm later west big.",
        "vuelo": 24,
        "aerolinea": 33
    }
},
{
    "model": "apaeropuerto.vueloaerolinea",
    "pk": 147,
    "fields": {
        "fecha_operacion": "1987-09-02T21:14:21.402Z",
        "estado": "I not oil after send. Half speech pressure bring lot line well source. I full bag establish.\nSmall sometimes simple network case successful.",
        "clase": "E",
        "incidencias": "Seem make executive answer child majority. Simply leg soon happy give.",
        "vuelo": 22,
        "aerolinea": 32
    }
},
{
    "model": "apaeropuerto.vueloaerolinea",
    "pk": 148,
    "fields": {
        "fecha_operacion": "2011-10-19T17:36:51.410Z",
        "estado": "Strategy myself eye other certain career. Eight black table TV open.\nThemselves occur such toward husband bar. Source worry church word south. Wonder free answer be field within.",
        "clase": "E",
        "incidencias": "If safe parent. Participant sound start. Field anything include only page benefit fly help.",
        "vuelo": 29,
        "aerolinea": 33
    }
},
{
    "model": "apaeropuerto.vueloaerolinea",
    "pk": 149,
    "fields": {
        "fecha_operacion": "2022-10-03T05:36:35.524Z",
        "estado": "Dinner hit effect even world become dark. Movement data three pretty. Movie rich goal modern medical young.\nStay school agree every law. Enough finally notice fund none level. Doctor heart edge.",
        "clase": "E",
        "incidencias": "So enjoy gun enough my everyone suddenly. Itself home ground government sense home two yard.",
        "vuelo": 26,
        "aerolinea": 23
    }
},
{
    "model": "apaeropuerto.vueloaerolinea",
    "pk": 150,
    "fields": {
        "fecha_operacion": "2012-08-13T08:13:45.205Z",
        "estado": "Clearly goal record pass level. Soon can parent wide catch.\nTend event film catch forward site. Decision daughter foot. Personal agree simple religious his morning read.",
        "clase": "E",
        "incidencias": "Woman mean change figure. Alone experience read health compare west among how.",
        "vuelo": 33,
        "aerolinea": 33
    }
},
{
    "model": "apaeropuerto.vueloaerolinea",
    "pk": 151,
    "fields": {
        "fecha_operacion": "2002-12-11T16:33:46.063Z",
        "estado": "Student open probably whether true response easy. Eat they story administration reach weight find big.",
        "clase": "E",
        "incidencias": "Open other bar over organization enough. Type figure company president floor.",
        "vuelo": 39,
        "aerolinea": 37
    }
},
{
    "model": "apaeropuerto.vueloaerolinea",
    "pk": 152,
    "fields": {
        "fecha_operacion": "1973-08-28T01:20:17.106Z",
        "estado": "Audience price process here performance improve out. History charge pattern though fund east involve. Prove campaign writer measure many no eye.\nRace across administration cup painting none green.",
        "clase": "E",
        "incidencias": "Grow take feel community ball lay important. Remain natural expect phone down.",
        "vuelo": 38,
        "aerolinea": 25
    }
},
{
    "model": "apaeropuerto.vueloaerolinea",
    "pk": 153,
    "fields": {
        "fecha_operacion": "1982-05-05T07:24:24.956Z",
        "estado": "Quickly real play much doctor program mother hour. Former political fight important job.\nBudget behavior hit recently.",
        "clase": "E",
        "incidencias": "Letter play stand bank. Owner toward happen generation chair help. East ability single rock.",
        "vuelo": 30,
        "aerolinea": 39
    }
},
{
    "model": "apaeropuerto.vueloaerolinea",
    "pk": 154,
    "fields": {
        "fecha_operacion": "2024-06-08T23:31:12.085Z",
        "estado": "Mean baby prevent east unit. This resource long minute popular product. Rock toward create sure yet whom.\nAnother bag seem occur. Involve like protect month pattern without know.",
        "clase": "E",
        "incidencias": "Letter machine movement manage mission. Accept shake analysis significant.",
        "vuelo": 26,
        "aerolinea": 31
    }
},
{
    "model": "apaeropuerto.vueloaerolinea",
    "pk": 155,
    "fields": {
        "fecha_operacion": "1990-08-09T10:30:11.969Z",
        "estado": "Hot artist treat fall could suggest. Statement store bar item for key. Move animal another cost record.\nThird commercial perform control clear prepare. Purpose threat although small make.",
        "clase": "E",
        "incidencias": "Happen natural though sure loss.\nSome series recognize usually budget cell. Paper defense see drug.",
        "vuelo": 27,
        "aerolinea": 33
    }
},
{
    "model": "apaeropuerto.vueloaerolinea",
    "pk": 156,
    "fields": {
        "fecha_operacion": "1989-03-22T05:44:30.243Z",
        "estado": "Above item candidate store over amount tough. Economic last without huge number.",
        "clase": "E",
        "incidencias": "For conference push brother purpose. Try site no firm yet.",
        "vuelo": 35,
        "aerolinea": 22
    }
},
{
    "model": "apaeropuerto.vueloaerolinea",
    "pk": 157,
    "fields": {
        "fecha_operacion": "1971-04-15T05:58:08.453Z",
        "estado": "Most with example similar rock because wish. Figure customer exactly.\nLikely meet determine imagine. Say cup human first lose discussion page.\nNext police president word rule. Eight quite produce.",
        "clase": "E",
        "incidencias": "Common including high blood foot. Floor majority officer fact interest as not.",
        "vuelo": 34,
        "aerolinea": 30
    }
},
{
    "model": "apaeropuerto.vueloaerolinea",
    "pk": 158,
    "fields": {
        "fecha_operacion": "1997-04-27T14:30:30.121Z",
        "estado": "Weight pay perhaps history. Possible modern suddenly focus about. Begin particularly marriage time.",
        "clase": "E",
        "incidencias": "Skill whatever cultural officer.",
        "vuelo": 27,
        "aerolinea": 37
    }
},
{
    "model": "apaeropuerto.vueloaerolinea",
    "pk": 159,
    "fields": {
        "fecha_operacion": "1982-06-07T23:54:17.274Z",
        "estado": "Change real agree indeed investment heart cup. Must word mention bank.\nQuestion season any sound. Happen civil save seek.\nMother rest response cell wind. Together few region those.",
        "clase": "E",
        "incidencias": "Together all nature perhaps. May purpose first family.",
        "vuelo": 39,
        "aerolinea": 22
    }
},
{
    "model": "apaeropuerto.reserva",
    "pk": 1,
    "fields": {
        "fecha_reserva": "2024-11-04T18:12:34.605Z",
        "codigo_descueto": "Rule available support federal whom skill hour. Always trial poor herself physical.",
        "metodo_pago": "tarjeta",
        "estado_de_pago": false,
        "pasajero": 27,
        "vuelo": 39
    }
},
{
    "model": "apaeropuerto.reserva",
    "pk": 2,
    "fields": {
        "fecha_reserva": "2024-11-04T18:12:34.605Z",
        "codigo_descueto": "Best population natural indeed for mind stuff. Music from important guy thousand.",
        "metodo_pago": "tarjeta",
        "estado_de_pago": true,
        "pasajero": 28,
        "vuelo": 31
    }
},
{
    "model": "apaeropuerto.reserva",
    "pk": 3,
    "fields": {
        "fecha_reserva": "2024-11-04T18:12:34.605Z",
        "codigo_descueto": "Property fish vote national issue production force. Forget opportunity girl short discussion old.",
        "metodo_pago": "tarjeta",
        "estado_de_pago": true,
        "pasajero": 21,
        "vuelo": 23
    }
},
{
    "model": "apaeropuerto.reserva",
    "pk": 4,
    "fields": {
        "fecha_reserva": "2024-11-04T18:12:34.605Z",
        "codigo_descueto": "Do sense night father look law. Environmental modern entire dog activity future. Toward time so.",
        "metodo_pago": "tarjeta",
        "estado_de_pago": false,
        "pasajero": 21,
        "vuelo": 37
    }
},
{
    "model": "apaeropuerto.reserva",
    "pk": 5,
    "fields": {
        "fecha_reserva": "2024-11-04T18:12:34.605Z",
        "codigo_descueto": "Marriage wear bank sister north address indicate.",
        "metodo_pago": "tarjeta",
        "estado_de_pago": false,
        "pasajero": 39,
        "vuelo": 29
    }
},
{
    "model": "apaeropuerto.reserva",
    "pk": 6,
    "fields": {
        "fecha_reserva": "2024-11-04T18:12:34.605Z",
        "codigo_descueto": "Property by capital than young. Exist power summer seem sport TV. Radio after drug be recent.",
        "metodo_pago": "tarjeta",
        "estado_de_pago": true,
        "pasajero": 29,
        "vuelo": 23
    }
},
{
    "model": "apaeropuerto.reserva",
    "pk": 7,
    "fields": {
        "fecha_reserva": "2024-11-04T18:12:34.605Z",
        "codigo_descueto": "Big color street leave various current just. Behind industry glass.",
        "metodo_pago": "tarjeta",
        "estado_de_pago": false,
        "pasajero": 38,
        "vuelo": 39
    }
},
{
    "model": "apaeropuerto.reserva",
    "pk": 8,
    "fields": {
        "fecha_reserva": "2024-11-04T18:12:34.605Z",
        "codigo_descueto": "Citizen test total water none experience. Plant often pull since sometimes thought firm.",
        "metodo_pago": "tarjeta",
        "estado_de_pago": true,
        "pasajero": 29,
        "vuelo": 33
    }
},
{
    "model": "apaeropuerto.reserva",
    "pk": 9,
    "fields": {
        "fecha_reserva": "2024-11-04T18:12:34.605Z",
        "codigo_descueto": "Should though voice just account on for. Everybody war how it will.",
        "metodo_pago": "tarjeta",
        "estado_de_pago": true,
        "pasajero": 22,
        "vuelo": 22
    }
},
{
    "model": "apaeropuerto.reserva",
    "pk": 10,
    "fields": {
        "fecha_reserva": "2024-11-04T18:12:34.605Z",
        "codigo_descueto": "Important father practice. Fast tend they too.",
        "metodo_pago": "tarjeta",
        "estado_de_pago": false,
        "pasajero": 40,
        "vuelo": 34
    }
},
{
    "model": "apaeropuerto.reserva",
    "pk": 11,
    "fields": {
        "fecha_reserva": "2024-11-04T18:12:34.605Z",
        "codigo_descueto": "Voice write tonight. Imagine other theory. Daughter imagine really actually.",
        "metodo_pago": "tarjeta",
        "estado_de_pago": true,
        "pasajero": 27,
        "vuelo": 23
    }
},
{
    "model": "apaeropuerto.reserva",
    "pk": 12,
    "fields": {
        "fecha_reserva": "2024-11-04T18:12:34.605Z",
        "codigo_descueto": "Mean take those assume trip seat should. West western pretty box how reach professional.",
        "metodo_pago": "tarjeta",
        "estado_de_pago": false,
        "pasajero": 36,
        "vuelo": 32
    }
},
{
    "model": "apaeropuerto.reserva",
    "pk": 13,
    "fields": {
        "fecha_reserva": "2024-11-04T18:12:34.605Z",
        "codigo_descueto": "Successful law available actually. Though might audience body expect.",
        "metodo_pago": "tarjeta",
        "estado_de_pago": false,
        "pasajero": 24,
        "vuelo": 31
    }
},
{
    "model": "apaeropuerto.reserva",
    "pk": 14,
    "fields": {
        "fecha_reserva": "2024-11-04T18:12:34.605Z",
        "codigo_descueto": "Size debate wait believe through think choose. Community record central always.",
        "metodo_pago": "tarjeta",
        "estado_de_pago": true,
        "pasajero": 29,
        "vuelo": 22
    }
},
{
    "model": "apaeropuerto.reserva",
    "pk": 15,
    "fields": {
        "fecha_reserva": "2024-11-04T18:12:34.605Z",
        "codigo_descueto": "Evidence weight machine. Series themselves personal hard phone. Right table rock decide.",
        "metodo_pago": "tarjeta",
        "estado_de_pago": false,
        "pasajero": 36,
        "vuelo": 34
    }
},
{
    "model": "apaeropuerto.reserva",
    "pk": 16,
    "fields": {
        "fecha_reserva": "2024-11-04T18:12:34.605Z",
        "codigo_descueto": "It finally most bring. Goal something hospital. Final bring should computer activity case.",
        "metodo_pago": "tarjeta",
        "estado_de_pago": false,
        "pasajero": 28,
        "vuelo": 39
    }
},
{
    "model": "apaeropuerto.reserva",
    "pk": 17,
    "fields": {
        "fecha_reserva": "2024-11-04T18:12:34.605Z",
        "codigo_descueto": "Father power down quite partner believe compare.",
        "metodo_pago": "tarjeta",
        "estado_de_pago": true,
        "pasajero": 32,
        "vuelo": 27
    }
},
{
    "model": "apaeropuerto.reserva",
    "pk": 18,
    "fields": {
        "fecha_reserva": "2024-11-04T18:12:34.605Z",
        "codigo_descueto": "Mean speak out edge well they. Parent figure loss position firm shake itself.",
        "metodo_pago": "tarjeta",
        "estado_de_pago": true,
        "pasajero": 24,
        "vuelo": 36
    }
},
{
    "model": "apaeropuerto.reserva",
    "pk": 19,
    "fields": {
        "fecha_reserva": "2024-11-04T18:12:34.605Z",
        "codigo_descueto": "Open mention late computer ready sell easy.",
        "metodo_pago": "tarjeta",
        "estado_de_pago": false,
        "pasajero": 35,
        "vuelo": 22
    }
},
{
    "model": "apaeropuerto.reserva",
    "pk": 20,
    "fields": {
        "fecha_reserva": "2024-11-04T18:12:34.605Z",
        "codigo_descueto": "Important turn plan. Usually boy international many. Everyone student try ago room environment.",
        "metodo_pago": "tarjeta",
        "estado_de_pago": false,
        "pasajero": 39,
        "vuelo": 37
    }
},
{
    "model": "apaeropuerto.asiento",
    "pk": 1,
    "fields": {
        "clase": "E",
        "precio": "0.06",
        "posicion": "M",
        "sistema_entretenimiento": true,
        "vuelo": 5,
        "pasajero": 12
    }
},
{
    "model": "apaeropuerto.asiento",
    "pk": 2,
    "fields": {
        "clase": "E",
        "precio": "0.05",
        "posicion": "V",
        "sistema_entretenimiento": true,
        "vuelo": 10,
        "pasajero": 8
    }
},
{
    "model": "apaeropuerto.asiento",
    "pk": 3,
    "fields": {
        "clase": "E",
        "precio": "0.29",
        "posicion": "V",
        "sistema_entretenimiento": true,
        "vuelo": 7,
        "pasajero": 17
    }
},
{
    "model": "apaeropuerto.asiento",
    "pk": 4,
    "fields": {
        "clase": "E",
        "precio": "0.80",
        "posicion": "V",
        "sistema_entretenimiento": true,
        "vuelo": 19,
        "pasajero": 16
    }
},
{
    "model": "apaeropuerto.asiento",
    "pk": 5,
    "fields": {
        "clase": "E",
        "precio": "0.56",
        "posicion": "P",
        "sistema_entretenimiento": false,
        "vuelo": 19,
        "pasajero": 18
    }
},
{
    "model": "apaeropuerto.asiento",
    "pk": 6,
    "fields": {
        "clase": "E",
        "precio": "0.01",
        "posicion": "M",
        "sistema_entretenimiento": true,
        "vuelo": 7,
        "pasajero": 11
    }
},
{
    "model": "apaeropuerto.asiento",
    "pk": 7,
    "fields": {
        "clase": "E",
        "precio": "0.89",
        "posicion": "P",
        "sistema_entretenimiento": false,
        "vuelo": 19,
        "pasajero": 15
    }
},
{
    "model": "apaeropuerto.asiento",
    "pk": 8,
    "fields": {
        "clase": "E",
        "precio": "0.78",
        "posicion": "V",
        "sistema_entretenimiento": true,
        "vuelo": 8,
        "pasajero": 15
    }
},
{
    "model": "apaeropuerto.asiento",
    "pk": 9,
    "fields": {
        "clase": "E",
        "precio": "0.25",
        "posicion": "M",
        "sistema_entretenimiento": true,
        "vuelo": 5,
        "pasajero": 14
    }
},
{
    "model": "apaeropuerto.asiento",
    "pk": 10,
    "fields": {
        "clase": "E",
        "precio": "0.95",
        "posicion": "M",
        "sistema_entretenimiento": false,
        "vuelo": 1,
        "pasajero": 2
    }
},
{
    "model": "apaeropuerto.asiento",
    "pk": 11,
    "fields": {
        "clase": "E",
        "precio": "0.41",
        "posicion": "P",
        "sistema_entretenimiento": true,
        "vuelo": 15,
        "pasajero": 11
    }
},
{
    "model": "apaeropuerto.asiento",
    "pk": 12,
    "fields": {
        "clase": "E",
        "precio": "0.13",
        "posicion": "P",
        "sistema_entretenimiento": false,
        "vuelo": 20,
        "pasajero": 5
    }
},
{
    "model": "apaeropuerto.asiento",
    "pk": 13,
    "fields": {
        "clase": "E",
        "precio": "0.96",
        "posicion": "V",
        "sistema_entretenimiento": true,
        "vuelo": 11,
        "pasajero": 1
    }
},
{
    "model": "apaeropuerto.asiento",
    "pk": 14,
    "fields": {
        "clase": "E",
        "precio": "0.54",
        "posicion": "P",
        "sistema_entretenimiento": true,
        "vuelo": 17,
        "pasajero": 7
    }
},
{
    "model": "apaeropuerto.asiento",
    "pk": 15,
    "fields": {
        "clase": "E",
        "precio": "0.06",
        "posicion": "M",
        "sistema_entretenimiento": false,
        "vuelo": 11,
        "pasajero": 20
    }
},
{
    "model": "apaeropuerto.asiento",
    "pk": 16,
    "fields": {
        "clase": "E",
        "precio": "0.79",
        "posicion": "M",
        "sistema_entretenimiento": false,
        "vuelo": 17,
        "pasajero": 5
    }
},
{
    "model": "apaeropuerto.asiento",
    "pk": 17,
    "fields": {
        "clase": "E",
        "precio": "0.59",
        "posicion": "V",
        "sistema_entretenimiento": true,
        "vuelo": 9,
        "pasajero": 17
    }
},
{
    "model": "apaeropuerto.asiento",
    "pk": 18,
    "fields": {
        "clase": "E",
        "precio": "0.48",
        "posicion": "V",
        "sistema_entretenimiento": true,
        "vuelo": 8,
        "pasajero": 19
    }
},
{
    "model": "apaeropuerto.asiento",
    "pk": 19,
    "fields": {
        "clase": "E",
        "precio": "0.64",
        "posicion": "M",
        "sistema_entretenimiento": false,
        "vuelo": 7,
        "pasajero": 15
    }
},
{
    "model": "apaeropuerto.asiento",
    "pk": 20,
    "fields": {
        "clase": "E",
        "precio": "0.02",
        "posicion": "M",
        "sistema_entretenimiento": true,
        "vuelo": 11,
        "pasajero": 5
    }
},
{
    "model": "apaeropuerto.asiento",
    "pk": 21,
    "fields": {
        "clase": "E",
        "precio": "0.99",
        "posicion": "M",
        "sistema_entretenimiento": false,
        "vuelo": 37,
        "pasajero": 30
    }
},
{
    "model": "apaeropuerto.asiento",
    "pk": 22,
    "fields": {
        "clase": "E",
        "precio": "0.90",
        "posicion": "V",
        "sistema_entretenimiento": true,
        "vuelo": 33,
        "pasajero": 38
    }
},
{
    "model": "apaeropuerto.asiento",
    "pk": 23,
    "fields": {
        "clase": "E",
        "precio": "0.27",
        "posicion": "V",
        "sistema_entretenimiento": false,
        "vuelo": 40,
        "pasajero": 35
    }
},
{
    "model": "apaeropuerto.asiento",
    "pk": 24,
    "fields": {
        "clase": "E",
        "precio": "0.31",
        "posicion": "M",
        "sistema_entretenimiento": true,
        "vuelo": 23,
        "pasajero": 30
    }
},
{
    "model": "apaeropuerto.asiento",
    "pk": 25,
    "fields": {
        "clase": "E",
        "precio": "0.34",
        "posicion": "P",
        "sistema_entretenimiento": true,
        "vuelo": 35,
        "pasajero": 36
    }
},
{
    "model": "apaeropuerto.asiento",
    "pk": 26,
    "fields": {
        "clase": "E",
        "precio": "0.87",
        "posicion": "V",
        "sistema_entretenimiento": true,
        "vuelo": 21,
        "pasajero": 33
    }
},
{
    "model": "apaeropuerto.asiento",
    "pk": 27,
    "fields": {
        "clase": "E",
        "precio": "0.65",
        "posicion": "M",
        "sistema_entretenimiento": false,
        "vuelo": 36,
        "pasajero": 26
    }
},
{
    "model": "apaeropuerto.asiento",
    "pk": 28,
    "fields": {
        "clase": "E",
        "precio": "0.96",
        "posicion": "M",
        "sistema_entretenimiento": false,
        "vuelo": 21,
        "pasajero": 29
    }
},
{
    "model": "apaeropuerto.asiento",
    "pk": 29,
    "fields": {
        "clase": "E",
        "precio": "0.71",
        "posicion": "V",
        "sistema_entretenimiento": false,
        "vuelo": 28,
        "pasajero": 26
    }
},
{
    "model": "apaeropuerto.asiento",
    "pk": 30,
    "fields": {
        "clase": "E",
        "precio": "0.03",
        "posicion": "V",
        "sistema_entretenimiento": true,
        "vuelo": 24,
        "pasajero": 30
    }
},
{
    "model": "apaeropuerto.asiento",
    "pk": 31,
    "fields": {
        "clase": "E",
        "precio": "0.28",
        "posicion": "V",
        "sistema_entretenimiento": true,
        "vuelo": 34,
        "pasajero": 34
    }
},
{
    "model": "apaeropuerto.asiento",
    "pk": 32,
    "fields": {
        "clase": "E",
        "precio": "0.63",
        "posicion": "M",
        "sistema_entretenimiento": true,
        "vuelo": 24,
        "pasajero": 34
    }
},
{
    "model": "apaeropuerto.asiento",
    "pk": 33,
    "fields": {
        "clase": "E",
        "precio": "0.13",
        "posicion": "V",
        "sistema_entretenimiento": false,
        "vuelo": 38,
        "pasajero": 40
    }
},
{
    "model": "apaeropuerto.asiento",
    "pk": 34,
    "fields": {
        "clase": "E",
        "precio": "0.90",
        "posicion": "P",
        "sistema_entretenimiento": false,
        "vuelo": 33,
        "pasajero": 26
    }
},
{
    "model": "apaeropuerto.asiento",
    "pk": 35,
    "fields": {
        "clase": "E",
        "precio": "0.37",
        "posicion": "P",
        "sistema_entretenimiento": false,
        "vuelo": 28,
        "pasajero": 31
    }
},
{
    "model": "apaeropuerto.asiento",
    "pk": 36,
    "fields": {
        "clase": "E",
        "precio": "0.04",
        "posicion": "M",
        "sistema_entretenimiento": true,
        "vuelo": 31,
        "pasajero": 39
    }
},
{
    "model": "apaeropuerto.asiento",
    "pk": 37,
    "fields": {
        "clase": "E",
        "precio": "0.41",
        "posicion": "P",
        "sistema_entretenimiento": false,
        "vuelo": 31,
        "pasajero": 35
    }
},
{
    "model": "apaeropuerto.asiento",
    "pk": 38,
    "fields": {
        "clase": "E",
        "precio": "0.58",
        "posicion": "V",
        "sistema_entretenimiento": false,
        "vuelo": 32,
        "pasajero": 25
    }
},
{
    "model": "apaeropuerto.asiento",
    "pk": 39,
    "fields": {
        "clase": "E",
        "precio": "0.06",
        "posicion": "V",
        "sistema_entretenimiento": false,
        "vuelo": 21,
        "pasajero": 36
    }
},
{
    "model": "apaeropuerto.asiento",
    "pk": 40,
    "fields": {
        "clase": "E",
        "precio": "0.83",
        "posicion": "V",
        "sistema_entretenimiento": false,
        "vuelo": 30,
        "pasajero": 33
    }
},
{
    "model": "apaeropuerto.servicio",
    "pk": 1,
    "fields": {
        "tipo_servicio": "Hit likely just budget exactly. Since tell over lay sure.",
        "costo": 0.6779597390529012,
        "duracion_servicio": "05:30:04",
        "añadido": "Enter such different. Resource near happy close. Small mind generation spring head.",
        "aeropuerto": [
            17
        ]
    }
},
{
    "model": "apaeropuerto.servicio",
    "pk": 2,
    "fields": {
        "tipo_servicio": "End do soon research simply method hope ready. Necessary believe store subject recently floor how.",
        "costo": 0.4039132861192589,
        "duracion_servicio": "03:47:04",
        "añadido": "Wait new less energy look agency.",
        "aeropuerto": [
            2,
            14
        ]
    }
},
{
    "model": "apaeropuerto.servicio",
    "pk": 3,
    "fields": {
        "tipo_servicio": "Standard to level season hit ground mean. Fact activity special yard.",
        "costo": 0.15805043696659582,
        "duracion_servicio": "23:39:26",
        "añadido": "Pick by quality. Test public technology beyond issue my.",
        "aeropuerto": [
            5,
            15
        ]
    }
},
{
    "model": "apaeropuerto.servicio",
    "pk": 4,
    "fields": {
        "tipo_servicio": "Star we test environment special make. Among about both government pick thousand.",
        "costo": 0.07837079567761251,
        "duracion_servicio": "13:27:54",
        "añadido": "Same move behavior our who security. Environmental dark talk candidate. Bit when nor throw.",
        "aeropuerto": [
            8
        ]
    }
},
{
    "model": "apaeropuerto.servicio",
    "pk": 5,
    "fields": {
        "tipo_servicio": "Address particularly major huge. Project even among long necessary.",
        "costo": 0.4315339760882697,
        "duracion_servicio": "05:51:00",
        "añadido": "Wish statement body miss. Case environment western southern fill realize letter.",
        "aeropuerto": [
            4,
            10
        ]
    }
},
{
    "model": "apaeropuerto.servicio",
    "pk": 6,
    "fields": {
        "tipo_servicio": "Production end similar make success. Seven I bad cup check involve.",
        "costo": 0.5257965663050133,
        "duracion_servicio": "12:15:46",
        "añadido": "Most address region around baby seven father food. Local bag ready message.",
        "aeropuerto": [
            12,
            13,
            16
        ]
    }
},
{
    "model": "apaeropuerto.servicio",
    "pk": 7,
    "fields": {
        "tipo_servicio": "Country fund understand small. This pull protect loss owner understand exist. Few energy hair.",
        "costo": 0.4906958904956753,
        "duracion_servicio": "17:09:38",
        "añadido": "Recognize evening couple agent.\nExperience step she writer. Southern live training mind edge.",
        "aeropuerto": [
            14,
            18
        ]
    }
},
{
    "model": "apaeropuerto.servicio",
    "pk": 8,
    "fields": {
        "tipo_servicio": "Myself even world color treat.",
        "costo": 0.42439001331086,
        "duracion_servicio": "21:40:08",
        "añadido": "Himself quickly clearly well interest education likely. Upon wife likely world them when.",
        "aeropuerto": [
            2,
            14,
            15,
            17
        ]
    }
},
{
    "model": "apaeropuerto.servicio",
    "pk": 9,
    "fields": {
        "tipo_servicio": "Issue item church I know. Service full every themselves degree heavy five standard.",
        "costo": 0.41737854840885846,
        "duracion_servicio": "08:01:39",
        "añadido": "Together rate reflect certain million future. Simple claim party arrive on performance.",
        "aeropuerto": [
            1,
            4,
            6
        ]
    }
},
{
    "model": "apaeropuerto.servicio",
    "pk": 10,
    "fields": {
        "tipo_servicio": "Wear arrive ahead step wind soon. Size front economic onto tax easy pretty.",
        "costo": 0.8262891196816489,
        "duracion_servicio": "05:30:04",
        "añadido": "Ask manager fall entire story then. Trouble bill conference hit American.",
        "aeropuerto": [
            1,
            7,
            12,
            17
        ]
    }
},
{
    "model": "apaeropuerto.servicio",
    "pk": 11,
    "fields": {
        "tipo_servicio": "Participant again back blue.\nSome address night. Voice store team simply. Officer my style.",
        "costo": 0.797377854792129,
        "duracion_servicio": "17:50:42",
        "añadido": "Particular more talk along education.",
        "aeropuerto": [
            4,
            11
        ]
    }
},
{
    "model": "apaeropuerto.servicio",
    "pk": 12,
    "fields": {
        "tipo_servicio": "Including audience perform on. Song between within show. Everyone happen pattern rule thing.",
        "costo": 0.30450585329786617,
        "duracion_servicio": "11:57:38",
        "añadido": "List garden card close nice these.",
        "aeropuerto": [
            2,
            17
        ]
    }
},
{
    "model": "apaeropuerto.servicio",
    "pk": 13,
    "fields": {
        "tipo_servicio": "Part treatment read door item traditional sister. Size between indicate parent.",
        "costo": 0.7291194310976429,
        "duracion_servicio": "07:23:09",
        "añadido": "Professor travel could. It visit at group key sing key.",
        "aeropuerto": [
            7,
            11,
            12
        ]
    }
},
{
    "model": "apaeropuerto.servicio",
    "pk": 14,
    "fields": {
        "tipo_servicio": "Word her member outside their. Agent against I.\nDetail foot PM rest political. Level tree arrive.",
        "costo": 0.5889743192335062,
        "duracion_servicio": "16:05:05",
        "añadido": "Far agree yet able paper month create. Choice TV start through cut view try.",
        "aeropuerto": [
            6
        ]
    }
},
{
    "model": "apaeropuerto.servicio",
    "pk": 15,
    "fields": {
        "tipo_servicio": "While certainly production often air chance tax. Push information perhaps couple fall east dark.",
        "costo": 0.4412104180019296,
        "duracion_servicio": "18:46:23",
        "añadido": "Above build since. Strategy buy after create use others.",
        "aeropuerto": [
            2,
            13,
            19
        ]
    }
},
{
    "model": "apaeropuerto.servicio",
    "pk": 16,
    "fields": {
        "tipo_servicio": "Somebody seek place. Behind local performance word.",
        "costo": 0.6794097419745357,
        "duracion_servicio": "23:36:24",
        "añadido": "Be them not. Clearly add born meet present hear its.",
        "aeropuerto": [
            7,
            16
        ]
    }
},
{
    "model": "apaeropuerto.servicio",
    "pk": 17,
    "fields": {
        "tipo_servicio": "Movie while watch myself not discussion model. Your defense entire expect media after cultural.",
        "costo": 0.09847382436579322,
        "duracion_servicio": "12:38:39",
        "añadido": "Teacher score knowledge learn might trouble example. Certainly factor citizen marriage.",
        "aeropuerto": [
            2,
            5,
            12,
            18
        ]
    }
},
{
    "model": "apaeropuerto.servicio",
    "pk": 18,
    "fields": {
        "tipo_servicio": "Movie never type. Kind way former. Than develop nothing least one.",
        "costo": 0.5031994333288419,
        "duracion_servicio": "02:37:37",
        "añadido": "Argue community stand. Find east appear home citizen school contain throughout.",
        "aeropuerto": [
            1,
            3
        ]
    }
},
{
    "model": "apaeropuerto.servicio",
    "pk": 19,
    "fields": {
        "tipo_servicio": "Off partner person million. Blue site while. Lot computer important.",
        "costo": 0.37023914314980444,
        "duracion_servicio": "20:40:10",
        "añadido": "Break challenge difference other commercial ever agency. Tv already risk.",
        "aeropuerto": [
            3
        ]
    }
},
{
    "model": "apaeropuerto.servicio",
    "pk": 20,
    "fields": {
        "tipo_servicio": "Far base must too. Various which team teacher management should analysis.",
        "costo": 0.47573534824171737,
        "duracion_servicio": "16:21:06",
        "añadido": "Everyone home conference notice detail approach.",
        "aeropuerto": [
            15,
            18
        ]
    }
},
{
    "model": "apaeropuerto.servicio",
    "pk": 21,
    "fields": {
        "tipo_servicio": "Any person letter bed responsibility. Wife later deep place before gun ahead later.",
        "costo": 0.9622713830047208,
        "duracion_servicio": "20:15:28",
        "añadido": "Once doctor agent. Gas fill partner half really evening reduce. First imagine law.",
        "aeropuerto": [
            23,
            25,
            32,
            40
        ]
    }
},
{
    "model": "apaeropuerto.servicio",
    "pk": 22,
    "fields": {
        "tipo_servicio": "Available image not mouth. Take still listen help should executive do. Law debate his any.",
        "costo": 0.4389618131231865,
        "duracion_servicio": "10:40:36",
        "añadido": "Manage middle single. Up manage measure rest.\nPaper read tell continue compare source position.",
        "aeropuerto": [
            24,
            37
        ]
    }
},
{
    "model": "apaeropuerto.servicio",
    "pk": 23,
    "fields": {
        "tipo_servicio": "During partner value. Produce guy it offer. Soon two stand there.",
        "costo": 0.7308734459446716,
        "duracion_servicio": "17:33:49",
        "añadido": "About sell whom. And amount position strong per success ability.",
        "aeropuerto": [
            28
        ]
    }
},
{
    "model": "apaeropuerto.servicio",
    "pk": 24,
    "fields": {
        "tipo_servicio": "Support order feel like nature project later.",
        "costo": 0.47869325820048725,
        "duracion_servicio": "02:43:30",
        "añadido": "Baby in laugh food. Pm skin house throw later year organization method.",
        "aeropuerto": [
            21,
            29,
            33,
            35
        ]
    }
},
{
    "model": "apaeropuerto.servicio",
    "pk": 25,
    "fields": {
        "tipo_servicio": "Debate page else onto listen require. Push sea growth through project.",
        "costo": 0.6317415869967092,
        "duracion_servicio": "08:23:24",
        "añadido": "Off how rest though this. No coach dream fear.",
        "aeropuerto": [
            24,
            32,
            40
        ]
    }
},
{
    "model": "apaeropuerto.servicio",
    "pk": 26,
    "fields": {
        "tipo_servicio": "Place threat newspaper one property. Senior reduce standard nature itself study onto.",
        "costo": 0.38475675329950987,
        "duracion_servicio": "17:48:05",
        "añadido": "Type lead draw herself. Quickly meet reality region through imagine.",
        "aeropuerto": [
            31
        ]
    }
},
{
    "model": "apaeropuerto.servicio",
    "pk": 27,
    "fields": {
        "tipo_servicio": "End step level peace see money. Act offer girl course staff include idea.",
        "costo": 0.26522402211846796,
        "duracion_servicio": "22:59:28",
        "añadido": "Event practice school national cost light. Point young knowledge order professor treatment.",
        "aeropuerto": [
            21,
            25,
            27,
            30,
            38
        ]
    }
},
{
    "model": "apaeropuerto.servicio",
    "pk": 28,
    "fields": {
        "tipo_servicio": "Pass door five small. Institution field threat four consumer up.",
        "costo": 0.052510565421108546,
        "duracion_servicio": "19:13:57",
        "añadido": "Wide current line finish. Rate air measure tend.\nNews us draw however study cost include suffer.",
        "aeropuerto": [
            24,
            29,
            32,
            36
        ]
    }
},
{
    "model": "apaeropuerto.servicio",
    "pk": 29,
    "fields": {
        "tipo_servicio": "Major soon half yet threat knowledge side detail. Eat yeah speak.",
        "costo": 0.39504277474933525,
        "duracion_servicio": "03:28:21",
        "añadido": "World relate act read well information. Point student religious space anything knowledge garden.",
        "aeropuerto": [
            33,
            36
        ]
    }
},
{
    "model": "apaeropuerto.servicio",
    "pk": 30,
    "fields": {
        "tipo_servicio": "Wall note gas maybe just lawyer stand. Create long tell town.",
        "costo": 0.23401237188066026,
        "duracion_servicio": "23:37:26",
        "añadido": "Blood benefit appear care song. Off teacher see indicate citizen task. Mrs billion dream fear line.",
        "aeropuerto": [
            24,
            27,
            28,
            29,
            31
        ]
    }
},
{
    "model": "apaeropuerto.servicio",
    "pk": 31,
    "fields": {
        "tipo_servicio": "Not order strong fish including. Decide buy raise throw also baby happy effort.",
        "costo": 0.5378848286863175,
        "duracion_servicio": "07:01:53",
        "añadido": "Guy parent sister reflect method road or. Rock put anything.",
        "aeropuerto": [
            35,
            40
        ]
    }
},
{
    "model": "apaeropuerto.servicio",
    "pk": 32,
    "fields": {
        "tipo_servicio": "Oil fear fire value. Ability kind store movement smile degree manager.",
        "costo": 0.6957105716891867,
        "duracion_servicio": "21:38:48",
        "añadido": "Painting none affect pass their. Fine realize them trade impact player draw.",
        "aeropuerto": [
            24,
            28,
            29,
            31,
            35
        ]
    }
},
{
    "model": "apaeropuerto.servicio",
    "pk": 33,
    "fields": {
        "tipo_servicio": "With who to clear history become. Look low save many main. Young free firm perhaps several phone.",
        "costo": 0.5032909759680061,
        "duracion_servicio": "10:19:14",
        "añadido": "Gun enough letter none few set choice level. Book follow assume item.",
        "aeropuerto": [
            30,
            35
        ]
    }
},
{
    "model": "apaeropuerto.servicio",
    "pk": 34,
    "fields": {
        "tipo_servicio": "Boy build student read. Writer should almost and rock few reach.\nHold side wall.",
        "costo": 0.29432022961662685,
        "duracion_servicio": "03:20:23",
        "añadido": "Off marriage enough identify would.",
        "aeropuerto": [
            37
        ]
    }
},
{
    "model": "apaeropuerto.servicio",
    "pk": 35,
    "fields": {
        "tipo_servicio": "It high Republican point may even. More local term subject.",
        "costo": 0.7635124662819786,
        "duracion_servicio": "16:10:20",
        "añadido": "Party weight appear week his design water interest. Since whose relate myself college.",
        "aeropuerto": [
            23,
            24,
            27,
            33
        ]
    }
},
{
    "model": "apaeropuerto.servicio",
    "pk": 36,
    "fields": {
        "tipo_servicio": "Turn in citizen federal lose ten. Religious against mean enter. As box morning or notice.",
        "costo": 0.08112193896812991,
        "duracion_servicio": "20:31:25",
        "añadido": "Cell although happen always idea. Design fish economic ok factor sign reach.",
        "aeropuerto": [
            32
        ]
    }
},
{
    "model": "apaeropuerto.servicio",
    "pk": 37,
    "fields": {
        "tipo_servicio": "Song because at. Wait reflect buy executive evidence.",
        "costo": 0.6808745314687731,
        "duracion_servicio": "13:12:09",
        "añadido": "Bag through machine entire. Majority different thus send.",
        "aeropuerto": [
            21,
            23,
            32,
            35
        ]
    }
},
{
    "model": "apaeropuerto.servicio",
    "pk": 38,
    "fields": {
        "tipo_servicio": "Peace reveal pattern together family. Fine approach rich practice.",
        "costo": 0.5113592048447512,
        "duracion_servicio": "18:18:33",
        "añadido": "Minute project behind. Strong me what option feel team.",
        "aeropuerto": [
            32
        ]
    }
},
{
    "model": "apaeropuerto.servicio",
    "pk": 39,
    "fields": {
        "tipo_servicio": "Story only relationship decision record. Window movement while arrive cut building local.",
        "costo": 0.7547918525652999,
        "duracion_servicio": "03:35:03",
        "añadido": "Five especially imagine fast must. Face above weight rather.",
        "aeropuerto": [
            34,
            37,
            39
        ]
    }
},
{
    "model": "apaeropuerto.servicio",
    "pk": 40,
    "fields": {
        "tipo_servicio": "North rather only black behind various police many. Bring your down put culture drug.",
        "costo": 0.19624818001825073,
        "duracion_servicio": "11:10:20",
        "añadido": "Create office road huge. Not economic end six discover themselves radio. Opportunity in trial.",
        "aeropuerto": [
            23,
            26,
            27
        ]
    }
},
{
    "model": "apaeropuerto.empleado",
    "pk": 1,
    "fields": {
        "nombre": "Bar design decision animal which. Past make age present my tough attack.",
        "apellido": "Over who plant account. Lawyer pull amount cover end himself.",
        "cargo": "EM",
        "fecha_contratacion": "2019-02-04",
        "servicio": 3
    }
},
{
    "model": "apaeropuerto.empleado",
    "pk": 2,
    "fields": {
        "nombre": "Subject color people his simply fact factor. Safe wait create she few above.",
        "apellido": "Allow measure recognize. Of compare simple professional school military be feeling.",
        "cargo": "EM",
        "fecha_contratacion": "1985-03-30",
        "servicio": 17
    }
},
{
    "model": "apaeropuerto.empleado",
    "pk": 3,
    "fields": {
        "nombre": "Research almost PM part purpose moment. Age very adult letter production great.",
        "apellido": "Go among for down old thousand. Seem their without else.",
        "cargo": "EM",
        "fecha_contratacion": "2007-04-07",
        "servicio": 15
    }
},
{
    "model": "apaeropuerto.empleado",
    "pk": 4,
    "fields": {
        "nombre": "Assume cup together color rate. True her day exist. Business final human suggest sit peace market.",
        "apellido": "Activity American recent exist. Find employee reflect exactly.",
        "cargo": "EM",
        "fecha_contratacion": "2011-09-22",
        "servicio": 14
    }
},
{
    "model": "apaeropuerto.empleado",
    "pk": 5,
    "fields": {
        "nombre": "Cultural tough production notice. Fire soldier treat commercial eye animal language.",
        "apellido": "Democratic arrive possible child collection follow. Himself economic beyond southern opportunity.",
        "cargo": "EM",
        "fecha_contratacion": "1974-07-04",
        "servicio": 20
    }
},
{
    "model": "apaeropuerto.empleado",
    "pk": 6,
    "fields": {
        "nombre": "Deal for score start fly manager argue. Together goal either him even site.",
        "apellido": "Local white talk suffer. Such sense laugh person institution.",
        "cargo": "EM",
        "fecha_contratacion": "2020-04-06",
        "servicio": 3
    }
},
{
    "model": "apaeropuerto.empleado",
    "pk": 7,
    "fields": {
        "nombre": "Study main center window stay. Buy growth right type.",
        "apellido": "Specific better must early himself network consumer less. Suddenly seat page evening.",
        "cargo": "EM",
        "fecha_contratacion": "2008-01-13",
        "servicio": 3
    }
},
{
    "model": "apaeropuerto.empleado",
    "pk": 8,
    "fields": {
        "nombre": "Away past another your hair next. Remain bit with door area institution.",
        "apellido": "Billion court information score. Forward certainly democratic war woman manage magazine look.",
        "cargo": "EM",
        "fecha_contratacion": "1992-05-10",
        "servicio": 7
    }
},
{
    "model": "apaeropuerto.empleado",
    "pk": 9,
    "fields": {
        "nombre": "Office little everybody spend side inside. Upon yes concern coach if.",
        "apellido": "Their security accept law who. Give my turn senior. It such near happy.",
        "cargo": "EM",
        "fecha_contratacion": "2019-08-24",
        "servicio": 7
    }
},
{
    "model": "apaeropuerto.empleado",
    "pk": 10,
    "fields": {
        "nombre": "Small deep expect glass born white. Challenge offer sell while miss.",
        "apellido": "Fast four idea easy. Figure author area a president.",
        "cargo": "EM",
        "fecha_contratacion": "1999-12-09",
        "servicio": 19
    }
},
{
    "model": "apaeropuerto.empleado",
    "pk": 11,
    "fields": {
        "nombre": "Hear this power run everybody. Hour particularly under dinner inside everyone.",
        "apellido": "Well it last assume. Board up recently.",
        "cargo": "EM",
        "fecha_contratacion": "1983-11-26",
        "servicio": 5
    }
},
{
    "model": "apaeropuerto.empleado",
    "pk": 12,
    "fields": {
        "nombre": "Share look enough size position house. Start include attorney.",
        "apellido": "Order little school song party. After push sign everybody read level her.",
        "cargo": "EM",
        "fecha_contratacion": "2009-04-20",
        "servicio": 12
    }
},
{
    "model": "apaeropuerto.empleado",
    "pk": 13,
    "fields": {
        "nombre": "Finally most our near. Science area teach Mr. Your develop mission court establish.",
        "apellido": "Avoid skill rest travel evening direction plan. Travel street process than shake space town.",
        "cargo": "EM",
        "fecha_contratacion": "2018-11-30",
        "servicio": 10
    }
},
{
    "model": "apaeropuerto.empleado",
    "pk": 14,
    "fields": {
        "nombre": "Miss involve throw necessary look about new. Keep ready tax once show including former.",
        "apellido": "Speak employee everything pay people. Evening house stuff rock girl modern campaign.",
        "cargo": "EM",
        "fecha_contratacion": "2005-03-13",
        "servicio": 15
    }
},
{
    "model": "apaeropuerto.empleado",
    "pk": 15,
    "fields": {
        "nombre": "Similar decision national.",
        "apellido": "Newspaper wear get sure note. Financial way citizen.",
        "cargo": "EM",
        "fecha_contratacion": "2016-08-23",
        "servicio": 13
    }
},
{
    "model": "apaeropuerto.empleado",
    "pk": 16,
    "fields": {
        "nombre": "Tree benefit art. Body right seat gas movie mission paper.",
        "apellido": "Claim certainly factor none watch help. Before conference admit five.",
        "cargo": "EM",
        "fecha_contratacion": "1971-05-15",
        "servicio": 11
    }
},
{
    "model": "apaeropuerto.empleado",
    "pk": 17,
    "fields": {
        "nombre": "Share view positive race owner include seem.",
        "apellido": "Various reality away either very.\nTen economic card. Also example cold better condition.",
        "cargo": "EM",
        "fecha_contratacion": "1989-05-20",
        "servicio": 3
    }
},
{
    "model": "apaeropuerto.empleado",
    "pk": 18,
    "fields": {
        "nombre": "Major economy them effort model share politics. Attack force all you the wide story.",
        "apellido": "Raise skin this very sea maybe wonder animal. Seek what return.",
        "cargo": "EM",
        "fecha_contratacion": "2019-02-08",
        "servicio": 10
    }
},
{
    "model": "apaeropuerto.empleado",
    "pk": 19,
    "fields": {
        "nombre": "Base fall product shoulder my her just. Sell deep owner act often admit.",
        "apellido": "Agency view travel would yet. Run fire it activity strong.",
        "cargo": "EM",
        "fecha_contratacion": "1982-12-25",
        "servicio": 9
    }
},
{
    "model": "apaeropuerto.empleado",
    "pk": 20,
    "fields": {
        "nombre": "Property need heart term family know most. Prevent watch general skin pay.",
        "apellido": "Whose big data represent option wish live certainly. Age technology financial industry art.",
        "cargo": "EM",
        "fecha_contratacion": "1995-12-27",
        "servicio": 3
    }
},
{
    "model": "apaeropuerto.empleado",
    "pk": 21,
    "fields": {
        "nombre": "Government traditional think east list. It one begin would anything.",
        "apellido": "Physical police help happy but open. House learn term season learn. Discussion movement carry win.",
        "cargo": "EM",
        "fecha_contratacion": "2023-09-02",
        "servicio": 22
    }
},
{
    "model": "apaeropuerto.empleado",
    "pk": 22,
    "fields": {
        "nombre": "Improve speech assume minute start. Suddenly offer ever new your. Car long make line tough kind.",
        "apellido": "Book lay table number TV everybody yard. Boy yet everything wait crime heart.",
        "cargo": "EM",
        "fecha_contratacion": "1998-02-17",
        "servicio": 38
    }
},
{
    "model": "apaeropuerto.empleado",
    "pk": 23,
    "fields": {
        "nombre": "Board class weight. Still lawyer water Mrs cover energy. Chance size in.",
        "apellido": "These son table again move guess job. Write peace early trial plan.",
        "cargo": "EM",
        "fecha_contratacion": "1977-10-03",
        "servicio": 34
    }
},
{
    "model": "apaeropuerto.empleado",
    "pk": 24,
    "fields": {
        "nombre": "Color store name science enter. Kitchen hour painting other rich check authority federal.",
        "apellido": "Quickly subject debate reality news lawyer door approach. Race protect my order itself call seat.",
        "cargo": "EM",
        "fecha_contratacion": "2002-11-21",
        "servicio": 29
    }
},
{
    "model": "apaeropuerto.empleado",
    "pk": 25,
    "fields": {
        "nombre": "Like system tough sing everybody least prevent. Talk recognize Mrs five low reason.",
        "apellido": "Need build lot forget art decision quite. Specific sister American quality other risk every.",
        "cargo": "EM",
        "fecha_contratacion": "1971-07-31",
        "servicio": 24
    }
},
{
    "model": "apaeropuerto.empleado",
    "pk": 26,
    "fields": {
        "nombre": "Your art card thousand and. Across difference everything all. Piece before lead book fast ask.",
        "apellido": "Sport hear feel become but open. None own occur interview myself bring traditional such.",
        "cargo": "EM",
        "fecha_contratacion": "1988-10-30",
        "servicio": 34
    }
},
{
    "model": "apaeropuerto.empleado",
    "pk": 27,
    "fields": {
        "nombre": "Hand agreement it author and. They upon act among direction. Away pass management your adult.",
        "apellido": "Politics month individual interesting physical brother. Seat oil throw myself like face.",
        "cargo": "EM",
        "fecha_contratacion": "2023-02-01",
        "servicio": 31
    }
},
{
    "model": "apaeropuerto.empleado",
    "pk": 28,
    "fields": {
        "nombre": "Base foreign their say. Blood which health at seven set have.",
        "apellido": "Seek hand writer maintain hour. Will style fund media.",
        "cargo": "EM",
        "fecha_contratacion": "2007-01-03",
        "servicio": 39
    }
},
{
    "model": "apaeropuerto.empleado",
    "pk": 29,
    "fields": {
        "nombre": "Top push participant. Face identify quality list. Cultural pick may democratic far.",
        "apellido": "Dog member lead. Usually during suggest. Physical control expect myself however enjoy group.",
        "cargo": "EM",
        "fecha_contratacion": "2015-08-27",
        "servicio": 35
    }
},
{
    "model": "apaeropuerto.empleado",
    "pk": 30,
    "fields": {
        "nombre": "Media put statement history. Arrive brother sense seek spend. Right attorney teach level.",
        "apellido": "Stop simple arm road school. Price yeah last. Paper finally produce us firm.",
        "cargo": "EM",
        "fecha_contratacion": "2004-07-30",
        "servicio": 39
    }
},
{
    "model": "apaeropuerto.empleado",
    "pk": 31,
    "fields": {
        "nombre": "Response with few issue resource ask student. Suggest senior edge left.",
        "apellido": "Itself these big election. Best strategy significant at late. Someone write image direction.",
        "cargo": "EM",
        "fecha_contratacion": "1976-02-18",
        "servicio": 35
    }
},
{
    "model": "apaeropuerto.empleado",
    "pk": 32,
    "fields": {
        "nombre": "Its weight majority. Government measure place because however east. Young describe certainly.",
        "apellido": "Draw pay what. Shake represent policy about never around.",
        "cargo": "EM",
        "fecha_contratacion": "2002-05-03",
        "servicio": 35
    }
},
{
    "model": "apaeropuerto.empleado",
    "pk": 33,
    "fields": {
        "nombre": "Law agree sense just these. Past author responsibility management follow. Happy under kind though.",
        "apellido": "Event bag kid statement.",
        "cargo": "EM",
        "fecha_contratacion": "2011-08-04",
        "servicio": 23
    }
},
{
    "model": "apaeropuerto.empleado",
    "pk": 34,
    "fields": {
        "nombre": "Activity force allow billion agent wonder office. Citizen process opportunity.",
        "apellido": "Former indicate rather century. Better be hotel join management best.",
        "cargo": "EM",
        "fecha_contratacion": "1975-03-17",
        "servicio": 37
    }
},
{
    "model": "apaeropuerto.empleado",
    "pk": 35,
    "fields": {
        "nombre": "Avoid fine agreement ball fill. Back bed according form investment generation.",
        "apellido": "Both option whose boy suddenly hot threat. Deep opportunity anything red why.",
        "cargo": "EM",
        "fecha_contratacion": "1977-01-08",
        "servicio": 36
    }
},
{
    "model": "apaeropuerto.empleado",
    "pk": 36,
    "fields": {
        "nombre": "Approach respond price born. Listen in together.",
        "apellido": "Training ten pressure at blood site ago. School food resource. Newspaper Mrs each audience wife.",
        "cargo": "EM",
        "fecha_contratacion": "1978-07-17",
        "servicio": 34
    }
},
{
    "model": "apaeropuerto.empleado",
    "pk": 37,
    "fields": {
        "nombre": "Every interest professor form agree financial. Today recently mind product true idea.",
        "apellido": "Customer car behavior wait. Benefit reality price foreign fear turn feeling.",
        "cargo": "EM",
        "fecha_contratacion": "1997-11-14",
        "servicio": 39
    }
},
{
    "model": "apaeropuerto.empleado",
    "pk": 38,
    "fields": {
        "nombre": "Away station practice receive sister choose. Lawyer wind force. Wrong anyone level effect beyond.",
        "apellido": "Move admit alone close material. Lay community large measure require.",
        "cargo": "EM",
        "fecha_contratacion": "2006-05-02",
        "servicio": 35
    }
},
{
    "model": "apaeropuerto.empleado",
    "pk": 39,
    "fields": {
        "nombre": "Congress up avoid because these which perhaps attack.",
        "apellido": "According memory stop determine able reduce interesting.",
        "cargo": "EM",
        "fecha_contratacion": "1995-10-25",
        "servicio": 29
    }
},
{
    "model": "apaeropuerto.empleado",
    "pk": 40,
    "fields": {
        "nombre": "Sign will argue compare campaign always. Drop guess me billion prevent hair.",
        "apellido": "For top network prepare. Five him source people knowledge. Responsibility sign ability.",
        "cargo": "EM",
        "fecha_contratacion": "2018-07-08",
        "servicio": 28
    }
},
{
    "model": "apaeropuerto.votacion",
    "pk": 1,
    "fields": {
        "puntuacion": -26530,
        "comentario": "Fly explain natural wrong. Meet agree these management before deal.",
        "fecha_voto": "2024-11-04T18:12:34.605Z",
        "pasajero": 40,
        "aeropuerto": 27
    }
},
{
    "model": "apaeropuerto.votacion",
    "pk": 2,
    "fields": {
        "puntuacion": -12669,
        "comentario": "Maybe account off. Whom turn bank. Prove impact discover man father place believe.",
        "fecha_voto": "2024-11-04T18:12:34.605Z",
        "pasajero": 30,
        "aeropuerto": 25
    }
},
{
    "model": "apaeropuerto.votacion",
    "pk": 3,
    "fields": {
        "puntuacion": -3283,
        "comentario": "Special big treat. Those have whatever fear. Any tonight occur child this huge sure.",
        "fecha_voto": "2024-11-04T18:12:34.605Z",
        "pasajero": 40,
        "aeropuerto": 29
    }
},
{
    "model": "apaeropuerto.votacion",
    "pk": 4,
    "fields": {
        "puntuacion": -11959,
        "comentario": "Remember different than value. Especially finish smile story.",
        "fecha_voto": "2024-11-04T18:12:34.605Z",
        "pasajero": 21,
        "aeropuerto": 26
    }
},
{
    "model": "apaeropuerto.votacion",
    "pk": 5,
    "fields": {
        "puntuacion": 4269,
        "comentario": "Lay million picture.",
        "fecha_voto": "2024-11-04T18:12:34.605Z",
        "pasajero": 32,
        "aeropuerto": 23
    }
},
{
    "model": "apaeropuerto.votacion",
    "pk": 6,
    "fields": {
        "puntuacion": -27307,
        "comentario": "Someone might cup discussion week allow.",
        "fecha_voto": "2024-11-04T18:12:34.605Z",
        "pasajero": 23,
        "aeropuerto": 23
    }
},
{
    "model": "apaeropuerto.votacion",
    "pk": 7,
    "fields": {
        "puntuacion": -25214,
        "comentario": "What technology though leader meeting understand. Address until into point give loss before.",
        "fecha_voto": "2024-11-04T18:12:34.605Z",
        "pasajero": 39,
        "aeropuerto": 30
    }
},
{
    "model": "apaeropuerto.votacion",
    "pk": 8,
    "fields": {
        "puntuacion": -343,
        "comentario": "Economic stay attention. Value him court again room.",
        "fecha_voto": "2024-11-04T18:12:34.605Z",
        "pasajero": 33,
        "aeropuerto": 23
    }
},
{
    "model": "apaeropuerto.votacion",
    "pk": 9,
    "fields": {
        "puntuacion": -25237,
        "comentario": "Range happy event use. Child range politics dinner ahead training. If meeting enjoy.",
        "fecha_voto": "2024-11-04T18:12:34.605Z",
        "pasajero": 27,
        "aeropuerto": 25
    }
},
{
    "model": "apaeropuerto.votacion",
    "pk": 10,
    "fields": {
        "puntuacion": -31033,
        "comentario": "Member environment another.",
        "fecha_voto": "2024-11-04T18:12:34.605Z",
        "pasajero": 23,
        "aeropuerto": 28
    }
},
{
    "model": "apaeropuerto.votacion",
    "pk": 11,
    "fields": {
        "puntuacion": -18341,
        "comentario": "Away writer sing happy term TV.",
        "fecha_voto": "2024-11-04T18:12:34.605Z",
        "pasajero": 29,
        "aeropuerto": 28
    }
},
{
    "model": "apaeropuerto.votacion",
    "pk": 12,
    "fields": {
        "puntuacion": -25414,
        "comentario": "Girl look night dream wall concern.",
        "fecha_voto": "2024-11-04T18:12:34.605Z",
        "pasajero": 27,
        "aeropuerto": 31
    }
},
{
    "model": "apaeropuerto.votacion",
    "pk": 13,
    "fields": {
        "puntuacion": 25740,
        "comentario": "Risk help campaign later network. Deal next network suggest rise. Almost political manager miss.",
        "fecha_voto": "2024-11-04T18:12:34.605Z",
        "pasajero": 36,
        "aeropuerto": 33
    }
},
{
    "model": "apaeropuerto.votacion",
    "pk": 14,
    "fields": {
        "puntuacion": 10388,
        "comentario": "Home that campaign future keep other condition. Chair yet put doctor kid article.",
        "fecha_voto": "2024-11-04T18:12:34.605Z",
        "pasajero": 37,
        "aeropuerto": 37
    }
},
{
    "model": "apaeropuerto.votacion",
    "pk": 15,
    "fields": {
        "puntuacion": 10905,
        "comentario": "Feeling charge mother ball. Every green ok option.",
        "fecha_voto": "2024-11-04T18:12:34.605Z",
        "pasajero": 40,
        "aeropuerto": 31
    }
},
{
    "model": "apaeropuerto.votacion",
    "pk": 16,
    "fields": {
        "puntuacion": -7923,
        "comentario": "Word including cause relate last. Whose these large entire ground.",
        "fecha_voto": "2024-11-04T18:12:34.605Z",
        "pasajero": 22,
        "aeropuerto": 37
    }
},
{
    "model": "apaeropuerto.votacion",
    "pk": 17,
    "fields": {
        "puntuacion": -8313,
        "comentario": "Too animal decision decide we nice. Course charge send few enter source source.",
        "fecha_voto": "2024-11-04T18:12:34.605Z",
        "pasajero": 24,
        "aeropuerto": 31
    }
},
{
    "model": "apaeropuerto.votacion",
    "pk": 18,
    "fields": {
        "puntuacion": -12203,
        "comentario": "Fly group center set treat eat collection head. Loss great management wall.",
        "fecha_voto": "2024-11-04T18:12:34.605Z",
        "pasajero": 28,
        "aeropuerto": 24
    }
},
{
    "model": "apaeropuerto.votacion",
    "pk": 19,
    "fields": {
        "puntuacion": 22244,
        "comentario": "Institution government space work ok she. Grow good relate fly rather live.",
        "fecha_voto": "2024-11-04T18:12:34.605Z",
        "pasajero": 38,
        "aeropuerto": 38
    }
},
{
    "model": "apaeropuerto.votacion",
    "pk": 20,
    "fields": {
        "puntuacion": -12751,
        "comentario": "Coach soon account real.",
        "fecha_voto": "2024-11-04T18:12:34.605Z",
        "pasajero": 32,
        "aeropuerto": 22
    }
},
{
    "model": "apaeropuerto.votacion",
    "pk": 21,
    "fields": {
        "puntuacion": 5,
        "comentario": "pepe",
        "fecha_voto": "2024-11-04T18:15:45Z",
        "pasajero": 1,
        "aeropuerto": 1
    }
},
{
    "model": "apaeropuerto.votacion",
    "pk": 22,
    "fields": {
        "puntuacion": 66,
        "comentario": "juan",
        "fecha_voto": "2024-11-04T18:16:03Z",
        "pasajero": 6,
        "aeropuerto": 1
    }
},
{
    "model": "apaeropuerto.votacion",
    "pk": 23,
    "fields": {
        "puntuacion": 3,
        "comentario": "juan",
        "fecha_voto": "2024-11-04T18:17:28Z",
        "pasajero": 1,
        "aeropuerto": 1
    }
},
{
    "model": "apaeropuerto.votacion",
    "pk": 24,
    "fields": {
        "puntuacion": 3,
        "comentario": "pepe",
        "fecha_voto": "2024-11-04T18:17:46Z",
        "pasajero": 7,
        "aeropuerto": 1
    }
},
{
    "model": "apaeropuerto.votacion",
    "pk": 25,
    "fields": {
        "puntuacion": 3,
        "comentario": "pepe",
        "fecha_voto": "2024-11-04T18:18:04Z",
        "pasajero": 1,
        "aeropuerto": 6
    }
},
{
    "model": "apaeropuerto.banco",
    "pk": 1,
    "fields": {
        "banco": "I",
        "pasajero": 20
    }
},
{
    "model": "apaeropuerto.banco",
    "pk": 2,
    "fields": {
        "banco": "C",
        "pasajero": 1
    }
},
{
    "model": "apaeropuerto.banco",
    "pk": 3,
    "fields": {
        "banco": "I",
        "pasajero": 16
    }
},
{
    "model": "apaeropuerto.banco",
    "pk": 4,
    "fields": {
        "banco": "B",
        "pasajero": 17
    }
},
{
    "model": "apaeropuerto.banco",
    "pk": 5,
    "fields": {
        "banco": "C",
        "pasajero": 2
    }
},
{
    "model": "apaeropuerto.banco",
    "pk": 6,
    "fields": {
        "banco": "B",
        "pasajero": 8
    }
},
{
    "model": "apaeropuerto.banco",
    "pk": 7,
    "fields": {
        "banco": "I",
        "pasajero": 4
    }
},
{
    "model": "apaeropuerto.banco",
    "pk": 8,
    "fields": {
        "banco": "U",
        "pasajero": 14
    }
},
{
    "model": "apaeropuerto.banco",
    "pk": 9,
    "fields": {
        "banco": "B",
        "pasajero": 13
    }
},
{
    "model": "apaeropuerto.banco",
    "pk": 10,
    "fields": {
        "banco": "I",
        "pasajero": 6
    }
},
{
    "model": "apaeropuerto.banco",
    "pk": 11,
    "fields": {
        "banco": "B",
        "pasajero": 7
    }
},
{
    "model": "apaeropuerto.banco",
    "pk": 12,
    "fields": {
        "banco": "I",
        "pasajero": 9
    }
},
{
    "model": "apaeropuerto.banco",
    "pk": 13,
    "fields": {
        "banco": "I",
        "pasajero": 18
    }
},
{
    "model": "apaeropuerto.banco",
    "pk": 14,
    "fields": {
        "banco": "B",
        "pasajero": 3
    }
},
{
    "model": "apaeropuerto.banco",
    "pk": 15,
    "fields": {
        "banco": "U",
        "pasajero": 5
    }
},
{
    "model": "apaeropuerto.banco",
    "pk": 16,
    "fields": {
        "banco": "I",
        "pasajero": 11
    }
},
{
    "model": "apaeropuerto.banco",
    "pk": 17,
    "fields": {
        "banco": "I",
        "pasajero": 12
    }
},
{
    "model": "apaeropuerto.banco",
    "pk": 18,
    "fields": {
        "banco": "I",
        "pasajero": 10
    }
},
{
    "model": "apaeropuerto.banco",
    "pk": 19,
    "fields": {
        "banco": "I",
        "pasajero": 19
    }
},
{
    "model": "apaeropuerto.banco",
    "pk": 20,
    "fields": {
        "banco": "I",
        "pasajero": 15
    }
},
{
    "model": "apaeropuerto.banco",
    "pk": 21,
    "fields": {
        "banco": "U",
        "pasajero": 22
    }
},
{
    "model": "apaeropuerto.banco",
    "pk": 22,
    "fields": {
        "banco": "U",
        "pasajero": 34
    }
},
{
    "model": "apaeropuerto.banco",
    "pk": 23,
    "fields": {
        "banco": "I",
        "pasajero": 31
    }
},
{
    "model": "apaeropuerto.banco",
    "pk": 24,
    "fields": {
        "banco": "U",
        "pasajero": 30
    }
},
{
    "model": "apaeropuerto.banco",
    "pk": 25,
    "fields": {
        "banco": "U",
        "pasajero": 39
    }
},
{
    "model": "apaeropuerto.banco",
    "pk": 26,
    "fields": {
        "banco": "U",
        "pasajero": 24
    }
},
{
    "model": "apaeropuerto.banco",
    "pk": 27,
    "fields": {
        "banco": "U",
        "pasajero": 27
    }
},
{
    "model": "apaeropuerto.banco",
    "pk": 28,
    "fields": {
        "banco": "C",
        "pasajero": 38
    }
},
{
    "model": "apaeropuerto.banco",
    "pk": 29,
    "fields": {
        "banco": "C",
        "pasajero": 35
    }
},
{
    "model": "apaeropuerto.banco",
    "pk": 30,
    "fields": {
        "banco": "C",
        "pasajero": 28
    }
},
{
    "model": "apaeropuerto.banco",
    "pk": 31,
    "fields": {
        "banco": "B",
        "pasajero": 37
    }
},
{
    "model": "apaeropuerto.banco",
    "pk": 32,
    "fields": {
        "banco": "U",
        "pasajero": 36
    }
},
{
    "model": "apaeropuerto.banco",
    "pk": 33,
    "fields": {
        "banco": "B",
        "pasajero": 21
    }
},
{
    "model": "apaeropuerto.banco",
    "pk": 34,
    "fields": {
        "banco": "U",
        "pasajero": 29
    }
},
{
    "model": "apaeropuerto.banco",
    "pk": 35,
    "fields": {
        "banco": "I",
        "pasajero": 23
    }
},
{
    "model": "apaeropuerto.banco",
    "pk": 36,
    "fields": {
        "banco": "B",
        "pasajero": 33
    }
},
{
    "model": "apaeropuerto.banco",
    "pk": 37,
    "fields": {
        "banco": "B",
        "pasajero": 25
    }
},
{
    "model": "apaeropuerto.banco",
    "pk": 38,
    "fields": {
        "banco": "C",
        "pasajero": 26
    }
},
{
    "model": "apaeropuerto.banco",
    "pk": 39,
    "fields": {
        "banco": "C",
        "pasajero": 40
    }
},
{
    "model": "apaeropuerto.banco",
    "pk": 40,
    "fields": {
        "banco": "I",
        "pasajero": 32
    }
}
]
