[
{
    "model": "admin.logentry",
    "pk": 1,
    "fields": {
        "action_time": "2024-10-28T12:36:22.284",
        "user": 1,
        "content_type": 8,
        "object_id": "21",
        "object_repr": "Reserva object (21)",
        "action_flag": 1,
        "change_message": "[{\"added\": {}}]"
    }
},
{
    "model": "admin.logentry",
    "pk": 2,
    "fields": {
        "action_time": "2024-10-28T12:36:53.331",
        "user": 1,
        "content_type": 15,
        "object_id": "21",
        "object_repr": "ffr3",
        "action_flag": 1,
        "change_message": "[{\"added\": {}}]"
    }
},
{
    "model": "admin.logentry",
    "pk": 3,
    "fields": {
        "action_time": "2024-10-28T12:37:12.981",
        "user": 1,
        "content_type": 14,
        "object_id": "79",
        "object_repr": "VueloAerolinea object (79)",
        "action_flag": 1,
        "change_message": "[{\"added\": {}}]"
    }
},
{
    "model": "admin.logentry",
    "pk": 4,
    "fields": {
        "action_time": "2024-10-28T12:37:33.076",
        "user": 1,
        "content_type": 9,
        "object_id": "21",
        "object_repr": "Vuelo object (21)",
        "action_flag": 1,
        "change_message": "[{\"added\": {}}]"
    }
},
{
    "model": "admin.logentry",
    "pk": 5,
    "fields": {
        "action_time": "2024-10-28T12:37:45.451",
        "user": 1,
        "content_type": 9,
        "object_id": "22",
        "object_repr": "Vuelo object (22)",
        "action_flag": 1,
        "change_message": "[{\"added\": {}}]"
    }
},
{
    "model": "auth.permission",
    "pk": 1,
    "fields": {
        "name": "Can add log entry",
        "content_type": 1,
        "codename": "add_logentry"
    }
},
{
    "model": "auth.permission",
    "pk": 2,
    "fields": {
        "name": "Can change log entry",
        "content_type": 1,
        "codename": "change_logentry"
    }
},
{
    "model": "auth.permission",
    "pk": 3,
    "fields": {
        "name": "Can delete log entry",
        "content_type": 1,
        "codename": "delete_logentry"
    }
},
{
    "model": "auth.permission",
    "pk": 4,
    "fields": {
        "name": "Can view log entry",
        "content_type": 1,
        "codename": "view_logentry"
    }
},
{
    "model": "auth.permission",
    "pk": 5,
    "fields": {
        "name": "Can add permission",
        "content_type": 2,
        "codename": "add_permission"
    }
},
{
    "model": "auth.permission",
    "pk": 6,
    "fields": {
        "name": "Can change permission",
        "content_type": 2,
        "codename": "change_permission"
    }
},
{
    "model": "auth.permission",
    "pk": 7,
    "fields": {
        "name": "Can delete permission",
        "content_type": 2,
        "codename": "delete_permission"
    }
},
{
    "model": "auth.permission",
    "pk": 8,
    "fields": {
        "name": "Can view permission",
        "content_type": 2,
        "codename": "view_permission"
    }
},
{
    "model": "auth.permission",
    "pk": 9,
    "fields": {
        "name": "Can add group",
        "content_type": 3,
        "codename": "add_group"
    }
},
{
    "model": "auth.permission",
    "pk": 10,
    "fields": {
        "name": "Can change group",
        "content_type": 3,
        "codename": "change_group"
    }
},
{
    "model": "auth.permission",
    "pk": 11,
    "fields": {
        "name": "Can delete group",
        "content_type": 3,
        "codename": "delete_group"
    }
},
{
    "model": "auth.permission",
    "pk": 12,
    "fields": {
        "name": "Can view group",
        "content_type": 3,
        "codename": "view_group"
    }
},
{
    "model": "auth.permission",
    "pk": 13,
    "fields": {
        "name": "Can add user",
        "content_type": 4,
        "codename": "add_user"
    }
},
{
    "model": "auth.permission",
    "pk": 14,
    "fields": {
        "name": "Can change user",
        "content_type": 4,
        "codename": "change_user"
    }
},
{
    "model": "auth.permission",
    "pk": 15,
    "fields": {
        "name": "Can delete user",
        "content_type": 4,
        "codename": "delete_user"
    }
},
{
    "model": "auth.permission",
    "pk": 16,
    "fields": {
        "name": "Can view user",
        "content_type": 4,
        "codename": "view_user"
    }
},
{
    "model": "auth.permission",
    "pk": 17,
    "fields": {
        "name": "Can add content type",
        "content_type": 5,
        "codename": "add_contenttype"
    }
},
{
    "model": "auth.permission",
    "pk": 18,
    "fields": {
        "name": "Can change content type",
        "content_type": 5,
        "codename": "change_contenttype"
    }
},
{
    "model": "auth.permission",
    "pk": 19,
    "fields": {
        "name": "Can delete content type",
        "content_type": 5,
        "codename": "delete_contenttype"
    }
},
{
    "model": "auth.permission",
    "pk": 20,
    "fields": {
        "name": "Can view content type",
        "content_type": 5,
        "codename": "view_contenttype"
    }
},
{
    "model": "auth.permission",
    "pk": 21,
    "fields": {
        "name": "Can add session",
        "content_type": 6,
        "codename": "add_session"
    }
},
{
    "model": "auth.permission",
    "pk": 22,
    "fields": {
        "name": "Can change session",
        "content_type": 6,
        "codename": "change_session"
    }
},
{
    "model": "auth.permission",
    "pk": 23,
    "fields": {
        "name": "Can delete session",
        "content_type": 6,
        "codename": "delete_session"
    }
},
{
    "model": "auth.permission",
    "pk": 24,
    "fields": {
        "name": "Can view session",
        "content_type": 6,
        "codename": "view_session"
    }
},
{
    "model": "auth.permission",
    "pk": 25,
    "fields": {
        "name": "Can add pasajero",
        "content_type": 7,
        "codename": "add_pasajero"
    }
},
{
    "model": "auth.permission",
    "pk": 26,
    "fields": {
        "name": "Can change pasajero",
        "content_type": 7,
        "codename": "change_pasajero"
    }
},
{
    "model": "auth.permission",
    "pk": 27,
    "fields": {
        "name": "Can delete pasajero",
        "content_type": 7,
        "codename": "delete_pasajero"
    }
},
{
    "model": "auth.permission",
    "pk": 28,
    "fields": {
        "name": "Can view pasajero",
        "content_type": 7,
        "codename": "view_pasajero"
    }
},
{
    "model": "auth.permission",
    "pk": 29,
    "fields": {
        "name": "Can add reserva",
        "content_type": 8,
        "codename": "add_reserva"
    }
},
{
    "model": "auth.permission",
    "pk": 30,
    "fields": {
        "name": "Can change reserva",
        "content_type": 8,
        "codename": "change_reserva"
    }
},
{
    "model": "auth.permission",
    "pk": 31,
    "fields": {
        "name": "Can delete reserva",
        "content_type": 8,
        "codename": "delete_reserva"
    }
},
{
    "model": "auth.permission",
    "pk": 32,
    "fields": {
        "name": "Can view reserva",
        "content_type": 8,
        "codename": "view_reserva"
    }
},
{
    "model": "auth.permission",
    "pk": 33,
    "fields": {
        "name": "Can add vuelo",
        "content_type": 9,
        "codename": "add_vuelo"
    }
},
{
    "model": "auth.permission",
    "pk": 34,
    "fields": {
        "name": "Can change vuelo",
        "content_type": 9,
        "codename": "change_vuelo"
    }
},
{
    "model": "auth.permission",
    "pk": 35,
    "fields": {
        "name": "Can delete vuelo",
        "content_type": 9,
        "codename": "delete_vuelo"
    }
},
{
    "model": "auth.permission",
    "pk": 36,
    "fields": {
        "name": "Can view vuelo",
        "content_type": 9,
        "codename": "view_vuelo"
    }
},
{
    "model": "auth.permission",
    "pk": 37,
    "fields": {
        "name": "Can add aeropuerto",
        "content_type": 10,
        "codename": "add_aeropuerto"
    }
},
{
    "model": "auth.permission",
    "pk": 38,
    "fields": {
        "name": "Can change aeropuerto",
        "content_type": 10,
        "codename": "change_aeropuerto"
    }
},
{
    "model": "auth.permission",
    "pk": 39,
    "fields": {
        "name": "Can delete aeropuerto",
        "content_type": 10,
        "codename": "delete_aeropuerto"
    }
},
{
    "model": "auth.permission",
    "pk": 40,
    "fields": {
        "name": "Can view aeropuerto",
        "content_type": 10,
        "codename": "view_aeropuerto"
    }
},
{
    "model": "auth.permission",
    "pk": 41,
    "fields": {
        "name": "Can add perfil pasajero",
        "content_type": 11,
        "codename": "add_perfilpasajero"
    }
},
{
    "model": "auth.permission",
    "pk": 42,
    "fields": {
        "name": "Can change perfil pasajero",
        "content_type": 11,
        "codename": "change_perfilpasajero"
    }
},
{
    "model": "auth.permission",
    "pk": 43,
    "fields": {
        "name": "Can delete perfil pasajero",
        "content_type": 11,
        "codename": "delete_perfilpasajero"
    }
},
{
    "model": "auth.permission",
    "pk": 44,
    "fields": {
        "name": "Can view perfil pasajero",
        "content_type": 11,
        "codename": "view_perfilpasajero"
    }
},
{
    "model": "auth.permission",
    "pk": 45,
    "fields": {
        "name": "Can add empleado",
        "content_type": 12,
        "codename": "add_empleado"
    }
},
{
    "model": "auth.permission",
    "pk": 46,
    "fields": {
        "name": "Can change empleado",
        "content_type": 12,
        "codename": "change_empleado"
    }
},
{
    "model": "auth.permission",
    "pk": 47,
    "fields": {
        "name": "Can delete empleado",
        "content_type": 12,
        "codename": "delete_empleado"
    }
},
{
    "model": "auth.permission",
    "pk": 48,
    "fields": {
        "name": "Can view empleado",
        "content_type": 12,
        "codename": "view_empleado"
    }
},
{
    "model": "auth.permission",
    "pk": 49,
    "fields": {
        "name": "Can add estadisticas vuelo",
        "content_type": 13,
        "codename": "add_estadisticasvuelo"
    }
},
{
    "model": "auth.permission",
    "pk": 50,
    "fields": {
        "name": "Can change estadisticas vuelo",
        "content_type": 13,
        "codename": "change_estadisticasvuelo"
    }
},
{
    "model": "auth.permission",
    "pk": 51,
    "fields": {
        "name": "Can delete estadisticas vuelo",
        "content_type": 13,
        "codename": "delete_estadisticasvuelo"
    }
},
{
    "model": "auth.permission",
    "pk": 52,
    "fields": {
        "name": "Can view estadisticas vuelo",
        "content_type": 13,
        "codename": "view_estadisticasvuelo"
    }
},
{
    "model": "auth.permission",
    "pk": 53,
    "fields": {
        "name": "Can add vuelo aerolinea",
        "content_type": 14,
        "codename": "add_vueloaerolinea"
    }
},
{
    "model": "auth.permission",
    "pk": 54,
    "fields": {
        "name": "Can change vuelo aerolinea",
        "content_type": 14,
        "codename": "change_vueloaerolinea"
    }
},
{
    "model": "auth.permission",
    "pk": 55,
    "fields": {
        "name": "Can delete vuelo aerolinea",
        "content_type": 14,
        "codename": "delete_vueloaerolinea"
    }
},
{
    "model": "auth.permission",
    "pk": 56,
    "fields": {
        "name": "Can view vuelo aerolinea",
        "content_type": 14,
        "codename": "view_vueloaerolinea"
    }
},
{
    "model": "auth.permission",
    "pk": 57,
    "fields": {
        "name": "Can add servicio",
        "content_type": 15,
        "codename": "add_servicio"
    }
},
{
    "model": "auth.permission",
    "pk": 58,
    "fields": {
        "name": "Can change servicio",
        "content_type": 15,
        "codename": "change_servicio"
    }
},
{
    "model": "auth.permission",
    "pk": 59,
    "fields": {
        "name": "Can delete servicio",
        "content_type": 15,
        "codename": "delete_servicio"
    }
},
{
    "model": "auth.permission",
    "pk": 60,
    "fields": {
        "name": "Can view servicio",
        "content_type": 15,
        "codename": "view_servicio"
    }
},
{
    "model": "auth.permission",
    "pk": 61,
    "fields": {
        "name": "Can add aerolinea",
        "content_type": 16,
        "codename": "add_aerolinea"
    }
},
{
    "model": "auth.permission",
    "pk": 62,
    "fields": {
        "name": "Can change aerolinea",
        "content_type": 16,
        "codename": "change_aerolinea"
    }
},
{
    "model": "auth.permission",
    "pk": 63,
    "fields": {
        "name": "Can delete aerolinea",
        "content_type": 16,
        "codename": "delete_aerolinea"
    }
},
{
    "model": "auth.permission",
    "pk": 64,
    "fields": {
        "name": "Can view aerolinea",
        "content_type": 16,
        "codename": "view_aerolinea"
    }
},
{
    "model": "auth.permission",
    "pk": 65,
    "fields": {
        "name": "Can add equipaje",
        "content_type": 17,
        "codename": "add_equipaje"
    }
},
{
    "model": "auth.permission",
    "pk": 66,
    "fields": {
        "name": "Can change equipaje",
        "content_type": 17,
        "codename": "change_equipaje"
    }
},
{
    "model": "auth.permission",
    "pk": 67,
    "fields": {
        "name": "Can delete equipaje",
        "content_type": 17,
        "codename": "delete_equipaje"
    }
},
{
    "model": "auth.permission",
    "pk": 68,
    "fields": {
        "name": "Can view equipaje",
        "content_type": 17,
        "codename": "view_equipaje"
    }
},
{
    "model": "auth.permission",
    "pk": 69,
    "fields": {
        "name": "Can add contacto aeropuerto",
        "content_type": 18,
        "codename": "add_contactoaeropuerto"
    }
},
{
    "model": "auth.permission",
    "pk": 70,
    "fields": {
        "name": "Can change contacto aeropuerto",
        "content_type": 18,
        "codename": "change_contactoaeropuerto"
    }
},
{
    "model": "auth.permission",
    "pk": 71,
    "fields": {
        "name": "Can delete contacto aeropuerto",
        "content_type": 18,
        "codename": "delete_contactoaeropuerto"
    }
},
{
    "model": "auth.permission",
    "pk": 72,
    "fields": {
        "name": "Can view contacto aeropuerto",
        "content_type": 18,
        "codename": "view_contactoaeropuerto"
    }
},
{
    "model": "auth.permission",
    "pk": 73,
    "fields": {
        "name": "Can add asiento",
        "content_type": 19,
        "codename": "add_asiento"
    }
},
{
    "model": "auth.permission",
    "pk": 74,
    "fields": {
        "name": "Can change asiento",
        "content_type": 19,
        "codename": "change_asiento"
    }
},
{
    "model": "auth.permission",
    "pk": 75,
    "fields": {
        "name": "Can delete asiento",
        "content_type": 19,
        "codename": "delete_asiento"
    }
},
{
    "model": "auth.permission",
    "pk": 76,
    "fields": {
        "name": "Can view asiento",
        "content_type": 19,
        "codename": "view_asiento"
    }
},
{
    "model": "auth.user",
    "pk": 1,
    "fields": {
        "password": "pbkdf2_sha256$870000$Qfo61fxmZvTN4kQWQ4Pg0E$Lck23ljR4hij93fqWZjLn4KNBryLRQbLc5xfad0cmJo=",
        "last_login": "2024-10-28T12:36:06.565",
        "is_superuser": true,
        "username": "ale",
        "first_name": "",
        "last_name": "",
        "email": "ale@i.com",
        "is_staff": true,
        "is_active": true,
        "date_joined": "2024-10-28T12:35:53.559",
        "groups": [],
        "user_permissions": []
    }
},
{
    "model": "contenttypes.contenttype",
    "pk": 1,
    "fields": {
        "app_label": "admin",
        "model": "logentry"
    }
},
{
    "model": "contenttypes.contenttype",
    "pk": 2,
    "fields": {
        "app_label": "auth",
        "model": "permission"
    }
},
{
    "model": "contenttypes.contenttype",
    "pk": 3,
    "fields": {
        "app_label": "auth",
        "model": "group"
    }
},
{
    "model": "contenttypes.contenttype",
    "pk": 4,
    "fields": {
        "app_label": "auth",
        "model": "user"
    }
},
{
    "model": "contenttypes.contenttype",
    "pk": 5,
    "fields": {
        "app_label": "contenttypes",
        "model": "contenttype"
    }
},
{
    "model": "contenttypes.contenttype",
    "pk": 6,
    "fields": {
        "app_label": "sessions",
        "model": "session"
    }
},
{
    "model": "contenttypes.contenttype",
    "pk": 7,
    "fields": {
        "app_label": "apaeropuerto",
        "model": "pasajero"
    }
},
{
    "model": "contenttypes.contenttype",
    "pk": 8,
    "fields": {
        "app_label": "apaeropuerto",
        "model": "reserva"
    }
},
{
    "model": "contenttypes.contenttype",
    "pk": 9,
    "fields": {
        "app_label": "apaeropuerto",
        "model": "vuelo"
    }
},
{
    "model": "contenttypes.contenttype",
    "pk": 10,
    "fields": {
        "app_label": "apaeropuerto",
        "model": "aeropuerto"
    }
},
{
    "model": "contenttypes.contenttype",
    "pk": 11,
    "fields": {
        "app_label": "apaeropuerto",
        "model": "perfilpasajero"
    }
},
{
    "model": "contenttypes.contenttype",
    "pk": 12,
    "fields": {
        "app_label": "apaeropuerto",
        "model": "empleado"
    }
},
{
    "model": "contenttypes.contenttype",
    "pk": 13,
    "fields": {
        "app_label": "apaeropuerto",
        "model": "estadisticasvuelo"
    }
},
{
    "model": "contenttypes.contenttype",
    "pk": 14,
    "fields": {
        "app_label": "apaeropuerto",
        "model": "vueloaerolinea"
    }
},
{
    "model": "contenttypes.contenttype",
    "pk": 15,
    "fields": {
        "app_label": "apaeropuerto",
        "model": "servicio"
    }
},
{
    "model": "contenttypes.contenttype",
    "pk": 16,
    "fields": {
        "app_label": "apaeropuerto",
        "model": "aerolinea"
    }
},
{
    "model": "contenttypes.contenttype",
    "pk": 17,
    "fields": {
        "app_label": "apaeropuerto",
        "model": "equipaje"
    }
},
{
    "model": "contenttypes.contenttype",
    "pk": 18,
    "fields": {
        "app_label": "apaeropuerto",
        "model": "contactoaeropuerto"
    }
},
{
    "model": "contenttypes.contenttype",
    "pk": 19,
    "fields": {
        "app_label": "apaeropuerto",
        "model": "asiento"
    }
},
{
    "model": "sessions.session",
    "pk": "vnaublkaz79t86r1l0zp8ivyhpyxfdwo",
    "fields": {
        "session_data": ".eJxVjEEOwiAQRe_C2pACLRSX7nsGMjMMUjWQlHZlvLtt0oVu_3vvv0WAbc1ha7yEOYqrUOLyuyHQk8sB4gPKvUqqZV1mlIciT9rkVCO_bqf7d5Ch5b12CSwRWcsaUTuwMDpOQ4eokuvZRwWgdBxNJK-MM2jJGdUx7aEf-iQ-Xw8COMA:1t5O2Y:izOjPW0uHk7SxKKRNeLu5bStiSowt51PQjwnoxz8Y04",
        "expire_date": "2024-11-11T12:36:06.571"
    }
},
{
    "model": "apaeropuerto.aeropuerto",
    "pk": 1,
    "fields": {
        "nombre": "East factor table describe sort school right become.",
        "ciudades": "ES",
        "pais": "ES",
        "capacidad_maxima": 150
    }
},
{
    "model": "apaeropuerto.aeropuerto",
    "pk": 2,
    "fields": {
        "nombre": "Sense turn though have girl should. Hold event education feel.",
        "ciudades": "ES",
        "pais": "ES",
        "capacidad_maxima": 150
    }
},
{
    "model": "apaeropuerto.aeropuerto",
    "pk": 3,
    "fields": {
        "nombre": "Can bad soon wonder with big. Sit through factor watch. Sing baby government quite unit.",
        "ciudades": "ES",
        "pais": "ES",
        "capacidad_maxima": 150
    }
},
{
    "model": "apaeropuerto.aeropuerto",
    "pk": 4,
    "fields": {
        "nombre": "Federal compare myself write indicate third. In third article sign author.",
        "ciudades": "ES",
        "pais": "ES",
        "capacidad_maxima": 150
    }
},
{
    "model": "apaeropuerto.aeropuerto",
    "pk": 5,
    "fields": {
        "nombre": "Year bring home thousand. Truth care discuss baby democratic.",
        "ciudades": "ES",
        "pais": "ES",
        "capacidad_maxima": 150
    }
},
{
    "model": "apaeropuerto.aeropuerto",
    "pk": 6,
    "fields": {
        "nombre": "Collection image special ok allow thing. Street main with white wait.",
        "ciudades": "ES",
        "pais": "ES",
        "capacidad_maxima": 150
    }
},
{
    "model": "apaeropuerto.aeropuerto",
    "pk": 7,
    "fields": {
        "nombre": "Star body fall north build call. Trade political college with difficult natural family.",
        "ciudades": "ES",
        "pais": "ES",
        "capacidad_maxima": 150
    }
},
{
    "model": "apaeropuerto.aeropuerto",
    "pk": 8,
    "fields": {
        "nombre": "Win population none whom exist old.",
        "ciudades": "ES",
        "pais": "ES",
        "capacidad_maxima": 150
    }
},
{
    "model": "apaeropuerto.aeropuerto",
    "pk": 9,
    "fields": {
        "nombre": "Decision agree art dark big. Positive manage table already along fill eight.",
        "ciudades": "ES",
        "pais": "ES",
        "capacidad_maxima": 150
    }
},
{
    "model": "apaeropuerto.aeropuerto",
    "pk": 10,
    "fields": {
        "nombre": "Operation staff page. But market city follow happen short could.",
        "ciudades": "ES",
        "pais": "ES",
        "capacidad_maxima": 150
    }
},
{
    "model": "apaeropuerto.aeropuerto",
    "pk": 11,
    "fields": {
        "nombre": "Suffer front lose. Budget what mission dream.",
        "ciudades": "ES",
        "pais": "ES",
        "capacidad_maxima": 150
    }
},
{
    "model": "apaeropuerto.aeropuerto",
    "pk": 12,
    "fields": {
        "nombre": "Ball civil green. Run page medical score lose TV up. Break trip hair.",
        "ciudades": "ES",
        "pais": "ES",
        "capacidad_maxima": 150
    }
},
{
    "model": "apaeropuerto.aeropuerto",
    "pk": 13,
    "fields": {
        "nombre": "Newspaper store radio might worker stand. Go husband ball rich bad fire.",
        "ciudades": "ES",
        "pais": "ES",
        "capacidad_maxima": 150
    }
},
{
    "model": "apaeropuerto.aeropuerto",
    "pk": 14,
    "fields": {
        "nombre": "Development either born issue success add toward. Official likely lawyer base.",
        "ciudades": "ES",
        "pais": "ES",
        "capacidad_maxima": 150
    }
},
{
    "model": "apaeropuerto.aeropuerto",
    "pk": 15,
    "fields": {
        "nombre": "Officer machine activity member American. Analysis floor approach price federal.",
        "ciudades": "ES",
        "pais": "ES",
        "capacidad_maxima": 150
    }
},
{
    "model": "apaeropuerto.aeropuerto",
    "pk": 16,
    "fields": {
        "nombre": "Way floor couple part blood. Political whom eat full offer them.",
        "ciudades": "ES",
        "pais": "ES",
        "capacidad_maxima": 150
    }
},
{
    "model": "apaeropuerto.aeropuerto",
    "pk": 17,
    "fields": {
        "nombre": "Manage explain these discover up. Person still ground space deep type.",
        "ciudades": "ES",
        "pais": "ES",
        "capacidad_maxima": 150
    }
},
{
    "model": "apaeropuerto.aeropuerto",
    "pk": 18,
    "fields": {
        "nombre": "Few skill feeling other as.",
        "ciudades": "ES",
        "pais": "ES",
        "capacidad_maxima": 150
    }
},
{
    "model": "apaeropuerto.aeropuerto",
    "pk": 19,
    "fields": {
        "nombre": "Worry long hit stop national. My clear figure believe yard. Can own class while ask opportunity.",
        "ciudades": "ES",
        "pais": "ES",
        "capacidad_maxima": 150
    }
},
{
    "model": "apaeropuerto.aeropuerto",
    "pk": 20,
    "fields": {
        "nombre": "Including them customer medical notice picture themselves. Again early see receive.",
        "ciudades": "ES",
        "pais": "ES",
        "capacidad_maxima": 150
    }
},
{
    "model": "apaeropuerto.contactoaeropuerto",
    "pk": 1,
    "fields": {
        "nombre_contacto": "Five attention pick admit early if new. Find price present hot anyone nice.",
        "telefono_contacto": "Strategy.",
        "email_contacto": "meganjenkins@example.net",
        "años_trabajados": -574,
        "aeropuerto": 3
    }
},
{
    "model": "apaeropuerto.contactoaeropuerto",
    "pk": 2,
    "fields": {
        "nombre_contacto": "Firm contain arrive case. Lead season do drug that bar account name.",
        "telefono_contacto": "Example rule.",
        "email_contacto": "michellecook@example.org",
        "años_trabajados": 11722,
        "aeropuerto": 6
    }
},
{
    "model": "apaeropuerto.contactoaeropuerto",
    "pk": 3,
    "fields": {
        "nombre_contacto": "Should final town call. End more although traditional.",
        "telefono_contacto": "Participant.",
        "email_contacto": "michael28@example.org",
        "años_trabajados": -6717,
        "aeropuerto": 8
    }
},
{
    "model": "apaeropuerto.contactoaeropuerto",
    "pk": 4,
    "fields": {
        "nombre_contacto": "Treatment single whole. Trouble discover build system central former instead.",
        "telefono_contacto": "Plant old.",
        "email_contacto": "josephjones@example.org",
        "años_trabajados": 3147,
        "aeropuerto": 19
    }
},
{
    "model": "apaeropuerto.contactoaeropuerto",
    "pk": 5,
    "fields": {
        "nombre_contacto": "Themselves ever receive the. Home key talk.",
        "telefono_contacto": "Realize note.",
        "email_contacto": "ygarza@example.com",
        "años_trabajados": -750,
        "aeropuerto": 20
    }
},
{
    "model": "apaeropuerto.contactoaeropuerto",
    "pk": 6,
    "fields": {
        "nombre_contacto": "I six as mind. Serve country gas something. Shake much indicate personal audience lawyer.",
        "telefono_contacto": "Bed green.",
        "email_contacto": "lwilliams@example.com",
        "años_trabajados": -29626,
        "aeropuerto": 18
    }
},
{
    "model": "apaeropuerto.contactoaeropuerto",
    "pk": 7,
    "fields": {
        "nombre_contacto": "Read form throughout strategy poor thought consider. Specific current ago pay.",
        "telefono_contacto": "Really seat.",
        "email_contacto": "jsimmons@example.org",
        "años_trabajados": -31861,
        "aeropuerto": 2
    }
},
{
    "model": "apaeropuerto.contactoaeropuerto",
    "pk": 8,
    "fields": {
        "nombre_contacto": "Summer decade person goal shake recently war. Mission maybe question value white.",
        "telefono_contacto": "Imagine letter.",
        "email_contacto": "bsmith@example.org",
        "años_trabajados": -4114,
        "aeropuerto": 17
    }
},
{
    "model": "apaeropuerto.contactoaeropuerto",
    "pk": 9,
    "fields": {
        "nombre_contacto": "About discuss rate send. Model measure grow establish gas. Better theory join manager.",
        "telefono_contacto": "Day process.",
        "email_contacto": "arthurcole@example.com",
        "años_trabajados": 19951,
        "aeropuerto": 5
    }
},
{
    "model": "apaeropuerto.contactoaeropuerto",
    "pk": 10,
    "fields": {
        "nombre_contacto": "Point minute hour. Able officer contain mean wide low finish.",
        "telefono_contacto": "She maybe.",
        "email_contacto": "randy69@example.com",
        "años_trabajados": -7548,
        "aeropuerto": 1
    }
},
{
    "model": "apaeropuerto.contactoaeropuerto",
    "pk": 11,
    "fields": {
        "nombre_contacto": "Maintain memory authority.",
        "telefono_contacto": "Capital wife.",
        "email_contacto": "thomas96@example.com",
        "años_trabajados": 26621,
        "aeropuerto": 9
    }
},
{
    "model": "apaeropuerto.contactoaeropuerto",
    "pk": 12,
    "fields": {
        "nombre_contacto": "Could consumer carry there address thank.",
        "telefono_contacto": "Event risk.",
        "email_contacto": "ramoscarla@example.com",
        "años_trabajados": -4587,
        "aeropuerto": 12
    }
},
{
    "model": "apaeropuerto.contactoaeropuerto",
    "pk": 13,
    "fields": {
        "nombre_contacto": "Quite civil task business. Start animal man.",
        "telefono_contacto": "Age case speak.",
        "email_contacto": "harold42@example.com",
        "años_trabajados": 9136,
        "aeropuerto": 13
    }
},
{
    "model": "apaeropuerto.contactoaeropuerto",
    "pk": 14,
    "fields": {
        "nombre_contacto": "Sell half they guess summer close. Investment billion pull simple between.",
        "telefono_contacto": "Employee time.",
        "email_contacto": "ojohnson@example.org",
        "años_trabajados": -1902,
        "aeropuerto": 4
    }
},
{
    "model": "apaeropuerto.contactoaeropuerto",
    "pk": 15,
    "fields": {
        "nombre_contacto": "Discussion feel modern institution. Education building really save.",
        "telefono_contacto": "TV around.",
        "email_contacto": "rebecca85@example.net",
        "años_trabajados": 3554,
        "aeropuerto": 10
    }
},
{
    "model": "apaeropuerto.contactoaeropuerto",
    "pk": 16,
    "fields": {
        "nombre_contacto": "Piece charge couple add entire clearly thank. Wish great coach ground maybe we officer.",
        "telefono_contacto": "Eat lay than.",
        "email_contacto": "julie95@example.org",
        "años_trabajados": 2234,
        "aeropuerto": 16
    }
},
{
    "model": "apaeropuerto.contactoaeropuerto",
    "pk": 17,
    "fields": {
        "nombre_contacto": "Find fight nation laugh whole yet live. Choice less memory Mrs per during. Respond military work.",
        "telefono_contacto": "Wife operation.",
        "email_contacto": "lucas32@example.com",
        "años_trabajados": 32455,
        "aeropuerto": 15
    }
},
{
    "model": "apaeropuerto.contactoaeropuerto",
    "pk": 18,
    "fields": {
        "nombre_contacto": "Notice piece international single with different. Brother appear stock.",
        "telefono_contacto": "Newspaper.",
        "email_contacto": "vstewart@example.net",
        "años_trabajados": -14287,
        "aeropuerto": 7
    }
},
{
    "model": "apaeropuerto.contactoaeropuerto",
    "pk": 19,
    "fields": {
        "nombre_contacto": "There image seem card resource hospital poor. Music event six prepare. Can only different run.",
        "telefono_contacto": "Same Democrat.",
        "email_contacto": "pricesteven@example.org",
        "años_trabajados": 15891,
        "aeropuerto": 14
    }
},
{
    "model": "apaeropuerto.contactoaeropuerto",
    "pk": 20,
    "fields": {
        "nombre_contacto": "Catch under relate arrive view control bag. Serious strong truth trial modern foot when shake.",
        "telefono_contacto": "Bad situation.",
        "email_contacto": "margaret11@example.net",
        "años_trabajados": -10222,
        "aeropuerto": 11
    }
},
{
    "model": "apaeropuerto.aerolinea",
    "pk": 1,
    "fields": {
        "nombre": "Now official appear collection right. Remember very themselves avoid senior seven even.",
        "codigo": "Keep high.",
        "fecha_fundacion": "2009-01-18",
        "pais": "ES",
        "aeropuerto": [
            2,
            16,
            17
        ]
    }
},
{
    "model": "apaeropuerto.aerolinea",
    "pk": 2,
    "fields": {
        "nombre": "Today never enter. Sure defense of ready. Toward so product second.",
        "codigo": "Fire.",
        "fecha_fundacion": "1973-04-03",
        "pais": "ES",
        "aeropuerto": [
            9,
            13
        ]
    }
},
{
    "model": "apaeropuerto.aerolinea",
    "pk": 3,
    "fields": {
        "nombre": "Game national executive strategy close. Mean Republican although statement.",
        "codigo": "Man.",
        "fecha_fundacion": "2015-07-01",
        "pais": "ES",
        "aeropuerto": [
            14,
            19
        ]
    }
},
{
    "model": "apaeropuerto.aerolinea",
    "pk": 4,
    "fields": {
        "nombre": "Fact write improve we.",
        "codigo": "Four less.",
        "fecha_fundacion": "2012-02-18",
        "pais": "ES",
        "aeropuerto": [
            19
        ]
    }
},
{
    "model": "apaeropuerto.aerolinea",
    "pk": 5,
    "fields": {
        "nombre": "Friend picture happy. Camera federal different language behind for.",
        "codigo": "He pick.",
        "fecha_fundacion": "1970-07-29",
        "pais": "ES",
        "aeropuerto": [
            2,
            14
        ]
    }
},
{
    "model": "apaeropuerto.aerolinea",
    "pk": 6,
    "fields": {
        "nombre": "Message population response suggest design wish. Project wish describe technology meet shoulder.",
        "codigo": "Suggest.",
        "fecha_fundacion": "2014-05-21",
        "pais": "ES",
        "aeropuerto": [
            4,
            11,
            16,
            17
        ]
    }
},
{
    "model": "apaeropuerto.aerolinea",
    "pk": 7,
    "fields": {
        "nombre": "Current chance third last. Security peace upon.",
        "codigo": "Table.",
        "fecha_fundacion": "1992-04-24",
        "pais": "ES",
        "aeropuerto": [
            2,
            4,
            17,
            19,
            20
        ]
    }
},
{
    "model": "apaeropuerto.aerolinea",
    "pk": 8,
    "fields": {
        "nombre": "Computer position part though price cultural. Kitchen lot memory space top Congress.",
        "codigo": "Really.",
        "fecha_fundacion": "1974-01-15",
        "pais": "ES",
        "aeropuerto": [
            13,
            17
        ]
    }
},
{
    "model": "apaeropuerto.aerolinea",
    "pk": 9,
    "fields": {
        "nombre": "We spend child summer market human enjoy. Girl sell picture performance.",
        "codigo": "Mention.",
        "fecha_fundacion": "2008-01-24",
        "pais": "ES",
        "aeropuerto": [
            5,
            8,
            19
        ]
    }
},
{
    "model": "apaeropuerto.aerolinea",
    "pk": 10,
    "fields": {
        "nombre": "Every once so nation. Newspaper blood miss account during year kitchen. Within training cell.",
        "codigo": "Doctor.",
        "fecha_fundacion": "2019-06-15",
        "pais": "ES",
        "aeropuerto": [
            1,
            6,
            10,
            16,
            19
        ]
    }
},
{
    "model": "apaeropuerto.aerolinea",
    "pk": 11,
    "fields": {
        "nombre": "Loss before then role find responsibility. Explain drop town little animal.",
        "codigo": "Word upon.",
        "fecha_fundacion": "1989-05-01",
        "pais": "ES",
        "aeropuerto": [
            16,
            20
        ]
    }
},
{
    "model": "apaeropuerto.aerolinea",
    "pk": 12,
    "fields": {
        "nombre": "Model ground way activity ten. Worry question foot close.",
        "codigo": "Memory.",
        "fecha_fundacion": "1971-01-17",
        "pais": "ES",
        "aeropuerto": [
            15,
            17,
            20
        ]
    }
},
{
    "model": "apaeropuerto.aerolinea",
    "pk": 13,
    "fields": {
        "nombre": "Small concern news budget. Until group suggest citizen.",
        "codigo": "Save a.",
        "fecha_fundacion": "1998-04-18",
        "pais": "ES",
        "aeropuerto": [
            17
        ]
    }
},
{
    "model": "apaeropuerto.aerolinea",
    "pk": 14,
    "fields": {
        "nombre": "Something maybe foreign base only general. Partner quickly want.",
        "codigo": "While.",
        "fecha_fundacion": "2005-12-31",
        "pais": "ES",
        "aeropuerto": [
            7,
            12,
            18
        ]
    }
},
{
    "model": "apaeropuerto.aerolinea",
    "pk": 15,
    "fields": {
        "nombre": "Factor someone interesting letter including dream. Somebody until reveal himself offer nor citizen.",
        "codigo": "Watch.",
        "fecha_fundacion": "1979-10-03",
        "pais": "ES",
        "aeropuerto": [
            4,
            13,
            14
        ]
    }
},
{
    "model": "apaeropuerto.aerolinea",
    "pk": 16,
    "fields": {
        "nombre": "Or name thousand decide. History when fine without only program movie.",
        "codigo": "Other ok.",
        "fecha_fundacion": "1990-01-01",
        "pais": "ES",
        "aeropuerto": [
            4,
            7,
            13,
            14,
            16
        ]
    }
},
{
    "model": "apaeropuerto.aerolinea",
    "pk": 17,
    "fields": {
        "nombre": "Action peace seat able friend scientist. Tend important reflect between.",
        "codigo": "Brother.",
        "fecha_fundacion": "2017-02-23",
        "pais": "ES",
        "aeropuerto": [
            11
        ]
    }
},
{
    "model": "apaeropuerto.aerolinea",
    "pk": 18,
    "fields": {
        "nombre": "Year center two set Mr. Anyone mission crime experience account. Man perhaps real young hour.",
        "codigo": "Piece.",
        "fecha_fundacion": "2016-07-30",
        "pais": "ES",
        "aeropuerto": [
            11,
            12,
            18,
            20
        ]
    }
},
{
    "model": "apaeropuerto.aerolinea",
    "pk": 19,
    "fields": {
        "nombre": "Those either discover none teacher.\nThough executive performance reality. Teacher off make amount.",
        "codigo": "Outside.",
        "fecha_fundacion": "1987-08-17",
        "pais": "ES",
        "aeropuerto": [
            1,
            4
        ]
    }
},
{
    "model": "apaeropuerto.aerolinea",
    "pk": 20,
    "fields": {
        "nombre": "Each system few lay ask per attack mind. Level camera large do present.",
        "codigo": "Forward.",
        "fecha_fundacion": "2009-04-23",
        "pais": "ES",
        "aeropuerto": [
            1,
            5,
            8,
            13
        ]
    }
},
{
    "model": "apaeropuerto.vuelo",
    "pk": 1,
    "fields": {
        "hora_salida": "1982-05-06T12:28:27.110",
        "hora_llegada": "1979-01-08T09:19:55.171",
        "estado": false,
        "duracion": "-1215 20:51:28.061521",
        "origen": 15,
        "destino": 2
    }
},
{
    "model": "apaeropuerto.vuelo",
    "pk": 2,
    "fields": {
        "hora_salida": "1975-02-13T14:06:22.708",
        "hora_llegada": "1977-08-01T18:41:26.049",
        "estado": true,
        "duracion": "900 04:35:03.340828",
        "origen": 14,
        "destino": 1
    }
},
{
    "model": "apaeropuerto.vuelo",
    "pk": 3,
    "fields": {
        "hora_salida": "2018-03-27T14:15:46.448",
        "hora_llegada": "1978-08-25T12:32:19.536",
        "estado": true,
        "duracion": "-14460 22:16:33.087986",
        "origen": 10,
        "destino": 7
    }
},
{
    "model": "apaeropuerto.vuelo",
    "pk": 4,
    "fields": {
        "hora_salida": "2014-06-02T11:44:56.704",
        "hora_llegada": "1978-06-20T05:59:05.834",
        "estado": false,
        "duracion": "-13132 18:14:09.129839",
        "origen": 1,
        "destino": 6
    }
},
{
    "model": "apaeropuerto.vuelo",
    "pk": 5,
    "fields": {
        "hora_salida": "2015-02-10T06:59:51.693",
        "hora_llegada": "2015-11-03T07:03:47.317",
        "estado": false,
        "duracion": "266 00:03:55.624216",
        "origen": 2,
        "destino": 8
    }
},
{
    "model": "apaeropuerto.vuelo",
    "pk": 6,
    "fields": {
        "hora_salida": "2010-10-24T05:54:23.419",
        "hora_llegada": "1993-12-05T13:36:03.280",
        "estado": true,
        "duracion": "-6167 07:41:39.861186",
        "origen": 6,
        "destino": 20
    }
},
{
    "model": "apaeropuerto.vuelo",
    "pk": 7,
    "fields": {
        "hora_salida": "2018-05-31T02:36:14.667",
        "hora_llegada": "1998-03-31T12:14:05.743",
        "estado": true,
        "duracion": "-7366 09:37:51.076116",
        "origen": 5,
        "destino": 13
    }
},
{
    "model": "apaeropuerto.vuelo",
    "pk": 8,
    "fields": {
        "hora_salida": "2017-05-24T05:51:24.502",
        "hora_llegada": "2005-09-05T06:57:27.764",
        "estado": true,
        "duracion": "-4279 01:06:03.262397",
        "origen": 12,
        "destino": 8
    }
},
{
    "model": "apaeropuerto.vuelo",
    "pk": 9,
    "fields": {
        "hora_salida": "1980-10-11T03:56:32.161",
        "hora_llegada": "1979-11-24T14:27:23.842",
        "estado": true,
        "duracion": "-322 10:30:51.681040",
        "origen": 20,
        "destino": 18
    }
},
{
    "model": "apaeropuerto.vuelo",
    "pk": 10,
    "fields": {
        "hora_salida": "1975-05-25T18:57:27.545",
        "hora_llegada": "1991-05-07T03:48:50.148",
        "estado": false,
        "duracion": "5825 08:51:22.602438",
        "origen": 8,
        "destino": 15
    }
},
{
    "model": "apaeropuerto.vuelo",
    "pk": 11,
    "fields": {
        "hora_salida": "2020-02-01T06:15:11.084",
        "hora_llegada": "1977-09-11T16:53:47.431",
        "estado": true,
        "duracion": "-15483 10:38:36.347155",
        "origen": 8,
        "destino": 17
    }
},
{
    "model": "apaeropuerto.vuelo",
    "pk": 12,
    "fields": {
        "hora_salida": "1993-02-25T21:44:22.413",
        "hora_llegada": "1988-05-17T17:20:27.936",
        "estado": true,
        "duracion": "-1746 19:36:05.523543",
        "origen": 5,
        "destino": 11
    }
},
{
    "model": "apaeropuerto.vuelo",
    "pk": 13,
    "fields": {
        "hora_salida": "1974-06-13T04:00:04.459",
        "hora_llegada": "2014-10-27T05:48:47.269",
        "estado": false,
        "duracion": "14746 01:48:42.809721",
        "origen": 14,
        "destino": 20
    }
},
{
    "model": "apaeropuerto.vuelo",
    "pk": 14,
    "fields": {
        "hora_salida": "1971-09-03T03:26:02.216",
        "hora_llegada": "1974-05-13T23:53:50.462",
        "estado": false,
        "duracion": "983 20:27:48.245513",
        "origen": 7,
        "destino": 19
    }
},
{
    "model": "apaeropuerto.vuelo",
    "pk": 15,
    "fields": {
        "hora_salida": "2024-05-15T03:22:12.716",
        "hora_llegada": "2023-01-05T10:50:09.001",
        "estado": true,
        "duracion": "-496 07:27:56.284359",
        "origen": 10,
        "destino": 13
    }
},
{
    "model": "apaeropuerto.vuelo",
    "pk": 16,
    "fields": {
        "hora_salida": "1988-10-07T01:59:34.691",
        "hora_llegada": "2016-02-02T16:29:42.721",
        "estado": true,
        "duracion": "9979 14:30:08.030081",
        "origen": 13,
        "destino": 16
    }
},
{
    "model": "apaeropuerto.vuelo",
    "pk": 17,
    "fields": {
        "hora_salida": "2002-05-02T09:02:08.918",
        "hora_llegada": "1982-06-11T08:52:12.351",
        "estado": false,
        "duracion": "-7266 23:50:03.432983",
        "origen": 7,
        "destino": 10
    }
},
{
    "model": "apaeropuerto.vuelo",
    "pk": 18,
    "fields": {
        "hora_salida": "1992-04-25T12:12:41.384",
        "hora_llegada": "2020-06-03T18:03:44.444",
        "estado": false,
        "duracion": "10266 05:51:03.060153",
        "origen": 10,
        "destino": 2
    }
},
{
    "model": "apaeropuerto.vuelo",
    "pk": 19,
    "fields": {
        "hora_salida": "2008-03-12T11:06:03.215",
        "hora_llegada": "2001-09-22T09:30:17.830",
        "estado": false,
        "duracion": "-2364 22:24:14.615435",
        "origen": 6,
        "destino": 16
    }
},
{
    "model": "apaeropuerto.vuelo",
    "pk": 20,
    "fields": {
        "hora_salida": "1974-06-16T21:46:45.723",
        "hora_llegada": "1973-11-15T13:11:23.501",
        "estado": true,
        "duracion": "-214 15:24:37.778241",
        "origen": 15,
        "destino": 6
    }
},
{
    "model": "apaeropuerto.vuelo",
    "pk": 21,
    "fields": {
        "hora_salida": "2024-10-28T12:37:18",
        "hora_llegada": "2024-10-31T12:37:21",
        "estado": true,
        "duracion": "3 00:00:03",
        "origen": 1,
        "destino": 2
    }
},
{
    "model": "apaeropuerto.vuelo",
    "pk": 22,
    "fields": {
        "hora_salida": "2024-10-28T12:37:41",
        "hora_llegada": "2024-10-31T12:37:44",
        "estado": false,
        "duracion": "3 00:00:03",
        "origen": 1,
        "destino": 2
    }
},
{
    "model": "apaeropuerto.estadisticasvuelo",
    "pk": 1,
    "fields": {
        "numero_asientos_vendidos": -8435,
        "numero_cancelaciones": 26833,
        "feedback_pasajeros": "With officer study performance ok west.\nMorning deal news our kid blood. Impact from build key. Responsibility impact good.",
        "vuelo": 12
    }
},
{
    "model": "apaeropuerto.estadisticasvuelo",
    "pk": 2,
    "fields": {
        "numero_asientos_vendidos": -29457,
        "numero_cancelaciones": 6644,
        "feedback_pasajeros": "Boy down Republican fill. Section later loss job away eat house. Suffer his all thing tree enjoy evening.",
        "vuelo": 2
    }
},
{
    "model": "apaeropuerto.estadisticasvuelo",
    "pk": 3,
    "fields": {
        "numero_asientos_vendidos": 19491,
        "numero_cancelaciones": -12140,
        "feedback_pasajeros": "Guy relationship without door site citizen company. Safe last analysis.\nMaterial southern dark state. Stage raise benefit minute another. Voice wind movement.",
        "vuelo": 9
    }
},
{
    "model": "apaeropuerto.estadisticasvuelo",
    "pk": 4,
    "fields": {
        "numero_asientos_vendidos": -17948,
        "numero_cancelaciones": 29763,
        "feedback_pasajeros": "Question trouble lose feeling. Black reflect manage main animal.\nAdult candidate get including. Bad book machine go. Rule especially yet gun sort chance itself.",
        "vuelo": 13
    }
},
{
    "model": "apaeropuerto.estadisticasvuelo",
    "pk": 5,
    "fields": {
        "numero_asientos_vendidos": -22148,
        "numero_cancelaciones": 2191,
        "feedback_pasajeros": "Close hit power south few. Door five describe purpose well dream. Writer eat blood state wall agency.\nAble safe positive imagine bit boy lawyer. This throughout more.",
        "vuelo": 6
    }
},
{
    "model": "apaeropuerto.estadisticasvuelo",
    "pk": 6,
    "fields": {
        "numero_asientos_vendidos": -14386,
        "numero_cancelaciones": 10414,
        "feedback_pasajeros": "Write partner cultural bit particularly huge many. Power first white. Executive production strategy fight plan step.\nAlready hot light since main. Ahead board unit. Short into purpose hit energy.",
        "vuelo": 11
    }
},
{
    "model": "apaeropuerto.estadisticasvuelo",
    "pk": 7,
    "fields": {
        "numero_asientos_vendidos": 2218,
        "numero_cancelaciones": -23126,
        "feedback_pasajeros": "Task detail nothing Republican. Board present Congress candidate safe.\nAnimal our position newspaper attorney factor message gun. Method own its pick eight lay.",
        "vuelo": 14
    }
},
{
    "model": "apaeropuerto.estadisticasvuelo",
    "pk": 8,
    "fields": {
        "numero_asientos_vendidos": -28860,
        "numero_cancelaciones": -15175,
        "feedback_pasajeros": "Anyone back necessary tree read. Whether less grow yourself television read specific.\nPerson worker skill central. Finally report value to always. Structure until main attorney service guy ok.",
        "vuelo": 4
    }
},
{
    "model": "apaeropuerto.estadisticasvuelo",
    "pk": 9,
    "fields": {
        "numero_asientos_vendidos": -26342,
        "numero_cancelaciones": -19047,
        "feedback_pasajeros": "Once body case why direction.\nAccept worry never as. Nice environment measure shoulder.\nCandidate argue already necessary. Several activity everything idea discover result.",
        "vuelo": 8
    }
},
{
    "model": "apaeropuerto.estadisticasvuelo",
    "pk": 10,
    "fields": {
        "numero_asientos_vendidos": -23397,
        "numero_cancelaciones": 1663,
        "feedback_pasajeros": "Notice mind low realize himself. Break account actually professional remember small example. Black effect figure expect.",
        "vuelo": 7
    }
},
{
    "model": "apaeropuerto.estadisticasvuelo",
    "pk": 11,
    "fields": {
        "numero_asientos_vendidos": 32081,
        "numero_cancelaciones": -27260,
        "feedback_pasajeros": "Garden hand around sometimes. Safe lay outside easy add long eight. Best since step attention house land. Between deal hear former.",
        "vuelo": 15
    }
},
{
    "model": "apaeropuerto.estadisticasvuelo",
    "pk": 12,
    "fields": {
        "numero_asientos_vendidos": -3432,
        "numero_cancelaciones": 17601,
        "feedback_pasajeros": "Finally from administration news.\nCharacter from during those spring real however.\nCover recognize pressure language firm mean newspaper. Out south national than beyond newspaper deep.",
        "vuelo": 17
    }
},
{
    "model": "apaeropuerto.estadisticasvuelo",
    "pk": 13,
    "fields": {
        "numero_asientos_vendidos": 15105,
        "numero_cancelaciones": 29228,
        "feedback_pasajeros": "Capital song start close minute. Soldier Democrat create nor land. Exactly within check of western little suddenly.",
        "vuelo": 1
    }
},
{
    "model": "apaeropuerto.estadisticasvuelo",
    "pk": 14,
    "fields": {
        "numero_asientos_vendidos": -25266,
        "numero_cancelaciones": -13203,
        "feedback_pasajeros": "Heart including claim education. Find science treat man hear. I realize fear well buy.\nMiss who we treatment camera front news. Maintain none exist resource.",
        "vuelo": 16
    }
},
{
    "model": "apaeropuerto.estadisticasvuelo",
    "pk": 15,
    "fields": {
        "numero_asientos_vendidos": 8673,
        "numero_cancelaciones": 14260,
        "feedback_pasajeros": "Exist order piece. How position floor will shake evidence read. Similar red piece be safe present agency.\nBehavior none rock let positive economy. Political risk team scene get than idea.",
        "vuelo": 18
    }
},
{
    "model": "apaeropuerto.estadisticasvuelo",
    "pk": 16,
    "fields": {
        "numero_asientos_vendidos": 17990,
        "numero_cancelaciones": -16862,
        "feedback_pasajeros": "Item music save budget process medical center. Different perform pick political draw seek put.\nOn often summer mind hundred camera. Finish important into continue.",
        "vuelo": 10
    }
},
{
    "model": "apaeropuerto.estadisticasvuelo",
    "pk": 17,
    "fields": {
        "numero_asientos_vendidos": -508,
        "numero_cancelaciones": 9070,
        "feedback_pasajeros": "Man action action. Hold debate partner. Argue way against father front people institution.\nSite firm their themselves own know. Technology most his age later executive.",
        "vuelo": 19
    }
},
{
    "model": "apaeropuerto.estadisticasvuelo",
    "pk": 18,
    "fields": {
        "numero_asientos_vendidos": -20726,
        "numero_cancelaciones": -32569,
        "feedback_pasajeros": "Cup population serve themselves view contain stuff. Option seem far continue cell little director. Plant also probably until paper travel.\nCenter red matter training money body. Dinner teach book.",
        "vuelo": 20
    }
},
{
    "model": "apaeropuerto.estadisticasvuelo",
    "pk": 19,
    "fields": {
        "numero_asientos_vendidos": -16537,
        "numero_cancelaciones": 6714,
        "feedback_pasajeros": "Machine key computer set.\nTell great else. Ok section left piece. Parent arm member.\nStudent community food health fear. Tell field both. Training movement room.",
        "vuelo": 5
    }
},
{
    "model": "apaeropuerto.estadisticasvuelo",
    "pk": 20,
    "fields": {
        "numero_asientos_vendidos": -10836,
        "numero_cancelaciones": -4928,
        "feedback_pasajeros": "All citizen reflect over about both. Cup figure today hundred main.\nAct pretty choice full white. Boy wife two tax.\nSoon may happen usually. Quickly assume hospital yeah mention program represent.",
        "vuelo": 3
    }
},
{
    "model": "apaeropuerto.pasajero",
    "pk": 1,
    "fields": {
        "nombre": "Keep analysis cold.",
        "apellido": "Heavy personal true.",
        "email": "donna98@example.org",
        "telefono": -14016,
        "fecha_nacimiento": "1979-11-10",
        "vuelo": [
            3,
            5,
            7
        ]
    }
},
{
    "model": "apaeropuerto.pasajero",
    "pk": 2,
    "fields": {
        "nombre": "War doctor may.",
        "apellido": "Physical song none.",
        "email": "andreabutler@example.org",
        "telefono": 8483,
        "fecha_nacimiento": "1971-05-05",
        "vuelo": [
            11
        ]
    }
},
{
    "model": "apaeropuerto.pasajero",
    "pk": 3,
    "fields": {
        "nombre": "Choice material.",
        "apellido": "Explain machine.",
        "email": "james89@example.org",
        "telefono": 16203,
        "fecha_nacimiento": "2023-02-21",
        "vuelo": [
            2,
            4,
            8,
            10,
            13
        ]
    }
},
{
    "model": "apaeropuerto.pasajero",
    "pk": 4,
    "fields": {
        "nombre": "Their energy.",
        "apellido": "Bar food goal up.",
        "email": "xwalker@example.org",
        "telefono": 30758,
        "fecha_nacimiento": "1998-10-26",
        "vuelo": [
            12,
            18,
            19
        ]
    }
},
{
    "model": "apaeropuerto.pasajero",
    "pk": 5,
    "fields": {
        "nombre": "Remember him exist.",
        "apellido": "Leader prepare.",
        "email": "natalie39@example.com",
        "telefono": 807,
        "fecha_nacimiento": "1978-09-10",
        "vuelo": [
            8
        ]
    }
},
{
    "model": "apaeropuerto.pasajero",
    "pk": 6,
    "fields": {
        "nombre": "Say group agent.",
        "apellido": "Condition have.",
        "email": "samuelwood@example.net",
        "telefono": -18641,
        "fecha_nacimiento": "2022-10-04",
        "vuelo": [
            4,
            7,
            12,
            17
        ]
    }
},
{
    "model": "apaeropuerto.pasajero",
    "pk": 7,
    "fields": {
        "nombre": "Wife animal light.",
        "apellido": "Leg simple thing.",
        "email": "wilsonlisa@example.com",
        "telefono": -27347,
        "fecha_nacimiento": "1991-07-17",
        "vuelo": [
            7
        ]
    }
},
{
    "model": "apaeropuerto.pasajero",
    "pk": 8,
    "fields": {
        "nombre": "Watch defense.",
        "apellido": "Throughout bit.",
        "email": "glenndaniel@example.com",
        "telefono": -3805,
        "fecha_nacimiento": "1987-08-07",
        "vuelo": [
            7
        ]
    }
},
{
    "model": "apaeropuerto.pasajero",
    "pk": 9,
    "fields": {
        "nombre": "Event air raise.",
        "apellido": "Site heart student.",
        "email": "leenicole@example.net",
        "telefono": -32605,
        "fecha_nacimiento": "2016-02-19",
        "vuelo": [
            2,
            4,
            10,
            11,
            14
        ]
    }
},
{
    "model": "apaeropuerto.pasajero",
    "pk": 10,
    "fields": {
        "nombre": "Maybe adult break.",
        "apellido": "East analysis final.",
        "email": "simmonsjoel@example.com",
        "telefono": -20511,
        "fecha_nacimiento": "1975-12-19",
        "vuelo": [
            2,
            5,
            7,
            15,
            16
        ]
    }
},
{
    "model": "apaeropuerto.pasajero",
    "pk": 11,
    "fields": {
        "nombre": "Far officer add.",
        "apellido": "People point old.",
        "email": "william94@example.org",
        "telefono": 24137,
        "fecha_nacimiento": "2004-07-10",
        "vuelo": [
            19
        ]
    }
},
{
    "model": "apaeropuerto.pasajero",
    "pk": 12,
    "fields": {
        "nombre": "Wonder however.",
        "apellido": "Couple once network.",
        "email": "ereid@example.org",
        "telefono": 9717,
        "fecha_nacimiento": "2012-01-28",
        "vuelo": [
            5
        ]
    }
},
{
    "model": "apaeropuerto.pasajero",
    "pk": 13,
    "fields": {
        "nombre": "Check tend data.",
        "apellido": "Eye prove notice.",
        "email": "dwinters@example.net",
        "telefono": -31260,
        "fecha_nacimiento": "2007-08-11",
        "vuelo": [
            14
        ]
    }
},
{
    "model": "apaeropuerto.pasajero",
    "pk": 14,
    "fields": {
        "nombre": "Move sister value.",
        "apellido": "Scientist their.",
        "email": "christina44@example.net",
        "telefono": -19876,
        "fecha_nacimiento": "1983-07-17",
        "vuelo": [
            4,
            5,
            9
        ]
    }
},
{
    "model": "apaeropuerto.pasajero",
    "pk": 15,
    "fields": {
        "nombre": "Leg environmental.",
        "apellido": "Management adult.",
        "email": "kgreen@example.com",
        "telefono": 30592,
        "fecha_nacimiento": "2020-02-16",
        "vuelo": [
            1,
            20
        ]
    }
},
{
    "model": "apaeropuerto.pasajero",
    "pk": 16,
    "fields": {
        "nombre": "Wear article.",
        "apellido": "Too garden station.",
        "email": "oramsey@example.net",
        "telefono": 10258,
        "fecha_nacimiento": "2018-04-18",
        "vuelo": [
            4,
            15,
            20
        ]
    }
},
{
    "model": "apaeropuerto.pasajero",
    "pk": 17,
    "fields": {
        "nombre": "Factor day over.",
        "apellido": "Something us fear.",
        "email": "rebeccaporter@example.org",
        "telefono": 3478,
        "fecha_nacimiento": "1994-08-10",
        "vuelo": [
            13
        ]
    }
},
{
    "model": "apaeropuerto.pasajero",
    "pk": 18,
    "fields": {
        "nombre": "Night late movement.",
        "apellido": "Born anyone back.",
        "email": "lukecardenas@example.org",
        "telefono": 28064,
        "fecha_nacimiento": "2020-07-06",
        "vuelo": [
            8,
            19,
            20
        ]
    }
},
{
    "model": "apaeropuerto.pasajero",
    "pk": 19,
    "fields": {
        "nombre": "Senior growth.",
        "apellido": "Win role maintain.",
        "email": "nathan96@example.com",
        "telefono": -1587,
        "fecha_nacimiento": "2011-10-22",
        "vuelo": [
            2,
            7,
            11,
            17,
            18
        ]
    }
},
{
    "model": "apaeropuerto.pasajero",
    "pk": 20,
    "fields": {
        "nombre": "Continue enough.",
        "apellido": "Cup worry mother.",
        "email": "morancandice@example.com",
        "telefono": 11141,
        "fecha_nacimiento": "2020-11-21",
        "vuelo": [
            1,
            12
        ]
    }
},
{
    "model": "apaeropuerto.perfilpasajero",
    "pk": 1,
    "fields": {
        "direccion": "In of scientist former eat single leg.\nTalk look project. Research price main the memory must. Specific two production.",
        "documento_identidad": "Treat.",
        "nacionalidad": "Ago father real light certain from including.",
        "pasajero": 13
    }
},
{
    "model": "apaeropuerto.perfilpasajero",
    "pk": 2,
    "fields": {
        "direccion": "Scene able require open can image compare. Their writer hair political fear peace.\nWell a nature better term. Attorney entire deep sport fire.\nDespite research difference believe. Could pull current talk factor.",
        "documento_identidad": "Model.",
        "nacionalidad": "Responsibility health remain enough score add.",
        "pasajero": 19
    }
},
{
    "model": "apaeropuerto.perfilpasajero",
    "pk": 3,
    "fields": {
        "direccion": "Appear particularly safe total machine whatever war. Above force site likely.\nLocal statement thing Congress energy. Treat decade until condition here over senior important. Behind I charge skill seem impact. Early office behavior threat office.",
        "documento_identidad": "Look.",
        "nacionalidad": "Positive member north magazine.",
        "pasajero": 20
    }
},
{
    "model": "apaeropuerto.perfilpasajero",
    "pk": 4,
    "fields": {
        "direccion": "Certainly bed sister act blue have those. House authority at pull bed son everything commercial. Appear say nation perform.\nCamera memory fund boy part point. Bad discover enter authority. Town night huge day study see would.",
        "documento_identidad": "Despite.",
        "nacionalidad": "A glass common.",
        "pasajero": 2
    }
},
{
    "model": "apaeropuerto.perfilpasajero",
    "pk": 5,
    "fields": {
        "direccion": "Particularly hospital set central really great finally. To history class feeling wait second view pay.\nTime condition range either certain project voice. Painting order even edge on practice major. Action which either history even stop.",
        "documento_identidad": "Maintain.",
        "nacionalidad": "Check forward certainly deep.",
        "pasajero": 6
    }
},
{
    "model": "apaeropuerto.perfilpasajero",
    "pk": 6,
    "fields": {
        "direccion": "Prepare keep determine seat statement. Reflect military product close.\nMinute hold spend group fish throughout. Then pick seek same analysis.\nLand well national body age study sound. Amount same collection wait candidate.",
        "documento_identidad": "Gas.",
        "nacionalidad": "People late resource no everybody.",
        "pasajero": 18
    }
},
{
    "model": "apaeropuerto.perfilpasajero",
    "pk": 7,
    "fields": {
        "direccion": "Home worry indicate performance measure service. Set recognize operation staff several citizen himself.\nSituation high technology officer. Piece outside meeting fight newspaper pretty. Play pick three yes inside turn air.",
        "documento_identidad": "Training.",
        "nacionalidad": "Attention account approach dog send amount.",
        "pasajero": 16
    }
},
{
    "model": "apaeropuerto.perfilpasajero",
    "pk": 8,
    "fields": {
        "direccion": "He seven left unit down beautiful. Shoulder whole pressure option.\nFinish buy of rich or rock deep. His attorney subject draw. Task friend beat give save seek add.\nRecently statement environment around we part. Major day business listen.",
        "documento_identidad": "Federal.",
        "nacionalidad": "Individual people girl.",
        "pasajero": 15
    }
},
{
    "model": "apaeropuerto.perfilpasajero",
    "pk": 9,
    "fields": {
        "direccion": "Pretty brother walk machine fund season. Modern hour great off or water ability. Purpose stock share site such and. Mouth heart win hit.\nWorld plan life.",
        "documento_identidad": "Carry.",
        "nacionalidad": "Nice establish rock professional about color.",
        "pasajero": 12
    }
},
{
    "model": "apaeropuerto.perfilpasajero",
    "pk": 10,
    "fields": {
        "direccion": "Brother entire price. Wait though behind until production. Believe field her move care very. Million itself center cause.\nWhich reason a something threat. Later option rise nearly role human push. List news onto pass score whom quality. Land four whose.",
        "documento_identidad": "All.",
        "nacionalidad": "Part also behavior wall can boy use.",
        "pasajero": 14
    }
},
{
    "model": "apaeropuerto.perfilpasajero",
    "pk": 11,
    "fields": {
        "direccion": "Deal oil blood and answer. Those student science unit clearly speech. Whose idea at. Herself morning need those participant.\nFilm rule art pay. Keep why marriage book. Shoulder sure yet term history whom red.",
        "documento_identidad": "Billion.",
        "nacionalidad": "Others ready on become care finish unit.",
        "pasajero": 3
    }
},
{
    "model": "apaeropuerto.perfilpasajero",
    "pk": 12,
    "fields": {
        "direccion": "Event arm name say doctor actually statement. Bill commercial who wind. Take look however they away sometimes.\nMany wide economy technology general. Someone staff concern various apply. Score force positive sea expert.",
        "documento_identidad": "Skin.",
        "nacionalidad": "Affect own far seven rule development.",
        "pasajero": 17
    }
},
{
    "model": "apaeropuerto.perfilpasajero",
    "pk": 13,
    "fields": {
        "direccion": "Whose future animal military whole leader firm. Night arm door note first resource significant. Book wrong turn edge. Tough drive page degree because nice you.\nSimilar leader exist pressure. Offer artist civil wait together expert mind them.",
        "documento_identidad": "Million.",
        "nacionalidad": "Author side road line door alone grow.",
        "pasajero": 11
    }
},
{
    "model": "apaeropuerto.perfilpasajero",
    "pk": 14,
    "fields": {
        "direccion": "Store daughter test why pressure represent help. Manager everybody move particular moment recognize.\nMonth our occur sense news important wall. Manage former represent. Middle yeah stay model serious.\nProfessional he give rather catch choose buy.",
        "documento_identidad": "Option.",
        "nacionalidad": "Bag hope yeah include rise against traditional.",
        "pasajero": 4
    }
},
{
    "model": "apaeropuerto.perfilpasajero",
    "pk": 15,
    "fields": {
        "direccion": "Lose available likely dog probably.\nHand check suddenly traditional church five sense. Interesting traditional accept continue upon trip matter. Fire western feeling.\nBehind pattern meet ago. Including nature effect central decide.",
        "documento_identidad": "Drive.",
        "nacionalidad": "Move travel nothing itself before color street.",
        "pasajero": 9
    }
},
{
    "model": "apaeropuerto.perfilpasajero",
    "pk": 16,
    "fields": {
        "direccion": "Leg close who gun reveal fact next. Account arm color eat fill fish. Maybe would product.\nOne star pattern work person article. Keep court by job million. Option about trial. Me rather into age federal including.\nSave thus nor. Use here skill.",
        "documento_identidad": "Line.",
        "nacionalidad": "Take way north unit garden what.",
        "pasajero": 5
    }
},
{
    "model": "apaeropuerto.perfilpasajero",
    "pk": 17,
    "fields": {
        "direccion": "Chance suffer sing be. Yes page shake tree popular relate perform save.\nGroup local decision near. Late boy great official drop.\nFree poor activity. Baby field writer student entire.",
        "documento_identidad": "Action.",
        "nacionalidad": "Several Mr Mr government garden low through.",
        "pasajero": 7
    }
},
{
    "model": "apaeropuerto.perfilpasajero",
    "pk": 18,
    "fields": {
        "direccion": "Father local produce standard anyone beat pressure point. Ability say decision over number idea. Dinner dark little believe moment.",
        "documento_identidad": "Name.",
        "nacionalidad": "Know young image ready assume year.",
        "pasajero": 10
    }
},
{
    "model": "apaeropuerto.perfilpasajero",
    "pk": 19,
    "fields": {
        "direccion": "Carry plan political. Present end national the good require generation. Group north national truth care democratic.\nWay those skill poor water hundred agency. Course practice skill open into trouble whose. Through note score name.",
        "documento_identidad": "Effort.",
        "nacionalidad": "Rich beat agency enjoy time economy sister.",
        "pasajero": 1
    }
},
{
    "model": "apaeropuerto.perfilpasajero",
    "pk": 20,
    "fields": {
        "direccion": "International represent others surface. South fast space occur factor.\nEverything then investment dog more. Per town even money. Point type impact we least before grow tough.\nFish what thank series. Be artist law occur it. Reason air appear.",
        "documento_identidad": "Deep.",
        "nacionalidad": "My certainly free popular near.",
        "pasajero": 8
    }
},
{
    "model": "apaeropuerto.equipaje",
    "pk": 1,
    "fields": {
        "peso": 0.2559356308452325,
        "dimensiones": "Member suffer political although single safe.",
        "tipo_material": "Share I majority could.",
        "color": "Loss move every here interview. Event add make.",
        "pasajero": 16
    }
},
{
    "model": "apaeropuerto.equipaje",
    "pk": 2,
    "fields": {
        "peso": 0.8190057368114425,
        "dimensiones": "Force center everyone tree face final.",
        "tipo_material": "Material rock color simple.",
        "color": "Officer never star us.",
        "pasajero": 8
    }
},
{
    "model": "apaeropuerto.equipaje",
    "pk": 3,
    "fields": {
        "peso": 0.15562852499606705,
        "dimensiones": "White name director.",
        "tipo_material": "Couple reason bring.",
        "color": "Foreign trial represent attorney available.",
        "pasajero": 16
    }
},
{
    "model": "apaeropuerto.equipaje",
    "pk": 4,
    "fields": {
        "peso": 0.9513867466381614,
        "dimensiones": "Cup food play scene. Head political reflect deep.",
        "tipo_material": "Miss eat relate world writer.",
        "color": "Network country machine letter wall boy.",
        "pasajero": 1
    }
},
{
    "model": "apaeropuerto.equipaje",
    "pk": 5,
    "fields": {
        "peso": 0.48820133725210624,
        "dimensiones": "Value quality myself nearly.",
        "tipo_material": "Know product grow small.",
        "color": "Outside seem now eye central situation top food.",
        "pasajero": 2
    }
},
{
    "model": "apaeropuerto.equipaje",
    "pk": 6,
    "fields": {
        "peso": 0.5414371005066443,
        "dimensiones": "Professional tax learn any audience.",
        "tipo_material": "Cell attention store board.",
        "color": "Mention discussion professional its along throw.",
        "pasajero": 16
    }
},
{
    "model": "apaeropuerto.equipaje",
    "pk": 7,
    "fields": {
        "peso": 0.8169958884101234,
        "dimensiones": "Within and red loss leader early focus.",
        "tipo_material": "Then bar loss agent board.",
        "color": "Expert stay executive rise free.",
        "pasajero": 15
    }
},
{
    "model": "apaeropuerto.equipaje",
    "pk": 8,
    "fields": {
        "peso": 0.35585115822079083,
        "dimensiones": "Approach suddenly my. A fear degree cup.",
        "tipo_material": "Occur fire wonder check.",
        "color": "Perhaps unit speech ground third candidate.",
        "pasajero": 13
    }
},
{
    "model": "apaeropuerto.equipaje",
    "pk": 9,
    "fields": {
        "peso": 0.1934782534958539,
        "dimensiones": "Its consumer place sell company western song.",
        "tipo_material": "Fear final after enter see.",
        "color": "Sea partner receive consumer.",
        "pasajero": 5
    }
},
{
    "model": "apaeropuerto.equipaje",
    "pk": 10,
    "fields": {
        "peso": 0.058984187570665925,
        "dimensiones": "Certain idea perhaps serious.",
        "tipo_material": "Cup it structure far give.",
        "color": "Cold simply second raise.",
        "pasajero": 7
    }
},
{
    "model": "apaeropuerto.equipaje",
    "pk": 11,
    "fields": {
        "peso": 0.856877404812322,
        "dimensiones": "Son American watch ask.",
        "tipo_material": "Behind action north.",
        "color": "Indeed forward city nature.",
        "pasajero": 1
    }
},
{
    "model": "apaeropuerto.equipaje",
    "pk": 12,
    "fields": {
        "peso": 0.5720415317597277,
        "dimensiones": "Seek for prevent close.",
        "tipo_material": "Treatment occur key value.",
        "color": "Every range prove group.",
        "pasajero": 17
    }
},
{
    "model": "apaeropuerto.equipaje",
    "pk": 13,
    "fields": {
        "peso": 0.5949576976250651,
        "dimensiones": "Future economy feel. Drug method evidence.",
        "tipo_material": "Firm company keep.",
        "color": "Teacher inside billion event test help occur.",
        "pasajero": 10
    }
},
{
    "model": "apaeropuerto.equipaje",
    "pk": 14,
    "fields": {
        "peso": 0.15376862860489615,
        "dimensiones": "Stand level term.",
        "tipo_material": "Effect generation bed choice.",
        "color": "Article tonight the ground thought east physical.",
        "pasajero": 15
    }
},
{
    "model": "apaeropuerto.equipaje",
    "pk": 15,
    "fields": {
        "peso": 0.5450644723903456,
        "dimensiones": "Before sell summer imagine economic.",
        "tipo_material": "Conference music front drop.",
        "color": "Someone whose answer develop whose form.",
        "pasajero": 7
    }
},
{
    "model": "apaeropuerto.equipaje",
    "pk": 16,
    "fields": {
        "peso": 0.4609506879684344,
        "dimensiones": "Media yard concern increase technology.",
        "tipo_material": "Others return peace.",
        "color": "Wind three science.",
        "pasajero": 19
    }
},
{
    "model": "apaeropuerto.equipaje",
    "pk": 17,
    "fields": {
        "peso": 0.9903010474962678,
        "dimensiones": "Note old unit raise study truth.",
        "tipo_material": "Small gun home special rock.",
        "color": "Opportunity be ball senior. Record quality card.",
        "pasajero": 4
    }
},
{
    "model": "apaeropuerto.equipaje",
    "pk": 18,
    "fields": {
        "peso": 0.8319187231455407,
        "dimensiones": "Face hand range since truth wonder both.",
        "tipo_material": "Pass lay left second.",
        "color": "Option court most line if.",
        "pasajero": 12
    }
},
{
    "model": "apaeropuerto.equipaje",
    "pk": 19,
    "fields": {
        "peso": 0.3166069602224779,
        "dimensiones": "Situation question field trip tax fill.",
        "tipo_material": "Week next suffer remain.",
        "color": "Meet either table fall.",
        "pasajero": 3
    }
},
{
    "model": "apaeropuerto.equipaje",
    "pk": 20,
    "fields": {
        "peso": 0.49066856342141085,
        "dimensiones": "Top give single defense attack understand hear.",
        "tipo_material": "Glass by play heavy.",
        "color": "Each candidate current like.",
        "pasajero": 17
    }
},
{
    "model": "apaeropuerto.vueloaerolinea",
    "pk": 1,
    "fields": {
        "fecha_operacion": null,
        "estado": "",
        "clase": "E",
        "incidencias": "",
        "vuelo": 1,
        "aerolinea": 3
    }
},
{
    "model": "apaeropuerto.vueloaerolinea",
    "pk": 2,
    "fields": {
        "fecha_operacion": null,
        "estado": "",
        "clase": "E",
        "incidencias": "",
        "vuelo": 1,
        "aerolinea": 19
    }
},
{
    "model": "apaeropuerto.vueloaerolinea",
    "pk": 3,
    "fields": {
        "fecha_operacion": null,
        "estado": "",
        "clase": "E",
        "incidencias": "",
        "vuelo": 1,
        "aerolinea": 5
    }
},
{
    "model": "apaeropuerto.vueloaerolinea",
    "pk": 4,
    "fields": {
        "fecha_operacion": null,
        "estado": "",
        "clase": "E",
        "incidencias": "",
        "vuelo": 1,
        "aerolinea": 4
    }
},
{
    "model": "apaeropuerto.vueloaerolinea",
    "pk": 5,
    "fields": {
        "fecha_operacion": null,
        "estado": "",
        "clase": "E",
        "incidencias": "",
        "vuelo": 2,
        "aerolinea": 8
    }
},
{
    "model": "apaeropuerto.vueloaerolinea",
    "pk": 6,
    "fields": {
        "fecha_operacion": null,
        "estado": "",
        "clase": "E",
        "incidencias": "",
        "vuelo": 2,
        "aerolinea": 20
    }
},
{
    "model": "apaeropuerto.vueloaerolinea",
    "pk": 7,
    "fields": {
        "fecha_operacion": null,
        "estado": "",
        "clase": "E",
        "incidencias": "",
        "vuelo": 2,
        "aerolinea": 4
    }
},
{
    "model": "apaeropuerto.vueloaerolinea",
    "pk": 8,
    "fields": {
        "fecha_operacion": null,
        "estado": "",
        "clase": "E",
        "incidencias": "",
        "vuelo": 2,
        "aerolinea": 13
    }
},
{
    "model": "apaeropuerto.vueloaerolinea",
    "pk": 9,
    "fields": {
        "fecha_operacion": null,
        "estado": "",
        "clase": "E",
        "incidencias": "",
        "vuelo": 3,
        "aerolinea": 10
    }
},
{
    "model": "apaeropuerto.vueloaerolinea",
    "pk": 10,
    "fields": {
        "fecha_operacion": null,
        "estado": "",
        "clase": "E",
        "incidencias": "",
        "vuelo": 3,
        "aerolinea": 11
    }
},
{
    "model": "apaeropuerto.vueloaerolinea",
    "pk": 11,
    "fields": {
        "fecha_operacion": null,
        "estado": "",
        "clase": "E",
        "incidencias": "",
        "vuelo": 3,
        "aerolinea": 18
    }
},
{
    "model": "apaeropuerto.vueloaerolinea",
    "pk": 12,
    "fields": {
        "fecha_operacion": null,
        "estado": "",
        "clase": "E",
        "incidencias": "",
        "vuelo": 3,
        "aerolinea": 13
    }
},
{
    "model": "apaeropuerto.vueloaerolinea",
    "pk": 13,
    "fields": {
        "fecha_operacion": null,
        "estado": "",
        "clase": "E",
        "incidencias": "",
        "vuelo": 4,
        "aerolinea": 17
    }
},
{
    "model": "apaeropuerto.vueloaerolinea",
    "pk": 14,
    "fields": {
        "fecha_operacion": null,
        "estado": "",
        "clase": "E",
        "incidencias": "",
        "vuelo": 4,
        "aerolinea": 4
    }
},
{
    "model": "apaeropuerto.vueloaerolinea",
    "pk": 15,
    "fields": {
        "fecha_operacion": null,
        "estado": "",
        "clase": "E",
        "incidencias": "",
        "vuelo": 5,
        "aerolinea": 18
    }
},
{
    "model": "apaeropuerto.vueloaerolinea",
    "pk": 16,
    "fields": {
        "fecha_operacion": null,
        "estado": "",
        "clase": "E",
        "incidencias": "",
        "vuelo": 5,
        "aerolinea": 14
    }
},
{
    "model": "apaeropuerto.vueloaerolinea",
    "pk": 17,
    "fields": {
        "fecha_operacion": null,
        "estado": "",
        "clase": "E",
        "incidencias": "",
        "vuelo": 5,
        "aerolinea": 15
    }
},
{
    "model": "apaeropuerto.vueloaerolinea",
    "pk": 18,
    "fields": {
        "fecha_operacion": null,
        "estado": "",
        "clase": "E",
        "incidencias": "",
        "vuelo": 6,
        "aerolinea": 3
    }
},
{
    "model": "apaeropuerto.vueloaerolinea",
    "pk": 19,
    "fields": {
        "fecha_operacion": null,
        "estado": "",
        "clase": "E",
        "incidencias": "",
        "vuelo": 6,
        "aerolinea": 1
    }
},
{
    "model": "apaeropuerto.vueloaerolinea",
    "pk": 20,
    "fields": {
        "fecha_operacion": null,
        "estado": "",
        "clase": "E",
        "incidencias": "",
        "vuelo": 6,
        "aerolinea": 16
    }
},
{
    "model": "apaeropuerto.vueloaerolinea",
    "pk": 21,
    "fields": {
        "fecha_operacion": null,
        "estado": "",
        "clase": "E",
        "incidencias": "",
        "vuelo": 7,
        "aerolinea": 5
    }
},
{
    "model": "apaeropuerto.vueloaerolinea",
    "pk": 22,
    "fields": {
        "fecha_operacion": null,
        "estado": "",
        "clase": "E",
        "incidencias": "",
        "vuelo": 8,
        "aerolinea": 6
    }
},
{
    "model": "apaeropuerto.vueloaerolinea",
    "pk": 23,
    "fields": {
        "fecha_operacion": null,
        "estado": "",
        "clase": "E",
        "incidencias": "",
        "vuelo": 8,
        "aerolinea": 17
    }
},
{
    "model": "apaeropuerto.vueloaerolinea",
    "pk": 24,
    "fields": {
        "fecha_operacion": null,
        "estado": "",
        "clase": "E",
        "incidencias": "",
        "vuelo": 8,
        "aerolinea": 10
    }
},
{
    "model": "apaeropuerto.vueloaerolinea",
    "pk": 25,
    "fields": {
        "fecha_operacion": null,
        "estado": "",
        "clase": "E",
        "incidencias": "",
        "vuelo": 8,
        "aerolinea": 15
    }
},
{
    "model": "apaeropuerto.vueloaerolinea",
    "pk": 26,
    "fields": {
        "fecha_operacion": null,
        "estado": "",
        "clase": "E",
        "incidencias": "",
        "vuelo": 9,
        "aerolinea": 8
    }
},
{
    "model": "apaeropuerto.vueloaerolinea",
    "pk": 27,
    "fields": {
        "fecha_operacion": null,
        "estado": "",
        "clase": "E",
        "incidencias": "",
        "vuelo": 9,
        "aerolinea": 15
    }
},
{
    "model": "apaeropuerto.vueloaerolinea",
    "pk": 28,
    "fields": {
        "fecha_operacion": null,
        "estado": "",
        "clase": "E",
        "incidencias": "",
        "vuelo": 9,
        "aerolinea": 17
    }
},
{
    "model": "apaeropuerto.vueloaerolinea",
    "pk": 29,
    "fields": {
        "fecha_operacion": null,
        "estado": "",
        "clase": "E",
        "incidencias": "",
        "vuelo": 10,
        "aerolinea": 5
    }
},
{
    "model": "apaeropuerto.vueloaerolinea",
    "pk": 30,
    "fields": {
        "fecha_operacion": null,
        "estado": "",
        "clase": "E",
        "incidencias": "",
        "vuelo": 10,
        "aerolinea": 18
    }
},
{
    "model": "apaeropuerto.vueloaerolinea",
    "pk": 31,
    "fields": {
        "fecha_operacion": null,
        "estado": "",
        "clase": "E",
        "incidencias": "",
        "vuelo": 11,
        "aerolinea": 15
    }
},
{
    "model": "apaeropuerto.vueloaerolinea",
    "pk": 32,
    "fields": {
        "fecha_operacion": null,
        "estado": "",
        "clase": "E",
        "incidencias": "",
        "vuelo": 12,
        "aerolinea": 19
    }
},
{
    "model": "apaeropuerto.vueloaerolinea",
    "pk": 33,
    "fields": {
        "fecha_operacion": null,
        "estado": "",
        "clase": "E",
        "incidencias": "",
        "vuelo": 12,
        "aerolinea": 14
    }
},
{
    "model": "apaeropuerto.vueloaerolinea",
    "pk": 34,
    "fields": {
        "fecha_operacion": null,
        "estado": "",
        "clase": "E",
        "incidencias": "",
        "vuelo": 13,
        "aerolinea": 20
    }
},
{
    "model": "apaeropuerto.vueloaerolinea",
    "pk": 35,
    "fields": {
        "fecha_operacion": null,
        "estado": "",
        "clase": "E",
        "incidencias": "",
        "vuelo": 13,
        "aerolinea": 17
    }
},
{
    "model": "apaeropuerto.vueloaerolinea",
    "pk": 36,
    "fields": {
        "fecha_operacion": null,
        "estado": "",
        "clase": "E",
        "incidencias": "",
        "vuelo": 13,
        "aerolinea": 2
    }
},
{
    "model": "apaeropuerto.vueloaerolinea",
    "pk": 37,
    "fields": {
        "fecha_operacion": null,
        "estado": "",
        "clase": "E",
        "incidencias": "",
        "vuelo": 13,
        "aerolinea": 18
    }
},
{
    "model": "apaeropuerto.vueloaerolinea",
    "pk": 38,
    "fields": {
        "fecha_operacion": null,
        "estado": "",
        "clase": "E",
        "incidencias": "",
        "vuelo": 13,
        "aerolinea": 16
    }
},
{
    "model": "apaeropuerto.vueloaerolinea",
    "pk": 39,
    "fields": {
        "fecha_operacion": null,
        "estado": "",
        "clase": "E",
        "incidencias": "",
        "vuelo": 14,
        "aerolinea": 10
    }
},
{
    "model": "apaeropuerto.vueloaerolinea",
    "pk": 40,
    "fields": {
        "fecha_operacion": null,
        "estado": "",
        "clase": "E",
        "incidencias": "",
        "vuelo": 14,
        "aerolinea": 12
    }
},
{
    "model": "apaeropuerto.vueloaerolinea",
    "pk": 41,
    "fields": {
        "fecha_operacion": null,
        "estado": "",
        "clase": "E",
        "incidencias": "",
        "vuelo": 15,
        "aerolinea": 5
    }
},
{
    "model": "apaeropuerto.vueloaerolinea",
    "pk": 42,
    "fields": {
        "fecha_operacion": null,
        "estado": "",
        "clase": "E",
        "incidencias": "",
        "vuelo": 15,
        "aerolinea": 4
    }
},
{
    "model": "apaeropuerto.vueloaerolinea",
    "pk": 43,
    "fields": {
        "fecha_operacion": null,
        "estado": "",
        "clase": "E",
        "incidencias": "",
        "vuelo": 15,
        "aerolinea": 18
    }
},
{
    "model": "apaeropuerto.vueloaerolinea",
    "pk": 44,
    "fields": {
        "fecha_operacion": null,
        "estado": "",
        "clase": "E",
        "incidencias": "",
        "vuelo": 15,
        "aerolinea": 1
    }
},
{
    "model": "apaeropuerto.vueloaerolinea",
    "pk": 45,
    "fields": {
        "fecha_operacion": null,
        "estado": "",
        "clase": "E",
        "incidencias": "",
        "vuelo": 16,
        "aerolinea": 9
    }
},
{
    "model": "apaeropuerto.vueloaerolinea",
    "pk": 46,
    "fields": {
        "fecha_operacion": null,
        "estado": "",
        "clase": "E",
        "incidencias": "",
        "vuelo": 16,
        "aerolinea": 8
    }
},
{
    "model": "apaeropuerto.vueloaerolinea",
    "pk": 47,
    "fields": {
        "fecha_operacion": null,
        "estado": "",
        "clase": "E",
        "incidencias": "",
        "vuelo": 17,
        "aerolinea": 10
    }
},
{
    "model": "apaeropuerto.vueloaerolinea",
    "pk": 48,
    "fields": {
        "fecha_operacion": null,
        "estado": "",
        "clase": "E",
        "incidencias": "",
        "vuelo": 17,
        "aerolinea": 8
    }
},
{
    "model": "apaeropuerto.vueloaerolinea",
    "pk": 49,
    "fields": {
        "fecha_operacion": null,
        "estado": "",
        "clase": "E",
        "incidencias": "",
        "vuelo": 18,
        "aerolinea": 13
    }
},
{
    "model": "apaeropuerto.vueloaerolinea",
    "pk": 50,
    "fields": {
        "fecha_operacion": null,
        "estado": "",
        "clase": "E",
        "incidencias": "",
        "vuelo": 19,
        "aerolinea": 9
    }
},
{
    "model": "apaeropuerto.vueloaerolinea",
    "pk": 51,
    "fields": {
        "fecha_operacion": null,
        "estado": "",
        "clase": "E",
        "incidencias": "",
        "vuelo": 19,
        "aerolinea": 17
    }
},
{
    "model": "apaeropuerto.vueloaerolinea",
    "pk": 52,
    "fields": {
        "fecha_operacion": null,
        "estado": "",
        "clase": "E",
        "incidencias": "",
        "vuelo": 19,
        "aerolinea": 20
    }
},
{
    "model": "apaeropuerto.vueloaerolinea",
    "pk": 53,
    "fields": {
        "fecha_operacion": null,
        "estado": "",
        "clase": "E",
        "incidencias": "",
        "vuelo": 19,
        "aerolinea": 3
    }
},
{
    "model": "apaeropuerto.vueloaerolinea",
    "pk": 54,
    "fields": {
        "fecha_operacion": null,
        "estado": "",
        "clase": "E",
        "incidencias": "",
        "vuelo": 20,
        "aerolinea": 17
    }
},
{
    "model": "apaeropuerto.vueloaerolinea",
    "pk": 55,
    "fields": {
        "fecha_operacion": null,
        "estado": "",
        "clase": "E",
        "incidencias": "",
        "vuelo": 20,
        "aerolinea": 20
    }
},
{
    "model": "apaeropuerto.vueloaerolinea",
    "pk": 56,
    "fields": {
        "fecha_operacion": null,
        "estado": "",
        "clase": "E",
        "incidencias": "",
        "vuelo": 20,
        "aerolinea": 12
    }
},
{
    "model": "apaeropuerto.vueloaerolinea",
    "pk": 57,
    "fields": {
        "fecha_operacion": null,
        "estado": "",
        "clase": "E",
        "incidencias": "",
        "vuelo": 20,
        "aerolinea": 8
    }
},
{
    "model": "apaeropuerto.vueloaerolinea",
    "pk": 58,
    "fields": {
        "fecha_operacion": null,
        "estado": "",
        "clase": "E",
        "incidencias": "",
        "vuelo": 20,
        "aerolinea": 7
    }
},
{
    "model": "apaeropuerto.vueloaerolinea",
    "pk": 59,
    "fields": {
        "fecha_operacion": "1996-11-04T11:37:51.242",
        "estado": "Research thing small according. Share already sort from travel stock. Detail than sense red.\nSingle low peace phone. Spend line remain everyone local worker sport street.",
        "clase": "E",
        "incidencias": "Positive way week.\nPolicy who nation sister catch dream above. None enjoy son.",
        "vuelo": 16,
        "aerolinea": 15
    }
},
{
    "model": "apaeropuerto.vueloaerolinea",
    "pk": 60,
    "fields": {
        "fecha_operacion": "1997-04-30T20:59:24.775",
        "estado": "Magazine subject purpose cover writer prevent late. Would PM stop near hair but go.\nPretty single vote particularly also education. Local tough sure strong table Democrat page cause.",
        "clase": "E",
        "incidencias": "Structure current black cultural foot out. Memory necessary explain civil.",
        "vuelo": 14,
        "aerolinea": 9
    }
},
{
    "model": "apaeropuerto.vueloaerolinea",
    "pk": 61,
    "fields": {
        "fecha_operacion": "1995-04-16T13:32:07.921",
        "estado": "Everyone east too research. Way yeah effort suggest various professor then. Our common soon American only.",
        "clase": "E",
        "incidencias": "Can sound game fly new new. True water effect she.",
        "vuelo": 2,
        "aerolinea": 20
    }
},
{
    "model": "apaeropuerto.vueloaerolinea",
    "pk": 62,
    "fields": {
        "fecha_operacion": "2012-12-11T09:28:27.899",
        "estado": "Thousand game star suddenly. Boy describe answer ground day name. Pay score summer audience wonder Democrat computer leg.",
        "clase": "E",
        "incidencias": "Difficult economy he that article shake door. Decade age skin or.",
        "vuelo": 10,
        "aerolinea": 16
    }
},
{
    "model": "apaeropuerto.vueloaerolinea",
    "pk": 63,
    "fields": {
        "fecha_operacion": "1991-04-26T22:13:20.476",
        "estado": "Red owner card most make. Sport why pay generation front.\nFormer gun east relationship. Claim give exist trouble decision call get. Administration learn he study commercial instead.",
        "clase": "E",
        "incidencias": "Knowledge nor minute source country. Few project store raise.",
        "vuelo": 16,
        "aerolinea": 11
    }
},
{
    "model": "apaeropuerto.vueloaerolinea",
    "pk": 64,
    "fields": {
        "fecha_operacion": "2006-06-24T05:58:55.033",
        "estado": "After throughout fund radio democratic. Population indeed help check while staff. Hotel six manager dinner could view.\nThen present exist cup. Then suffer team.",
        "clase": "E",
        "incidencias": "My those which rate quickly significant. Yeah standard house election third want.",
        "vuelo": 18,
        "aerolinea": 1
    }
},
{
    "model": "apaeropuerto.vueloaerolinea",
    "pk": 65,
    "fields": {
        "fecha_operacion": "2011-07-24T23:52:05.574",
        "estado": "Pull table improve east. Every test per similar performance. Individual whatever ten hospital. Should theory minute several region article marriage.",
        "clase": "E",
        "incidencias": "Nearly worker tonight side. Rich relate form car continue country really.",
        "vuelo": 18,
        "aerolinea": 4
    }
},
{
    "model": "apaeropuerto.vueloaerolinea",
    "pk": 66,
    "fields": {
        "fecha_operacion": "1979-11-11T20:14:31.675",
        "estado": "Family poor easy listen and executive example officer. Run yes nation near. Energy president information soldier approach material five.",
        "clase": "E",
        "incidencias": "Power media arm nearly. Beautiful detail environment candidate admit several control.",
        "vuelo": 20,
        "aerolinea": 17
    }
},
{
    "model": "apaeropuerto.vueloaerolinea",
    "pk": 67,
    "fields": {
        "fecha_operacion": "2023-12-27T21:03:02.510",
        "estado": "Adult Democrat then population. Money carry shoulder finally interest purpose. Candidate mission my call price.",
        "clase": "E",
        "incidencias": "Man if through indicate little million.\nRole trip election. Hope figure operation feeling.",
        "vuelo": 14,
        "aerolinea": 13
    }
},
{
    "model": "apaeropuerto.vueloaerolinea",
    "pk": 68,
    "fields": {
        "fecha_operacion": "2015-04-01T17:44:01.716",
        "estado": "Early special entire land Democrat news. Goal go let culture might decision authority. Southern study drug kind chance local beyond.\nHuge whether half hot perform human sea prepare.",
        "clase": "E",
        "incidencias": "Spring face huge of bank fly. Question college policy think evening. Both economy development.",
        "vuelo": 19,
        "aerolinea": 7
    }
},
{
    "model": "apaeropuerto.vueloaerolinea",
    "pk": 69,
    "fields": {
        "fecha_operacion": "1989-10-18T13:41:24.298",
        "estado": "Reveal once first still involve include rise. Baby occur right data three.\nInteresting several raise space project show from. Response future opportunity author speak.",
        "clase": "E",
        "incidencias": "Truth one next degree. Actually until player social analysis evening.",
        "vuelo": 20,
        "aerolinea": 12
    }
},
{
    "model": "apaeropuerto.vueloaerolinea",
    "pk": 70,
    "fields": {
        "fecha_operacion": "1971-09-16T11:09:13.318",
        "estado": "Account yeah method kitchen tough store part try. Report know shake story very decide. Reveal some thought focus.\nPart popular ability rise doctor audience. Including already true.",
        "clase": "E",
        "incidencias": "Sister attorney place low card foot.",
        "vuelo": 18,
        "aerolinea": 7
    }
},
{
    "model": "apaeropuerto.vueloaerolinea",
    "pk": 71,
    "fields": {
        "fecha_operacion": "2020-12-05T21:33:42.349",
        "estado": "Finish rock too mention himself education. Also collection speech word reality. Camera oil even fact offer building agency tax.",
        "clase": "E",
        "incidencias": "Benefit five perform. Guess product difference plant oil since between.",
        "vuelo": 14,
        "aerolinea": 4
    }
},
{
    "model": "apaeropuerto.vueloaerolinea",
    "pk": 72,
    "fields": {
        "fecha_operacion": "1981-09-02T02:52:33.373",
        "estado": "Wall power especially offer evening name prevent. Let act strategy.\nOther option be benefit. Reality good brother travel idea too director.",
        "clase": "E",
        "incidencias": "Tonight number better painting.",
        "vuelo": 11,
        "aerolinea": 14
    }
},
{
    "model": "apaeropuerto.vueloaerolinea",
    "pk": 73,
    "fields": {
        "fecha_operacion": "1994-12-17T23:00:28.866",
        "estado": "Most laugh part admit field nation.\nHealth prove article feeling. White account finally. Allow itself join security.\nWife box likely. Hope wear order large matter name.",
        "clase": "E",
        "incidencias": "Daughter former break head begin late opportunity. Up school add job benefit ball.",
        "vuelo": 3,
        "aerolinea": 7
    }
},
{
    "model": "apaeropuerto.vueloaerolinea",
    "pk": 74,
    "fields": {
        "fecha_operacion": "2014-05-17T15:46:29.679",
        "estado": "Wait money world claim few laugh. Coach cell church magazine option along.",
        "clase": "E",
        "incidencias": "Compare contain industry the option network consider central. Meeting ready player bank learn.",
        "vuelo": 6,
        "aerolinea": 1
    }
},
{
    "model": "apaeropuerto.vueloaerolinea",
    "pk": 75,
    "fields": {
        "fecha_operacion": "1981-12-29T03:57:25.617",
        "estado": "Whom same radio pretty. If despite way game plan. Drive job five including unit future.\nFormer book sometimes. Friend woman throw. Before town big television eight partner billion nothing.",
        "clase": "E",
        "incidencias": "Anything loss fight camera court almost. Face city price speech its door.",
        "vuelo": 15,
        "aerolinea": 20
    }
},
{
    "model": "apaeropuerto.vueloaerolinea",
    "pk": 76,
    "fields": {
        "fecha_operacion": "1975-04-07T22:47:36.498",
        "estado": "Modern authority sea concern and.\nTheir leg grow and page. East then describe strategy fly fast. Administration learn itself letter entire away later.\nEasy civil sound foot. Fire hard at go.",
        "clase": "E",
        "incidencias": "Into memory enter establish. Recognize many garden prepare number enough Congress.",
        "vuelo": 8,
        "aerolinea": 7
    }
},
{
    "model": "apaeropuerto.vueloaerolinea",
    "pk": 77,
    "fields": {
        "fecha_operacion": "2015-11-09T02:11:09.095",
        "estado": "Whose thus investment very bad. Father expect his report serious third. Six whose operation local kitchen never.",
        "clase": "E",
        "incidencias": "Onto loss woman race cause system him could. Answer voice whether. Try senior institution.",
        "vuelo": 11,
        "aerolinea": 9
    }
},
{
    "model": "apaeropuerto.vueloaerolinea",
    "pk": 78,
    "fields": {
        "fecha_operacion": "1992-05-20T17:48:32.390",
        "estado": "Sure into move majority major name if phone. Lay soon suddenly behind. Bank at represent positive course. Still page drug forget when dinner establish.\nCultural economic degree dog image.",
        "clase": "E",
        "incidencias": "Firm later deal final my. Short blue establish peace.",
        "vuelo": 5,
        "aerolinea": 2
    }
},
{
    "model": "apaeropuerto.vueloaerolinea",
    "pk": 79,
    "fields": {
        "fecha_operacion": "2024-10-28T12:37:02",
        "estado": "de3cw",
        "clase": "E",
        "incidencias": "cedw3crfe",
        "vuelo": 17,
        "aerolinea": 14
    }
},
{
    "model": "apaeropuerto.reserva",
    "pk": 1,
    "fields": {
        "fecha_reserva": "2024-10-28T12:35:39.016",
        "codigo_descueto": "Group south hour certainly fill street. Common six word fill bring shoulder.",
        "metodo_pago": "tarjeta",
        "estado_de_pago": false,
        "pasajero": 13,
        "vuelo": 18
    }
},
{
    "model": "apaeropuerto.reserva",
    "pk": 2,
    "fields": {
        "fecha_reserva": "2024-10-28T12:35:39.016",
        "codigo_descueto": "Radio father certain kid say fall still cultural. Letter media study chance conference affect.",
        "metodo_pago": "tarjeta",
        "estado_de_pago": false,
        "pasajero": 7,
        "vuelo": 11
    }
},
{
    "model": "apaeropuerto.reserva",
    "pk": 3,
    "fields": {
        "fecha_reserva": "2024-10-28T12:35:39.016",
        "codigo_descueto": "School cover number yeah mouth history treatment. Agent argue idea hair save today song.",
        "metodo_pago": "tarjeta",
        "estado_de_pago": true,
        "pasajero": 6,
        "vuelo": 1
    }
},
{
    "model": "apaeropuerto.reserva",
    "pk": 4,
    "fields": {
        "fecha_reserva": "2024-10-28T12:35:39.016",
        "codigo_descueto": "Throw hair card two. Return speak show suffer.",
        "metodo_pago": "tarjeta",
        "estado_de_pago": true,
        "pasajero": 2,
        "vuelo": 18
    }
},
{
    "model": "apaeropuerto.reserva",
    "pk": 5,
    "fields": {
        "fecha_reserva": "2024-10-28T12:35:39.016",
        "codigo_descueto": "Trade side senior assume trade. Social develop Republican. Never easy effort idea realize.",
        "metodo_pago": "tarjeta",
        "estado_de_pago": true,
        "pasajero": 7,
        "vuelo": 11
    }
},
{
    "model": "apaeropuerto.reserva",
    "pk": 6,
    "fields": {
        "fecha_reserva": "2024-10-28T12:35:39.016",
        "codigo_descueto": "Level it positive seat above. Time book thus major performance. People structure put.",
        "metodo_pago": "tarjeta",
        "estado_de_pago": false,
        "pasajero": 6,
        "vuelo": 11
    }
},
{
    "model": "apaeropuerto.reserva",
    "pk": 7,
    "fields": {
        "fecha_reserva": "2024-10-28T12:35:39.016",
        "codigo_descueto": "Everyone reduce thing idea. Rise week future trial.",
        "metodo_pago": "tarjeta",
        "estado_de_pago": false,
        "pasajero": 17,
        "vuelo": 16
    }
},
{
    "model": "apaeropuerto.reserva",
    "pk": 8,
    "fields": {
        "fecha_reserva": "2024-10-28T12:35:39.016",
        "codigo_descueto": "Bit set lawyer during require economic arm. Center husband science wall prevent themselves idea.",
        "metodo_pago": "tarjeta",
        "estado_de_pago": false,
        "pasajero": 9,
        "vuelo": 18
    }
},
{
    "model": "apaeropuerto.reserva",
    "pk": 9,
    "fields": {
        "fecha_reserva": "2024-10-28T12:35:39.016",
        "codigo_descueto": "Student keep book figure hit. Technology together operation by.",
        "metodo_pago": "tarjeta",
        "estado_de_pago": true,
        "pasajero": 6,
        "vuelo": 14
    }
},
{
    "model": "apaeropuerto.reserva",
    "pk": 10,
    "fields": {
        "fecha_reserva": "2024-10-28T12:35:39.016",
        "codigo_descueto": "Try step able different image quickly. Effort condition ability maintain adult.",
        "metodo_pago": "tarjeta",
        "estado_de_pago": false,
        "pasajero": 13,
        "vuelo": 5
    }
},
{
    "model": "apaeropuerto.reserva",
    "pk": 11,
    "fields": {
        "fecha_reserva": "2024-10-28T12:35:39.016",
        "codigo_descueto": "That so audience team. With police public water peace road.",
        "metodo_pago": "tarjeta",
        "estado_de_pago": true,
        "pasajero": 3,
        "vuelo": 1
    }
},
{
    "model": "apaeropuerto.reserva",
    "pk": 12,
    "fields": {
        "fecha_reserva": "2024-10-28T12:35:39.016",
        "codigo_descueto": "Black name pull fact religious seem want. Table keep forward word.",
        "metodo_pago": "tarjeta",
        "estado_de_pago": false,
        "pasajero": 19,
        "vuelo": 19
    }
},
{
    "model": "apaeropuerto.reserva",
    "pk": 13,
    "fields": {
        "fecha_reserva": "2024-10-28T12:35:39.016",
        "codigo_descueto": "Up finally admit art effort. Nor hit recent of represent blood quality visit.",
        "metodo_pago": "tarjeta",
        "estado_de_pago": false,
        "pasajero": 20,
        "vuelo": 4
    }
},
{
    "model": "apaeropuerto.reserva",
    "pk": 14,
    "fields": {
        "fecha_reserva": "2024-10-28T12:35:39.016",
        "codigo_descueto": "Able nation way score debate budget yourself.\nWind reduce red concern number Republican.",
        "metodo_pago": "tarjeta",
        "estado_de_pago": true,
        "pasajero": 17,
        "vuelo": 12
    }
},
{
    "model": "apaeropuerto.reserva",
    "pk": 15,
    "fields": {
        "fecha_reserva": "2024-10-28T12:35:39.016",
        "codigo_descueto": "Large need mission community.",
        "metodo_pago": "tarjeta",
        "estado_de_pago": true,
        "pasajero": 7,
        "vuelo": 11
    }
},
{
    "model": "apaeropuerto.reserva",
    "pk": 16,
    "fields": {
        "fecha_reserva": "2024-10-28T12:35:39.016",
        "codigo_descueto": "Single behavior education seat local indicate. Series order little off government sometimes.",
        "metodo_pago": "tarjeta",
        "estado_de_pago": false,
        "pasajero": 15,
        "vuelo": 6
    }
},
{
    "model": "apaeropuerto.reserva",
    "pk": 17,
    "fields": {
        "fecha_reserva": "2024-10-28T12:35:39.016",
        "codigo_descueto": "Help region animal society see next. Must player scientist blue. Science standard walk mother.",
        "metodo_pago": "tarjeta",
        "estado_de_pago": false,
        "pasajero": 14,
        "vuelo": 5
    }
},
{
    "model": "apaeropuerto.reserva",
    "pk": 18,
    "fields": {
        "fecha_reserva": "2024-10-28T12:35:39.016",
        "codigo_descueto": "Expert range together. Hospital later interesting store.",
        "metodo_pago": "tarjeta",
        "estado_de_pago": true,
        "pasajero": 12,
        "vuelo": 13
    }
},
{
    "model": "apaeropuerto.reserva",
    "pk": 19,
    "fields": {
        "fecha_reserva": "2024-10-28T12:35:39.016",
        "codigo_descueto": "Chair clear quite. Thousand beyond office cost almost.",
        "metodo_pago": "tarjeta",
        "estado_de_pago": false,
        "pasajero": 8,
        "vuelo": 12
    }
},
{
    "model": "apaeropuerto.reserva",
    "pk": 20,
    "fields": {
        "fecha_reserva": "2024-10-28T12:35:39.016",
        "codigo_descueto": "Establish fast economy drug red. Attorney war open evening fine example.",
        "metodo_pago": "tarjeta",
        "estado_de_pago": false,
        "pasajero": 7,
        "vuelo": 8
    }
},
{
    "model": "apaeropuerto.reserva",
    "pk": 21,
    "fields": {
        "fecha_reserva": "2024-10-28T12:36:10",
        "codigo_descueto": "drewvfr",
        "metodo_pago": "tarjeta",
        "estado_de_pago": true,
        "pasajero": 20,
        "vuelo": 19
    }
},
{
    "model": "apaeropuerto.asiento",
    "pk": 1,
    "fields": {
        "clase": "E",
        "precio": "0.37",
        "posicion": "V",
        "sistema_entretenimiento": true,
        "vuelo": 10,
        "pasajero": 7
    }
},
{
    "model": "apaeropuerto.asiento",
    "pk": 2,
    "fields": {
        "clase": "E",
        "precio": "0.40",
        "posicion": "P",
        "sistema_entretenimiento": false,
        "vuelo": 18,
        "pasajero": 7
    }
},
{
    "model": "apaeropuerto.asiento",
    "pk": 3,
    "fields": {
        "clase": "E",
        "precio": "0.65",
        "posicion": "M",
        "sistema_entretenimiento": true,
        "vuelo": 19,
        "pasajero": 18
    }
},
{
    "model": "apaeropuerto.asiento",
    "pk": 4,
    "fields": {
        "clase": "E",
        "precio": "0.11",
        "posicion": "P",
        "sistema_entretenimiento": true,
        "vuelo": 20,
        "pasajero": 14
    }
},
{
    "model": "apaeropuerto.asiento",
    "pk": 5,
    "fields": {
        "clase": "E",
        "precio": "0.45",
        "posicion": "M",
        "sistema_entretenimiento": true,
        "vuelo": 20,
        "pasajero": 11
    }
},
{
    "model": "apaeropuerto.asiento",
    "pk": 6,
    "fields": {
        "clase": "E",
        "precio": "0.59",
        "posicion": "M",
        "sistema_entretenimiento": false,
        "vuelo": 13,
        "pasajero": 12
    }
},
{
    "model": "apaeropuerto.asiento",
    "pk": 7,
    "fields": {
        "clase": "E",
        "precio": "0.21",
        "posicion": "P",
        "sistema_entretenimiento": false,
        "vuelo": 20,
        "pasajero": 3
    }
},
{
    "model": "apaeropuerto.asiento",
    "pk": 8,
    "fields": {
        "clase": "E",
        "precio": "0.94",
        "posicion": "V",
        "sistema_entretenimiento": true,
        "vuelo": 20,
        "pasajero": 14
    }
},
{
    "model": "apaeropuerto.asiento",
    "pk": 9,
    "fields": {
        "clase": "E",
        "precio": "0.02",
        "posicion": "V",
        "sistema_entretenimiento": false,
        "vuelo": 19,
        "pasajero": 10
    }
},
{
    "model": "apaeropuerto.asiento",
    "pk": 10,
    "fields": {
        "clase": "E",
        "precio": "0.47",
        "posicion": "M",
        "sistema_entretenimiento": false,
        "vuelo": 14,
        "pasajero": 7
    }
},
{
    "model": "apaeropuerto.asiento",
    "pk": 11,
    "fields": {
        "clase": "E",
        "precio": "0.82",
        "posicion": "M",
        "sistema_entretenimiento": false,
        "vuelo": 7,
        "pasajero": 2
    }
},
{
    "model": "apaeropuerto.asiento",
    "pk": 12,
    "fields": {
        "clase": "E",
        "precio": "0.06",
        "posicion": "P",
        "sistema_entretenimiento": false,
        "vuelo": 2,
        "pasajero": 5
    }
},
{
    "model": "apaeropuerto.asiento",
    "pk": 13,
    "fields": {
        "clase": "E",
        "precio": "0.28",
        "posicion": "V",
        "sistema_entretenimiento": false,
        "vuelo": 13,
        "pasajero": 13
    }
},
{
    "model": "apaeropuerto.asiento",
    "pk": 14,
    "fields": {
        "clase": "E",
        "precio": "0.38",
        "posicion": "M",
        "sistema_entretenimiento": true,
        "vuelo": 11,
        "pasajero": 16
    }
},
{
    "model": "apaeropuerto.asiento",
    "pk": 15,
    "fields": {
        "clase": "E",
        "precio": "0.82",
        "posicion": "P",
        "sistema_entretenimiento": true,
        "vuelo": 2,
        "pasajero": 18
    }
},
{
    "model": "apaeropuerto.asiento",
    "pk": 16,
    "fields": {
        "clase": "E",
        "precio": "0.42",
        "posicion": "V",
        "sistema_entretenimiento": false,
        "vuelo": 7,
        "pasajero": 19
    }
},
{
    "model": "apaeropuerto.asiento",
    "pk": 17,
    "fields": {
        "clase": "E",
        "precio": "0.08",
        "posicion": "M",
        "sistema_entretenimiento": false,
        "vuelo": 11,
        "pasajero": 2
    }
},
{
    "model": "apaeropuerto.asiento",
    "pk": 18,
    "fields": {
        "clase": "E",
        "precio": "0.22",
        "posicion": "P",
        "sistema_entretenimiento": false,
        "vuelo": 5,
        "pasajero": 8
    }
},
{
    "model": "apaeropuerto.asiento",
    "pk": 19,
    "fields": {
        "clase": "E",
        "precio": "0.39",
        "posicion": "V",
        "sistema_entretenimiento": false,
        "vuelo": 14,
        "pasajero": 19
    }
},
{
    "model": "apaeropuerto.asiento",
    "pk": 20,
    "fields": {
        "clase": "E",
        "precio": "0.48",
        "posicion": "P",
        "sistema_entretenimiento": false,
        "vuelo": 9,
        "pasajero": 4
    }
},
{
    "model": "apaeropuerto.servicio",
    "pk": 1,
    "fields": {
        "tipo_servicio": "Drug sort nature major.",
        "costo": 0.482574227324839,
        "duracion_servicio": "02:29:29",
        "añadido": "Sell nice prevent tax. Themselves commercial American sound.",
        "aeropuerto": [
            2,
            3
        ]
    }
},
{
    "model": "apaeropuerto.servicio",
    "pk": 2,
    "fields": {
        "tipo_servicio": "Interest skin probably. Race road thus visit. Much ok south close suggest determine natural such.",
        "costo": 0.3183071352621504,
        "duracion_servicio": "21:43:08",
        "añadido": "Network with wide and. Hope reason attention present mother.",
        "aeropuerto": [
            2,
            3,
            13,
            20
        ]
    }
},
{
    "model": "apaeropuerto.servicio",
    "pk": 3,
    "fields": {
        "tipo_servicio": "Network close exist hundred television recognize. Able there since interest day morning.",
        "costo": 0.7264510620611107,
        "duracion_servicio": "07:15:38",
        "añadido": "Size young although wait agency. These body star south reduce south pull statement.",
        "aeropuerto": [
            3,
            7,
            10,
            13
        ]
    }
},
{
    "model": "apaeropuerto.servicio",
    "pk": 4,
    "fields": {
        "tipo_servicio": "Certainly main protect artist. Base agency after watch people whole.",
        "costo": 0.9606847620887773,
        "duracion_servicio": "01:44:39",
        "añadido": "Improve factor recently purpose reach item whose. Point company money age top. Coach worker back.",
        "aeropuerto": [
            20
        ]
    }
},
{
    "model": "apaeropuerto.servicio",
    "pk": 5,
    "fields": {
        "tipo_servicio": "Method indeed learn challenge yes. Join owner car magazine model determine record.",
        "costo": 0.4266983945686248,
        "duracion_servicio": "05:49:33",
        "añadido": "Me price scientist call group. Mean moment system discussion cup.",
        "aeropuerto": [
            2,
            4,
            9
        ]
    }
},
{
    "model": "apaeropuerto.servicio",
    "pk": 6,
    "fields": {
        "tipo_servicio": "Light stock system later specific structure. Loss second create federal who at someone such.",
        "costo": 0.12719458015897722,
        "duracion_servicio": "00:28:43",
        "añadido": "Station rule personal call. Glass media minute year that with social.",
        "aeropuerto": [
            4,
            11,
            12,
            13
        ]
    }
},
{
    "model": "apaeropuerto.servicio",
    "pk": 7,
    "fields": {
        "tipo_servicio": "Audience appear vote strategy can. Grow room surface reflect meet still fall.",
        "costo": 0.8475788335921488,
        "duracion_servicio": "12:49:45",
        "añadido": "Rise off bank future political year half. Factor far modern nice do book environmental remain.",
        "aeropuerto": [
            8,
            13,
            15
        ]
    }
},
{
    "model": "apaeropuerto.servicio",
    "pk": 8,
    "fields": {
        "tipo_servicio": "Onto there nor how. From ask total lot.",
        "costo": 0.46387481061233193,
        "duracion_servicio": "00:07:00",
        "añadido": "Personal cut contain quality fly word arm wife. Power never seven kind that different.",
        "aeropuerto": [
            1,
            7
        ]
    }
},
{
    "model": "apaeropuerto.servicio",
    "pk": 9,
    "fields": {
        "tipo_servicio": "Mouth red own few guy ahead east. Chance all contain yourself current.",
        "costo": 0.17819154710226226,
        "duracion_servicio": "10:14:55",
        "añadido": "Crime mean nothing keep north. Talk yet choose someone before drive.",
        "aeropuerto": [
            4,
            12,
            16,
            18
        ]
    }
},
{
    "model": "apaeropuerto.servicio",
    "pk": 10,
    "fields": {
        "tipo_servicio": "Picture baby poor those. Much data start wonder agree past let official.",
        "costo": 0.9395586932811015,
        "duracion_servicio": "08:08:57",
        "añadido": "Fall lay we brother young heavy scientist wind. Bad eight leg notice.",
        "aeropuerto": [
            3,
            5
        ]
    }
},
{
    "model": "apaeropuerto.servicio",
    "pk": 11,
    "fields": {
        "tipo_servicio": "Item quickly conference. Understand wall health list. Author back laugh.",
        "costo": 0.28858861597223207,
        "duracion_servicio": "20:53:56",
        "añadido": "Indeed moment career adult against. Say what get fast on current age short. Mr road feel.",
        "aeropuerto": [
            1,
            6,
            7,
            12,
            13
        ]
    }
},
{
    "model": "apaeropuerto.servicio",
    "pk": 12,
    "fields": {
        "tipo_servicio": "Key parent news education store factor. Age decide return true mean recognize.",
        "costo": 0.5963700898582879,
        "duracion_servicio": "09:36:17",
        "añadido": "Between own stand produce perform. Else determine growth represent air.",
        "aeropuerto": [
            3
        ]
    }
},
{
    "model": "apaeropuerto.servicio",
    "pk": 13,
    "fields": {
        "tipo_servicio": "Establish along budget this ready. Arrive wide left agent.",
        "costo": 0.816531095650908,
        "duracion_servicio": "20:38:20",
        "añadido": "Check line value financial put. Exactly pretty order can.",
        "aeropuerto": [
            1,
            8
        ]
    }
},
{
    "model": "apaeropuerto.servicio",
    "pk": 14,
    "fields": {
        "tipo_servicio": "Interview defense model visit several sister. Off church just debate our key act sense.",
        "costo": 0.6835452976157818,
        "duracion_servicio": "23:23:03",
        "añadido": "Allow of seem them. Type garden partner prove effort.",
        "aeropuerto": [
            2,
            10,
            13
        ]
    }
},
{
    "model": "apaeropuerto.servicio",
    "pk": 15,
    "fields": {
        "tipo_servicio": "Already benefit suffer because could. Pm including off experience occur.",
        "costo": 0.8494145700252038,
        "duracion_servicio": "01:28:15",
        "añadido": "Spend direction fill up American. Surface out work allow street last win.",
        "aeropuerto": [
            1,
            3,
            4,
            10,
            12
        ]
    }
},
{
    "model": "apaeropuerto.servicio",
    "pk": 16,
    "fields": {
        "tipo_servicio": "Bag set board those will action know. Building teacher involve step to college power.",
        "costo": 0.2118910004890685,
        "duracion_servicio": "01:29:31",
        "añadido": "Education structure candidate cup senior. Cold fact same. Cause training here card seem add.",
        "aeropuerto": [
            11
        ]
    }
},
{
    "model": "apaeropuerto.servicio",
    "pk": 17,
    "fields": {
        "tipo_servicio": "Federal drug avoid back. Attention note usually program part fire.",
        "costo": 0.3405306199491184,
        "duracion_servicio": "06:13:09",
        "añadido": "Yes smile lose. All cause affect color item.",
        "aeropuerto": [
            1
        ]
    }
},
{
    "model": "apaeropuerto.servicio",
    "pk": 18,
    "fields": {
        "tipo_servicio": "Standard visit arrive near side part those. Four decide establish million keep test.",
        "costo": 0.7168435203474609,
        "duracion_servicio": "14:37:28",
        "añadido": "Small special southern front. Through piece go today develop believe artist.",
        "aeropuerto": [
            10,
            15
        ]
    }
},
{
    "model": "apaeropuerto.servicio",
    "pk": 19,
    "fields": {
        "tipo_servicio": "Star among control wide.\nIf third yet discover certainly. Sing simple outside ball turn.",
        "costo": 0.027581351098339257,
        "duracion_servicio": "03:01:41",
        "añadido": "Much charge ball process. Oil area long.",
        "aeropuerto": [
            7,
            13
        ]
    }
},
{
    "model": "apaeropuerto.servicio",
    "pk": 20,
    "fields": {
        "tipo_servicio": "Without back light establish catch look choice. Tell poor form break.",
        "costo": 0.5226250426389834,
        "duracion_servicio": "03:52:46",
        "añadido": "Price across media cell two. Lot officer economic glass sound. Conference activity on today yard.",
        "aeropuerto": [
            3,
            5,
            10,
            11
        ]
    }
},
{
    "model": "apaeropuerto.servicio",
    "pk": 21,
    "fields": {
        "tipo_servicio": "ffr3",
        "costo": 55.0,
        "duracion_servicio": "12:36:34",
        "añadido": "drecf",
        "aeropuerto": [
            2,
            5,
            7
        ]
    }
},
{
    "model": "apaeropuerto.empleado",
    "pk": 1,
    "fields": {
        "nombre": "Professor common chance large week bank with. Common region city size eat red necessary.",
        "apellido": "Opportunity example policy act. Choose power staff human if assume economic.",
        "cargo": "EM",
        "fecha_contratacion": "1993-07-23",
        "servicio": 15
    }
},
{
    "model": "apaeropuerto.empleado",
    "pk": 2,
    "fields": {
        "nombre": "Head to hour religious government. Worry away plan personal Republican.",
        "apellido": "Among nor present quite everyone Republican. Item color least provide many nation necessary.",
        "cargo": "EM",
        "fecha_contratacion": "1987-05-21",
        "servicio": 11
    }
},
{
    "model": "apaeropuerto.empleado",
    "pk": 3,
    "fields": {
        "nombre": "Wish country wonder also describe half. Travel later per try many.",
        "apellido": "Energy form figure several. Particularly central rich message seven boy. Man enjoy blood agent.",
        "cargo": "EM",
        "fecha_contratacion": "1988-03-30",
        "servicio": 9
    }
},
{
    "model": "apaeropuerto.empleado",
    "pk": 4,
    "fields": {
        "nombre": "Door source bad change mind number raise. Water expect office reduce.",
        "apellido": "Scientist ground always career. Give positive budget keep team campaign well.",
        "cargo": "EM",
        "fecha_contratacion": "1989-12-23",
        "servicio": 1
    }
},
{
    "model": "apaeropuerto.empleado",
    "pk": 5,
    "fields": {
        "nombre": "Spring tonight international cause believe. View great little stop southern those.",
        "apellido": "Finally pressure century science. With music alone front including to.",
        "cargo": "EM",
        "fecha_contratacion": "1997-12-04",
        "servicio": 3
    }
},
{
    "model": "apaeropuerto.empleado",
    "pk": 6,
    "fields": {
        "nombre": "Popular someone interview add probably factor.",
        "apellido": "Short a building full everyone over.",
        "cargo": "EM",
        "fecha_contratacion": "2008-01-20",
        "servicio": 14
    }
},
{
    "model": "apaeropuerto.empleado",
    "pk": 7,
    "fields": {
        "nombre": "Who hold off movement simply answer. Effect which stop go if say stop keep.",
        "apellido": "Ok leader president fly that talk lead. Mr try part character set. Identify necessary director a.",
        "cargo": "EM",
        "fecha_contratacion": "2015-04-29",
        "servicio": 5
    }
},
{
    "model": "apaeropuerto.empleado",
    "pk": 8,
    "fields": {
        "nombre": "Benefit pretty head line. Activity senior authority young boy artist.",
        "apellido": "Travel continue laugh remain. Avoid travel challenge consider thing.",
        "cargo": "EM",
        "fecha_contratacion": "1997-01-05",
        "servicio": 15
    }
},
{
    "model": "apaeropuerto.empleado",
    "pk": 9,
    "fields": {
        "nombre": "She how that watch. Analysis fine recent himself. Know whose whole street.",
        "apellido": "Group feel contain so explain fall.",
        "cargo": "EM",
        "fecha_contratacion": "1971-04-12",
        "servicio": 11
    }
},
{
    "model": "apaeropuerto.empleado",
    "pk": 10,
    "fields": {
        "nombre": "Billion grow easy who whose skin provide. Through by be spring.",
        "apellido": "Foot see option nor event. Among agent new trade learn score.",
        "cargo": "EM",
        "fecha_contratacion": "1986-01-26",
        "servicio": 5
    }
},
{
    "model": "apaeropuerto.empleado",
    "pk": 11,
    "fields": {
        "nombre": "Attack instead note member. However day structure since sense career.",
        "apellido": "Above very street democratic usually various. Less speak clearly create program.",
        "cargo": "EM",
        "fecha_contratacion": "2017-09-10",
        "servicio": 3
    }
},
{
    "model": "apaeropuerto.empleado",
    "pk": 12,
    "fields": {
        "nombre": "Speech argue raise commercial coach born. List help machine affect pull role claim.",
        "apellido": "Miss every challenge relate part health. Cultural know entire a leader attorney return.",
        "cargo": "EM",
        "fecha_contratacion": "2015-02-23",
        "servicio": 15
    }
},
{
    "model": "apaeropuerto.empleado",
    "pk": 13,
    "fields": {
        "nombre": "West inside hear form institution policy treat. Loss gas serious rich.",
        "apellido": "Respond media seem economic leg. What air blue one. Money room later approach term federal.",
        "cargo": "EM",
        "fecha_contratacion": "1977-05-19",
        "servicio": 4
    }
},
{
    "model": "apaeropuerto.empleado",
    "pk": 14,
    "fields": {
        "nombre": "Avoid certainly Mr him. Provide relationship oil deep world.",
        "apellido": "Common study specific require skill tonight half green. Form assume growth cut house second.",
        "cargo": "EM",
        "fecha_contratacion": "2021-12-15",
        "servicio": 4
    }
},
{
    "model": "apaeropuerto.empleado",
    "pk": 15,
    "fields": {
        "nombre": "Stock product issue professor.",
        "apellido": "Car you gun unit talk lead me. According add event.",
        "cargo": "EM",
        "fecha_contratacion": "1986-04-07",
        "servicio": 13
    }
},
{
    "model": "apaeropuerto.empleado",
    "pk": 16,
    "fields": {
        "nombre": "No speak where new PM bar short. Gun decide race nature claim radio.",
        "apellido": "Alone maybe rest lose so hotel.",
        "cargo": "EM",
        "fecha_contratacion": "1991-01-11",
        "servicio": 1
    }
},
{
    "model": "apaeropuerto.empleado",
    "pk": 17,
    "fields": {
        "nombre": "Night because garden able. Wait difficult foot draw probably summer American.",
        "apellido": "Goal war represent bit score site.",
        "cargo": "EM",
        "fecha_contratacion": "1974-03-09",
        "servicio": 19
    }
},
{
    "model": "apaeropuerto.empleado",
    "pk": 18,
    "fields": {
        "nombre": "If ago throw institution land. People nearly decide direction choose line. Fall party involve.",
        "apellido": "Range continue stock it but. Hospital eight PM money degree road protect save.",
        "cargo": "EM",
        "fecha_contratacion": "1976-09-02",
        "servicio": 15
    }
},
{
    "model": "apaeropuerto.empleado",
    "pk": 19,
    "fields": {
        "nombre": "Low he citizen view discover financial. Heavy mind strategy physical get.",
        "apellido": "Site religious western must worker. Set away adult eye voice local morning scientist.",
        "cargo": "EM",
        "fecha_contratacion": "1987-03-17",
        "servicio": 7
    }
},
{
    "model": "apaeropuerto.empleado",
    "pk": 20,
    "fields": {
        "nombre": "Agreement throw table son news.",
        "apellido": "Write kid tonight.",
        "cargo": "EM",
        "fecha_contratacion": "1994-06-01",
        "servicio": 15
    }
}
]
